time_spent_on_video,time_spent_on_audio,time_spent_reading,time_spent_writing,time_spent_on_quizz,time_spent_on_flashcards,completed_exercices,completed_quizzes,completed_flashcards,text_quizzes_accuracy,visual_quizzes_accuracy,most_preferred_resource_type_audio,most_preferred_resource_type_practical,most_preferred_resource_type_text,most_preferred_resource_type_video
-0.2933154245624238,0.22235678551915092,1.6978055827472323,1.7895420423134987,0.2764748703066416,0.011096808043468987,-1.2423681956926715,-0.9725497647543032,0.8260698411210476,1.544763405548908,-0.3731451653422353,-0.5811993136097704,-0.5735012244843509,-0.5658020972047737,1.6980857297648633
-0.8543832512257716,0.15537835152106577,1.276376257469137,-0.3288553458293649,-0.47783054848359025,0.7189338444397699,0.7395433769601581,0.31149841532099354,0.619973161561553,1.8345346592582734,-1.2922842869756324,1.7205801462309047,-0.5735012244843509,-0.5658020972047737,-0.5888984180666025
-0.4513038064396898,-0.2664027747205237,-0.2697769361027483,-0.8087814465310691,-1.8671601896910253,-1.9483469291055062,0.4169066093189998,1.0118883317257008,0.5856237149683039,0.4695081760410232,-0.4200711437859327,1.7205801462309047,-0.5735012244843509,-0.5658020972047737,-0.5888984180666025
1.555385452436817,-0.5837485469204028,-0.21585177011947487,-0.14232712991737237,-1.0411635723858557,0.13779720999824244,-1.3806410961103108,1.2453516371939366,1.5130587729860296,2.1575364957276264,-0.9693890345860756,-0.5811993136097704,-0.5735012244843509,1.7674024273509945,-0.5888984180666025
-0.8005563875138609,-0.35139751469867125,2.483560275849986,1.2705094782311046,-0.45695966842987923,1.3664243769387954,0.32472467570724034,-0.2721598483495959,0.963467627494044,-0.878020540690974,0.9228442648596317,-0.5811993136097704,-0.5735012244843509,1.7674024273509945,-0.5888984180666025
-0.6831939772763435,-0.37544428373204214,0.5776503749159586,-0.4145968364996949,-1.8671601896910253,0.3469614798600778,-0.5510036936044751,1.0118883317257008,0.5169248217818058,0.6415876047442555,0.7118261998573446,-0.5811993136097704,-0.5735012244843509,1.7674024273509945,-0.5888984180666025
0.09214524184865525,1.1272939852980206,-0.22783694310655506,0.5963493445377317,0.35268207369305454,0.017269627385672004,0.7856343437660379,1.1286199844598188,-1.2692464010671476,1.0280891092353717,1.4329392110227923,-0.5811993136097704,1.743675440098885,-0.5658020972047737,-0.5888984180666025
1.2997476044948189,-0.20807984533260768,-1.8302463701959857,-0.09609095861540759,-0.08500411134109732,-0.5405386599633738,0.32472467570724034,-0.6223548065519495,-1.2005475078806493,-0.5066219131771503,0.31675220186777675,-0.5811993136097704,-0.5735012244843509,-0.5658020972047737,1.6980857297648633
-0.7211302003001705,1.7951603394631719,1.9223624644273167,-0.8095356843246038,-0.8339997456584862,0.7347524179005922,-0.36663982638095605,0.895156678991583,-1.063149721507653,-0.09321561354093327,0.3187187200724096,-0.5811993136097704,1.743675440098885,-0.5658020972047737,-0.5888984180666025
-0.21145546092545778,1.6309337098694945,0.5853476502405619,0.022459521950149712,-0.8433825439364774,-1.7709288453004175,-0.18227595915743702,0.19476676258687567,-0.17006411008317632,-0.3918343809780676,-1.9792488338651384,-0.5811993136097704,-0.5735012244843509,-0.5658020972047737,1.6980857297648633
1.316516901459285,-0.3564106660221865,0.6763870973916642,-0.8516644902660983,-0.6224659000078204,0.5099010222854123,0.4169066093189998,-1.322744722956657,1.0321665206805424,-0.8402263106882526,-1.2127941448030255,-0.5811993136097704,-0.5735012244843509,-0.5658020972047737,1.6980857297648633
-0.6520028279341704,-0.09972551214960097,-1.8302463701959857,0.25947245746683534,1.3310921329754934,-0.17806504101620535,0.6387026387745386,1.1286199844598188,-0.5135585760156673,-0.13495216407940833,-0.4089501378519629,-0.5811993136097704,-0.5735012244843509,-0.5658020972047737,1.6980857297648633
-0.6202888434552501,-0.11309661812821054,-1.3345288967887226,-1.1601707166739372,-0.5096104333578808,-0.9428060562432327,-0.965822394857393,-0.155428195615478,0.1734303558493147,1.1248047106575738,0.7862189029267229,1.7205801462309047,-0.5735012244843509,-0.5658020972047737,-0.5888984180666025
0.3266205942705599,-1.8073225020301866,0.341340762533577,-0.06315515298413543,1.233050485195312,0.915416509140067,-1.2884591624985513,1.1286199844598188,-1.097499168100902,1.0377351763979565,-1.367246178209023,-0.5811993136097704,-0.5735012244843509,1.7674024273509945,-0.5888984180666025
0.3811196467036146,-0.9508909113067742,-1.1319379461147225,-0.49277705364839847,-1.4837442068511355,0.3625816247549603,-0.8736404612456334,-0.38889150108371373,0.619973161561553,0.029667307601965436,1.6460300653108328,1.7205801462309047,-0.5735012244843509,-0.5658020972047737,-0.5888984180666025
0.5473016671010739,-0.6352011424686821,-0.28213895874930145,0.1911198816692145,0.004571123598792186,-0.7708263357097702,0.4629975761248796,-1.6729396811590105,0.2421292490358129,-1.2287723820790772,0.7133452760778423,-0.5811993136097704,1.743675440098885,-0.5658020972047737,-0.5888984180666025
-0.7117359416195848,-1.8073225020301866,-0.18880993412636238,0.5675020732024236,-1.8671601896910253,0.8106775155300945,-0.36663982638095605,-0.2721598483495959,-1.3035958476603968,1.5065749810915547,0.04645733295455844,1.7205801462309047,-0.5735012244843509,-0.5658020972047737,-0.5888984180666025
-1.0461649631186658,-0.21562322005973628,-0.09277887743055242,1.3466428039269616,-0.8697791939116921,0.1504268884603311,-0.8736404612456334,-0.38889150108371373,0.9978170740872931,-0.8859134380156537,-1.1858110552259113,-0.5811993136097704,-0.5735012244843509,-0.5658020972047737,1.6980857297648633
-0.5009092177727744,0.07644183872551241,-0.24903415074463411,0.20901325785629823,0.8739103733707816,-0.7101395446619639,0.2786337089013606,0.07803510985275779,0.7917203945277985,2.1575364957276264,1.7462001049603673,1.7205801462309047,-0.5735012244843509,-0.5658020972047737,-0.5888984180666025
0.10830080511075607,0.6595857111906588,-0.8685319496266696,-1.52813923162489,-0.4866700041372507,-0.3547365476419958,0.37081564251312005,0.19476676258687567,-1.2005475078806493,0.3156099887193491,0.7471192827103023,-0.5811993136097704,-0.5735012244843509,-0.5658020972047737,1.6980857297648633
-0.6431782170199302,-1.3040739960074132,-0.16172005503092188,-0.253920548020612,-0.4473133983291736,0.9742050545914686,0.09426984167784153,0.7784250262574651,1.1695643070535386,-0.7020956669562174,0.17445636051561875,1.7205801462309047,-0.5735012244843509,-0.5658020972047737,-0.5888984180666025
-0.7180658085821728,-0.13219484196768755,-0.5194551775882403,-0.4180444272420038,-0.03477002779458955,-0.8395007214338026,-0.36663982638095605,0.7784250262574651,1.1352148604602896,-1.06774235345505,-0.13557611335989805,-0.5811993136097704,-0.5735012244843509,1.7674024273509945,-0.5888984180666025
2.1990649189651252,0.4360893785137608,-0.28643042711882016,-0.6189823947758685,0.822376175893952,-0.48597684160119886,-0.4127307931868358,-1.206013070222539,0.9978170740872931,0.0999760668424941,0.45582896759551433,-0.5811993136097704,-0.5735012244843509,1.7674024273509945,-0.5888984180666025
0.7169175182957165,-1.8073225020301866,-0.5555621276535433,0.23348549561992732,0.21651016278124235,-0.7760784260923307,0.10018389130554128,-0.9725497647543032,1.1695643070535386,-1.3724819616569575,-0.8171573015562875,-0.5811993136097704,1.743675440098885,-0.5658020972047737,-0.5888984180666025
-0.24200978749594676,-0.5017240076204432,-0.7221108083874979,-1.0993060520625386,0.3132733093338808,-0.14953189467865227,-0.5753159171119072,-0.38889150108371373,1.1695643070535386,-0.1139492651189393,-0.6539125205987039,-0.5811993136097704,1.743675440098885,-0.5658020972047737,-0.5888984180666025
-0.4836779515191976,0.6412489621790739,1.3332748903336857,0.20627142783324537,-0.27115990978513693,0.5583955236936313,-1.0119133616632727,1.0118883317257008,0.6543226081548021,-1.2369305592137865,-1.1417662877633719,1.7205801462309047,-0.5735012244843509,-0.5658020972047737,-0.5888984180666025
0.4496474395332587,1.4512519687507728,0.914969826337316,-0.12422724794006403,0.7214914064052405,-0.1987164026436199,-0.36663982638095605,-0.6223548065519495,0.4482259285953075,1.124757106981923,0.7643342711410956,1.7205801462309047,-0.5735012244843509,-0.5658020972047737,-0.5888984180666025
-1.884537753786302,0.15446568931233443,-0.012733716377139529,-0.6988168425913731,0.574854568297689,0.33898874272359625,-0.965822394857393,0.42823006805511143,-0.9944508283211548,0.4053501346508967,1.7462001049603673,1.7205801462309047,-0.5735012244843509,-0.5658020972047737,-0.5888984180666025
0.19048823204012158,-0.17441858149141287,0.5199979831206785,-0.30052264812938956,0.36262509647145813,-1.245822916007769,-0.8736404612456334,1.0118883317257008,-0.10136521689667811,0.43969217550155093,-1.3581362881145913,-0.5811993136097704,-0.5735012244843509,1.7674024273509945,-0.5888984180666025
1.131480103087637,-1.6308994637929302,0.7815350249586644,0.5335451621128787,0.4853635466701297,-0.4348962158736819,-0.4127307931868358,-0.8558181120201853,0.1047314626628165,0.2399095515609246,-0.5815062821748027,-0.5811993136097704,-0.5735012244843509,1.7674024273509945,-0.5888984180666025
-1.3754270600685938,0.2882667084550218,-0.1987850406391361,0.44759846612063736,-0.2778878644237207,0.6571996735445277,0.7395433769601581,-1.4394763756907747,-0.5479080226089165,-1.7447769392660832,-0.6987479349143885,-0.5811993136097704,-0.5735012244843509,-0.5658020972047737,1.6980857297648633
1.0213557272707274,-0.034180815922330444,-0.6366485799892528,-0.09915445940859384,0.013135443467249024,0.2731393804280379,0.2940670977754753,-1.322744722956657,0.6886720547480513,-0.6240932558217587,1.1792035702680979,-0.5811993136097704,-0.5735012244843509,-0.5658020972047737,1.6980857297648633
1.219163928732934,-0.1813552877211622,-0.11719187200446757,-0.4537291617383439,-0.3858261936511499,0.9947716738415322,-0.22836692596331679,1.7122782481304082,-1.6470903135928878,-1.4825695606140419,0.2294235390586824,1.7205801462309047,-0.5735012244843509,-0.5658020972047737,-0.5888984180666025
-1.1911640507000294,0.06489590215870171,0.9979959335101182,0.8274650172959378,-0.03631272427050952,1.1630787953124841,-1.3806410961103108,0.895156678991583,0.03603256947631829,-0.06563945361800916,1.1958138932192444,-0.5811993136097704,-0.5735012244843509,-0.5658020972047737,1.6980857297648633
0.421166522191091,-0.031179428994074353,0.716894692561744,-0.4931067941401295,-1.0265340243023084,0.20392975551121217,-0.5510036936044751,-1.6729396811590105,-0.4792091294224183,0.7652950233264556,1.7462001049603673,-0.5811993136097704,-0.5735012244843509,1.7674024273509945,-0.5888984180666025
-0.20713723232610476,-0.5827581948990043,-0.7868078698843485,-1.5044088643178481,1.1252992877841161,-1.685988205811708,-0.5510036936044751,1.5955465953962904,-0.5822574692021656,-0.47213911351670595,-0.33882255316570487,-0.5811993136097704,-0.5735012244843509,-0.5658020972047737,1.6980857297648633
-0.05754127404169011,-0.09231034164561677,0.06679909298725746,-0.4912618941399896,0.5761354318982383,0.14083391985685145,-0.965822394857393,-0.6223548065519495,-1.131848614694151,1.6338511439036665,1.7462001049603673,-0.5811993136097704,-0.5735012244843509,1.7674024273509945,-0.5888984180666025
-1.1897568518651995,-0.9521078364537258,0.03761359586457588,-0.6917278128456947,-0.43717601832206826,0.4721075430024673,0.8778162773777974,-1.5562080284248927,-0.23876300326967453,2.045330942471967,-1.2655032224949183,1.7205801462309047,-0.5735012244843509,-0.5658020972047737,-0.5888984180666025
0.9370502580522578,-0.2290546339154504,1.8652057129701143,-0.3908565508125607,0.1388654585823241,0.7414781696181925,0.18645177528960105,-0.155428195615478,-0.6166069157954147,1.1356264858005964,-0.2075453026786583,-0.5811993136097704,-0.5735012244843509,1.7674024273509945,-0.5888984180666025
0.6409888318796105,-0.26499972599034766,-1.2231039077175958,0.9097124464434431,-1.714263103378135,-0.279747941720976,-1.334550129304431,1.4788149426621724,-1.6127408669996386,0.04039245854967361,0.4491557994313771,1.7205801462309047,-0.5735012244843509,-0.5658020972047737,-0.5888984180666025
-0.5727485238461981,-1.6847638616758822,0.24435337897571416,-1.7569105129029137,0.11996358782213258,-1.9483469291055062,-0.1361849923515573,-0.5056231538178316,1.2382632002400369,0.07802990684184696,1.0032425503825118,-0.5811993136097704,-0.5735012244843509,-0.5658020972047737,1.6980857297648633
0.913039426127461,-0.20848349538793737,0.5275146843945813,1.4685470821263984,0.3697204474941089,-0.502135576461002,-0.965822394857393,0.6616933735233472,-1.0288002749144038,0.11868435933390574,0.074569740788845,-0.5811993136097704,-0.5735012244843509,-0.5658020972047737,1.6980857297648633
-0.9527334480209856,0.6244917611567614,0.047831173395449456,-0.05019255349085913,0.9973864618047927,2.0040224223419854,-0.5970946604103549,0.19476676258687567,-1.5440419738131403,-0.4527840551309083,0.2574147527127214,-0.5811993136097704,-0.5735012244843509,1.7674024273509945,-0.5888984180666025
-1.2762126451721796,-0.9457239775094799,-0.9050671793756585,0.7948788980385626,3.0409882297552016,0.8630868985275819,2.0737131916351896,1.7122782481304082,-0.7883541487616602,-0.9554500174803954,-0.007028518178923716,-0.5811993136097704,-0.5735012244843509,1.7674024273509945,-0.5888984180666025
-0.6211969141859669,3.011710476887838,0.7261940575307262,-0.4890048505201422,0.6574939323767454,-1.2700865589257617,-1.0580043284691525,0.19476676258687567,-0.6166069157954147,-0.1673893525943927,0.23644554699207318,-0.5811993136097704,1.743675440098885,-0.5658020972047737,-0.5888984180666025
-0.4550443150352985,1.622843565919537,0.017763807768002366,-1.270521586716074,-0.011303711601690244,-0.7132161880611693,0.0020879080660820017,1.0118883317257008,0.3108281422223111,-0.13974350132241792,0.004088451158741713,-0.5811993136097704,1.743675440098885,-0.5658020972047737,-0.5888984180666025
1.734734159362594,0.13927952721781187,-0.13895462330559633,0.2048962875126434,-0.6491419072937316,-1.3926726160674812,-0.8736404612456334,0.5449617207892293,-0.8570530419481583,-1.1021739720445165,1.1286888706077927,-0.5811993136097704,-0.5735012244843509,-0.5658020972047737,1.6980857297648633
1.000333310466201,-0.25829212846924393,-0.2973287757875318,-0.6053109103040897,0.47927995767252485,1.1200463064109951,0.5551795097366391,-0.38889150108371373,0.0703820160695674,0.4791040277574208,0.6664433451183547,-0.5811993136097704,-0.5735012244843509,-0.5658020972047737,1.6980857297648633
1.0264086706071438,-0.39681385434969607,0.10696821532612666,-1.803314887260497,-0.7344547029820632,-1.6193781914620724,0.1403608084837213,-1.089281417488421,-1.715789206779386,-0.3267580906566361,-2.308947767104583,-0.5811993136097704,1.743675440098885,-0.5658020972047737,-0.5888984180666025
-0.49656800704945264,-0.9670946439580222,1.5780438948313875,-0.805955363141943,-0.7972725603125513,-0.4799634316499218,-0.2744578927691966,1.4788149426621724,-1.1661980612874003,0.8058984896412874,0.06747276062076456,-0.5811993136097704,-0.5735012244843509,-0.5658020972047737,1.6980857297648633
-0.3416348074221051,1.0729597709901226,-0.9176656706718614,0.6809733316759087,1.5920198726847379,-0.24270226063093633,2.546328682911015,-0.5056231538178316,1.5474082195792789,0.6688740678531384,0.7459357704674059,-0.5811993136097704,1.743675440098885,-0.5658020972047737,-0.5888984180666025
0.6388732451181659,2.9966191773874984,0.4934434286040733,0.3414519466171828,0.9339345586511316,1.0249107178743193,-0.45882175999271557,0.07803510985275779,0.6886720547480513,-0.0840287843330191,1.1341012566863706,1.7205801462309047,-0.5735012244843509,-0.5658020972047737,-0.5888984180666025
-0.8653047515644577,-0.1628757572000988,-0.4155713412028329,-0.9430810332548709,-0.7838274574231537,-0.06538382241891778,-0.5510036936044751,-1.4394763756907747,0.2421292490358129,0.4915814193706757,0.10910780089216923,1.7205801462309047,-0.5735012244843509,-0.5658020972047737,-0.5888984180666025
0.31768610905707284,-0.4054715995264679,0.5215655759732626,-0.015670764235165217,-1.0013998269019488,0.03049723018572046,0.4629975761248796,-0.155428195615478,1.6848060059522751,-1.1419967485376123,0.19195089847370148,-0.5811993136097704,-0.5735012244843509,1.7674024273509945,-0.5888984180666025
-0.6130761926772172,0.6997846784736952,-1.6180515794315555,-0.7344859131602038,-0.5828196825285965,0.917213592260443,-0.4127307931868358,1.3620832899280546,-0.03266632371017991,-1.2354139913804867,1.7462001049603673,-0.5811993136097704,-0.5735012244843509,1.7674024273509945,-0.5888984180666025
-0.2926596959488559,0.021847940554801718,-0.5717239242640431,0.0649660348597416,-0.7944971732074895,-1.326256406959048,-0.9197314280515132,-0.155428195615478,0.1047314626628165,-1.9864974282285917,-1.6881101934099123,-0.5811993136097704,-0.5735012244843509,1.7674024273509945,-0.5888984180666025
-1.2414114622132548,-0.25277476062788273,-1.1970568415884597,-0.7945288021348932,-1.0425842948095516,0.6649066706719915,0.05448595261481071,0.07803510985275779,-1.2005475078806493,-1.3297656430584068,-0.3244087484281424,-0.5811993136097704,-0.5735012244843509,-0.5658020972047737,1.6980857297648633
-0.5027399858026997,0.4610053470435806,-0.6539810408519275,-1.803314887260497,1.0842267758009758,-1.206920866862055,1.2311013424609711,-1.4394763756907747,0.6886720547480513,0.406208398376935,0.6282478256100581,-0.5811993136097704,1.743675440098885,-0.5658020972047737,-0.5888984180666025
0.6347756052881056,0.49468348261992723,-0.6860564116594736,0.027555970191984046,-1.38601780543044,-1.2517078678260403,0.04817887487196176,-0.2721598483495959,0.9978170740872931,0.5363984757450881,1.392525941126721,1.7205801462309047,-0.5735012244843509,-0.5658020972047737,-0.5888984180666025
0.9386947594673525,-1.2372739937673793,1.1698049341218875,1.1739685417627685,-0.18217318307733454,1.4987116843387116,-1.334550129304431,-0.2721598483495959,-0.8914024885414075,0.689180573163794,-0.16686598564823893,-0.5811993136097704,-0.5735012244843509,-0.5658020972047737,1.6980857297648633
0.22671817183261658,-0.08776964108570225,0.01742864442114193,0.6793108424760389,-1.036897857189638,1.0173496280403258,-0.5049127267985953,0.07803510985275779,1.1352148604602896,1.1524655478170922,-1.4139086955175308,1.7205801462309047,-0.5735012244843509,-0.5658020972047737,-0.5888984180666025
1.2839279465675433,0.03981995255664721,0.4768334188889218,-0.7092473632046187,0.4383745999675267,2.107382976973761,0.6934524101542784,0.895156678991583,-0.6166069157954147,-0.8779446451833731,0.732994066429839,1.7205801462309047,-0.5735012244843509,-0.5658020972047737,-0.5888984180666025
0.026052168825062918,-0.06364623735282036,0.48691185566280026,1.5033451978867238,0.13196393600829134,-1.2518945816730105,0.6473614433483986,-0.7390864592860674,0.619973161561553,0.36377781978005375,-0.9278758523398848,1.7205801462309047,-0.5735012244843509,-0.5658020972047737,-0.5888984180666025
0.5034215804709266,0.3608981280597712,0.3961700374814099,-0.3872772293773334,0.6485073782312508,0.8295153473458035,0.2325427420954808,0.42823006805511143,1.6161071127657771,0.5305754734272304,-1.6899740179637925,-0.5811993136097704,-0.5735012244843509,1.7674024273509945,-0.5888984180666025
0.43807562864733923,-1.2010374349347586,1.5642735054293382,1.0038394623773244,-1.5496501414027644,1.0745381957790026,0.8317253105719177,-1.5562080284248927,1.0665159672737914,0.4546697217798532,-0.503414352260282,-0.5811993136097704,-0.5735012244843509,-0.5658020972047737,1.6980857297648633
-0.9248165789661408,-0.044710281470374924,-0.3933649863503058,-0.4623170782246341,0.6942291976413995,-0.7835674222205352,-0.20022363626257114,1.0118883317257008,0.03603256947631829,0.2973292759204117,-0.2678652907337229,-0.5811993136097704,1.743675440098885,-0.5658020972047737,-0.5888984180666025
-0.28014562159647577,-0.40763796318291606,-1.7169968197259975,1.560079355919764,0.37756180976080456,1.7301137001653104,0.7856343437660379,0.19476676258687567,0.6543226081548021,0.4855685692850926,-0.1816481566390802,-0.5811993136097704,-0.5735012244843509,-0.5658020972047737,1.6980857297648633
-0.8815276304583597,0.073659065090847,-1.1457870810751156,1.451283572127033,1.819477249025608,-0.9779517313807059,1.583092898598912,-0.6223548065519495,1.6848060059522751,0.7002787623932042,1.6945615437076906,-0.5811993136097704,1.743675440098885,-0.5658020972047737,-0.5888984180666025
0.19783956608072756,0.6642053701051183,-1.6826551272676633,-1.6045609103804244,-0.7755705485679032,0.08305073912445803,-0.8736404612456334,0.7784250262574651,-0.8914024885414075,-0.9090009518206947,1.6666112002244728,-0.5811993136097704,1.743675440098885,-0.5658020972047737,-0.5888984180666025
0.687909034355074,0.6393625305331009,-0.11594733106901706,-0.4447341673050635,0.9346044083606624,0.25821132856171314,0.5090885429307593,-0.6223548065519495,0.8947687343075459,-0.5251350828478825,0.676628525293895,-0.5811993136097704,-0.5735012244843509,-0.5658020972047737,1.6980857297648633
-1.2856214803500803,0.053268874938687705,-0.6891769830807081,0.2849208376262827,0.5144514260993118,-1.6372018233030592,0.0020879080660820017,-1.4394763756907747,0.276478695629062,0.546286302735847,0.7273505754431057,-0.5811993136097704,-0.5735012244843509,1.7674024273509945,-0.5888984180666025
-1.1209672811720697,1.3424208931923813,-0.630128696164819,0.9623751314939603,-0.40629452142413963,-0.10287441678824347,-0.9197314280515132,-1.089281417488421,-0.9944508283211548,-0.17873418654195833,-0.8764507151323018,1.7205801462309047,-0.5735012244843509,-0.5658020972047737,-0.5888984180666025
-0.12647790131153,0.12110388362568916,1.9082713475986466,0.742662362016077,-0.7905892948641735,-1.2965600820316445,-0.965822394857393,0.5449617207892293,1.0321665206805424,-1.458270231203691,1.0803667759153897,-0.5811993136097704,-0.5735012244843509,1.7674024273509945,-0.5888984180666025
-0.2937502940921243,-0.17767403550412997,-0.043942663128971604,0.39427144005041115,-0.06278215475083694,0.6292428835388819,-1.2884591624985513,-1.5562080284248927,1.4787093263927806,1.237300917285103,-1.4046309089840827,-0.5811993136097704,-0.5735012244843509,-0.5658020972047737,1.6980857297648633
0.7507125092116596,-0.7248492996306267,-1.8302463701959857,-0.4455513992557614,1.6216018269883348,1.360333956816145,0.09426984167784153,-0.2721598483495959,-1.5096925272198913,-0.7084073969745845,1.474399602855623,-0.5811993136097704,-0.5735012244843509,-0.5658020972047737,1.6980857297648633
-0.1914587686222872,0.0426080009274247,0.5931423324504465,-0.4102004155167271,-1.4195457240809557,-0.10263202844816018,-0.6431856272162346,1.0118883317257008,-1.6814397601861368,1.8013775333853022,-0.09447391057153748,1.7205801462309047,-0.5735012244843509,-0.5658020972047737,-0.5888984180666025
-0.2732267583012241,-0.34342240443445593,-0.8216649730982638,-1.216895250613534,-1.7779757227627513,1.9587869899024661,2.6213573532306365,0.07803510985275779,1.5817576661725279,-0.21829079431067597,-0.014948709473531153,-0.5811993136097704,-0.5735012244843509,-0.5658020972047737,1.6980857297648633
-0.8165317667428182,0.8486554334603501,0.2128142454312646,-0.7911715900648606,0.5313058150790699,-1.003945007200584,0.7856343437660379,0.7784250262574651,1.2039137536467879,-0.11274513506453088,-0.3081593529937736,-0.5811993136097704,-0.5735012244843509,1.7674024273509945,-0.5888984180666025
-1.9442903689258062,2.4654041068087276,0.7476002883050665,0.947796195684942,-0.12287585740983653,0.024003372889357028,-0.4127307931868358,0.19476676258687567,-0.23876300326967453,-0.8950729104392784,0.6554411601000036,1.7205801462309047,-0.5735012244843509,-0.5658020972047737,-0.5888984180666025
-0.3671614641918544,-0.13128756129971839,0.29016792247332485,-0.9701134292617358,1.329048700037082,0.11015856616127763,0.3826970446967754,-1.6729396811590105,-0.8914024885414075,1.0871432215858372,-0.29835657298903046,-0.5811993136097704,-0.5735012244843509,1.7674024273509945,-0.5888984180666025
-1.7790728802873943,0.1709014295002666,0.7635713403071724,0.018859360682268907,-0.6067866544026599,-0.07916900204072816,-1.2122790828116372,-0.38889150108371373,-0.9601013817279057,0.9535406245951973,-0.6627154147528103,-0.5811993136097704,1.743675440098885,-0.5658020972047737,-0.5888984180666025
-1.1476726327373206,-0.3583296824572754,1.0542905306495864,0.0610924423727161,0.06726320527924895,-0.22499745196006818,0.8778162773777974,-1.089281417488421,1.5474082195792789,-0.39374048287365127,1.1405040077850197,1.7205801462309047,-0.5735012244843509,-0.5658020972047737,-0.5888984180666025
0.339375226097032,-0.05897806072464725,-0.2383156899059117,-1.3945617181659011,0.5667842715625551,0.6718560697911531,-0.8736404612456334,1.4788149426621724,-1.131848614694151,0.11231952780793336,0.7676638940354708,1.7205801462309047,-0.5735012244843509,-0.5658020972047737,-0.5888984180666025
-0.7167508013646955,3.3139561519215657,-1.183981362236152,-0.09292880738984499,-1.6552808298279151,0.874433456635231,-0.5970946604103549,1.1286199844598188,-1.3379452942536458,0.3272335074057876,1.3196778425430715,-0.5811993136097704,1.743675440098885,-0.5658020972047737,-0.5888984180666025
-1.0053783573369026,-1.259293707024971,0.8693908017791985,0.692718447104524,-1.3695911596705226,2.256071485136918,-0.3205488595750763,-0.5056231538178316,1.3413115400197841,0.36086061026267763,0.748822587794838,-0.5811993136097704,-0.5735012244843509,-0.5658020972047737,1.6980857297648633
1.7957472392662543,0.026688959608515833,-1.8302463701959857,-1.2606477870917845,-0.17028073201986296,0.09795134755855389,-0.1361849923515573,0.6616933735233472,-0.10136521689667811,-1.018758499665146,0.5528848290990676,-0.5811993136097704,-0.5735012244843509,1.7674024273509945,-0.5888984180666025
1.604008157785179,1.2397828457331481,-1.0841143217945381,-0.8280751287259699,0.5258142287004246,-0.12204934235539538,0.5090885429307593,-0.9725497647543032,-0.8914024885414075,0.6999927837711829,0.9241874754335464,-0.5811993136097704,1.743675440098885,-0.5658020972047737,-0.5888984180666025
0.41903606381309,1.7086818546380336,0.2173061910547972,0.6259628378264507,0.7373013916032304,2.62645668569548,0.09426984167784153,-1.5562080284248927,1.3069620934265351,-0.09207385584446587,-0.6000187566733114,1.7205801462309047,-0.5735012244843509,-0.5658020972047737,-0.5888984180666025
0.0602934496651805,-0.23942924979618374,-1.0877326304103816,1.081303693564978,1.4573878938611602,0.5422373850450966,-1.150186262080912,-1.206013070222539,-0.13571466348992722,-1.2751975907979585,0.9675372740467323,-0.5811993136097704,-0.5735012244843509,-0.5658020972047737,1.6980857297648633
0.5752739299300073,-0.05945395963802503,-0.375906880880934,0.2703071607016965,-0.38315567856692045,-1.4934008026849088,1.0145121688430108,0.7784250262574651,0.7917203945277985,-0.33617308081646796,-0.1401132922588814,-0.5811993136097704,1.743675440098885,-0.5658020972047737,-0.5888984180666025
0.7321625121796814,-0.19904526749457588,1.1457486465317812,-0.37128289038140433,1.204239927591109,0.4844397415196834,1.384044064023582,-1.6729396811590105,-0.44485968282916916,0.5947938752752706,-2.2037545895495985,-0.5811993136097704,-0.5735012244843509,-0.5658020972047737,1.6980857297648633
-0.16938498183192874,0.5025802099691091,-1.331534468637892,-1.803314887260497,0.2034990867521738,0.31397908792934365,0.7395433769601581,-1.5562080284248927,1.3069620934265351,-0.4169229933870885,0.9352954857731451,1.7205801462309047,-0.5735012244843509,-0.5658020972047737,-0.5888984180666025
-0.4280222764913152,-1.02966131958959,1.8384799409913184,2.7826697172150108,-1.0591144797128904,-1.7460278475358975,-0.7353675608279941,-1.5562080284248927,1.1695643070535386,1.7007002232676294,-0.8170999631239404,-0.5811993136097704,-0.5735012244843509,-0.5658020972047737,1.6980857297648633
1.9838295396128733,-0.03797879414611731,-0.05757614189443546,-1.5844444716831008,-1.8671601896910253,-0.39299029130844654,-1.2884591624985513,-0.38889150108371373,-1.131848614694151,0.08407567834524646,-0.8745249526363815,-0.5811993136097704,-0.5735012244843509,-0.5658020972047737,1.6980857297648633
-0.43151023353467427,1.053087545307924,1.4695443916682527,3.8971471990665525,-0.6848677110831111,0.5412724145003466,0.7856343437660379,-0.038696542881360096,0.276478695629062,0.8065371515716324,0.5989982836672181,-0.5811993136097704,-0.5735012244843509,1.7674024273509945,-0.5888984180666025
-1.4466542890061174,-0.8109494183008034,-0.25305789444913124,0.562284244636922,0.6026075715137656,1.8859830932790058,0.5551795097366391,-1.322744722956657,1.3069620934265351,-0.961770585522959,1.7462001049603673,-0.5811993136097704,-0.5735012244843509,-0.5658020972047737,1.6980857297648633
-0.8597242033083621,-0.3122959545372269,-0.035077325915104235,-0.9224722214868437,0.9935520558573525,0.4505267721881056,0.10064282447065394,-1.6729396811590105,0.5512742683750549,-0.965472283014997,-1.8253124019163087,-0.5811993136097704,1.743675440098885,-0.5658020972047737,-0.5888984180666025
0.434570061790442,-0.430164607835634,0.10717723627677424,0.19541985198554845,-0.3487926864355423,0.025843099640895314,-1.0580043284691525,1.1286199844598188,-0.8570530419481583,-0.9076380416649666,0.39797260291203285,-0.5811993136097704,-0.5735012244843509,-0.5658020972047737,1.6980857297648633
2.055855485073229,0.3893069530934785,-1.3712595367919655,-1.6081224261693647,1.4812223136715337,1.2766977641539763,-0.6431856272162346,1.1286199844598188,1.1008654138670404,-0.08671667598084416,-0.35452586899849514,-0.5811993136097704,-0.5735012244843509,-0.5658020972047737,1.6980857297648633
-0.6447809285619038,1.9674821592320617,-0.09548938274938791,-0.3464458305987592,0.33641894832193386,-0.40632520107086495,-0.7353675608279941,-0.2721598483495959,1.2039137536467879,-2.0729424998515635,1.7462001049603673,1.7205801462309047,-0.5735012244843509,-0.5658020972047737,-0.5888984180666025
-1.298172879523726,-1.2932121704960506,0.13999340412962163,-0.15625373300771078,0.31218587887405286,-1.2109685825321193,0.8317253105719177,0.19476676258687567,0.8260698411210476,-0.1469225098498179,0.043626007241081344,-0.5811993136097704,1.743675440098885,-0.5658020972047737,-0.5888984180666025
-0.36785223733178646,-0.3288613595687512,-0.20612955047934983,-0.710619097405367,0.11391045588888661,-0.3083572090198809,-0.5428847319695627,-0.038696542881360096,-1.131848614694151,-1.8726295664883477,0.380542176673628,-0.5811993136097704,-0.5735012244843509,-0.5658020972047737,1.6980857297648633
-1.203074746274718,1.0117276190853306,0.5821562308205617,0.0835148049784035,0.6262975519746938,0.19676138971230517,0.6473614433483986,1.5955465953962904,-1.2005475078806493,1.5903140496829855,-1.1684663252655367,-0.5811993136097704,-0.5735012244843509,1.7674024273509945,-0.5888984180666025
2.6632860939226033,0.4597202529527165,-0.33205525566909183,1.2566346885658348,0.9052270828582851,-0.05622450446110506,-0.5510036936044751,1.5955465953962904,-0.8570530419481583,0.3215076314806782,1.243094857956657,-0.5811993136097704,-0.5735012244843509,-0.5658020972047737,1.6980857297648633
-1.0604988863490863,0.16202060788084452,-1.2551429813227224,0.2737984077524675,1.1081587821519854,-0.6840369051065572,-1.334550129304431,-0.6223548065519495,0.6886720547480513,0.40798729906728937,-1.5239306209962264,1.7205801462309047,-0.5735012244843509,-0.5658020972047737,-0.5888984180666025
-1.9442903689258062,1.4180714670823609,-0.8866680012566003,0.10082480861507546,0.1108836953707432,0.07960200414609628,-1.0119133616632727,1.3620832899280546,-1.2692464010671476,-2.532850553159674,0.31182942796161595,-0.5811993136097704,-0.5735012244843509,1.7674024273509945,-0.5888984180666025
0.04262871815015906,0.3382587539111909,0.05816702653915138,-1.803314887260497,1.460750406677379,0.43782501701463683,-1.1158548894664253,1.7122782481304082,-0.6509563623886637,-0.815022786667351,-1.682438400695573,-0.5811993136097704,1.743675440098885,-0.5658020972047737,-0.5888984180666025
1.9153977542876348,-0.38379175053680187,0.6623772624164728,-0.8249696291000719,0.44653934606194656,0.1994361032757792,3.4667012609508467,-0.6223548065519495,-0.6509563623886637,0.1473891245480441,-0.43026236161735937,-0.5811993136097704,1.743675440098885,-0.5658020972047737,-0.5888984180666025
-0.614290698167723,-1.8073225020301866,-0.15630881020146697,-0.3888449411892731,0.48578405624815246,-0.3522443812273617,0.1403608084837213,1.1286199844598188,0.37952703540880933,-0.10747275111439328,1.050706289071776,-0.5811993136097704,1.743675440098885,-0.5658020972047737,-0.5888984180666025
1.3000249771905406,-0.06977873362109784,-0.6198494682819607,-0.7375322667002541,-0.49528846571752294,-0.3645586722651943,0.4629975761248796,0.31149841532099354,0.0016831228830691885,0.4842526386919112,-1.5564259053769935,-0.5811993136097704,1.743675440098885,-0.5658020972047737,-0.5888984180666025
0.6229458634191894,3.3008048153651193,0.07314933572972478,-1.343558316085682,0.051084749993536495,-0.4695264325702556,-0.3205488595750763,-1.6729396811590105,-1.063149721507653,-1.040962421174617,0.9904806140285156,1.7205801462309047,-0.5735012244843509,-0.5658020972047737,-0.5888984180666025
-0.39732575859245495,1.1937388880587854,0.5686153090736522,0.040148386525762976,-0.5642348134000885,1.249253705750564,0.8778162773777974,1.5955465953962904,0.0703820160695674,-0.7158567109530513,0.7411734172112524,-0.5811993136097704,1.743675440098885,-0.5658020972047737,-0.5888984180666025
0.03584833158304139,0.08278854986693691,-0.007591004162557565,-0.43684059381733203,0.8388019335470529,-1.1266646529555226,-1.3806410961103108,-0.155428195615478,1.3756609866130334,0.3294894121475844,-0.695008063810687,-0.5811993136097704,-0.5735012244843509,-0.5658020972047737,1.6980857297648633
-0.9093978335934918,-1.7775423788263747,-0.9745073793997476,0.4130428532850256,2.073803070538836,-0.5223464808475778,2.106918481377986,-0.9725497647543032,0.0703820160695674,0.08064793926527365,0.19653767252601556,1.7205801462309047,-0.5735012244843509,-0.5658020972047737,-0.5888984180666025
0.04693439025270604,1.459365911656272,0.08726633101743733,-0.4190059184859422,-0.3914678786868183,1.2516195118370173,-0.09009402554567751,0.19476676258687567,-0.5135585760156673,0.3849829446676812,1.7462001049603673,-0.5811993136097704,-0.5735012244843509,-0.5658020972047737,1.6980857297648633
0.6379403890489969,0.6489883567500864,-0.7860790628718198,0.8676858600329307,1.543652549412789,-0.04754407858241322,1.1069583860347016,-0.7390864592860674,1.6848060059522751,-0.9638942761907886,-0.8669744669302177,-0.5811993136097704,-0.5735012244843509,-0.5658020972047737,1.6980857297648633
-0.33146812243205936,0.3325097759436798,-1.229631431188544,0.6459817094061645,0.7344228915244656,-0.8253731366275301,2.5151734612809835,0.31149841532099354,0.8947687343075459,-1.1479991854422051,-0.8289772850612556,1.7205801462309047,-0.5735012244843509,-0.5658020972047737,-0.5888984180666025
-0.09024634172314548,2.5124139010734097,-0.19515097653802513,0.37543706897453627,-0.7740991431300304,0.32412202070564294,-1.334550129304431,0.07803510985275779,1.4100104332062824,-1.0154065005633546,-0.270787005972043,1.7205801462309047,-0.5735012244843509,-0.5658020972047737,-0.5888984180666025
1.291760528882748,0.3331557621294394,-0.24492361454110023,0.08062549021909546,-1.0086632045024941,0.8885308106386067,0.04817887487196176,0.895156678991583,0.8260698411210476,-1.6528200336661967,-1.9873197331888053,1.7205801462309047,-0.5735012244843509,-0.5658020972047737,-0.5888984180666025
-1.256383470425225,-1.0504676713502525,1.2919233235484644,0.6762453019342328,1.299360234348957,-0.9536664893360463,-1.2694900249935814,0.5449617207892293,-1.1661980612874003,-0.35339194205596475,-0.07414338723096214,1.7205801462309047,-0.5735012244843509,-0.5658020972047737,-0.5888984180666025
-1.2101750798872537,0.44449262744380863,-0.40521886858143896,-0.43145957086454295,-0.0467079311949876,-0.35408508295125846,0.7395433769601581,0.895156678991583,-0.5135585760156673,-1.5964963208809284,-0.07340478496372081,-0.5811993136097704,1.743675440098885,-0.5658020972047737,-0.5888984180666025
-0.7636694230671828,1.8550512083267823,1.2092240488766786,-0.8423569741083228,-1.0421882658325774,-1.4738461700859746,0.6934524101542784,-1.5562080284248927,-1.440993634033393,-1.441605819004615,-1.0643904789872933,-0.5811993136097704,-0.5735012244843509,1.7674024273509945,-0.5888984180666025
-0.7039902190362227,-0.589103402608625,0.7606605849339461,1.582570890614945,0.7438039924443911,-0.0712576524045782,-0.22836692596331679,1.0118883317257008,-0.719655255575162,-0.5134791169663152,-0.48285048477314985,-0.5811993136097704,1.743675440098885,-0.5658020972047737,-0.5888984180666025
-0.2448569204442257,-1.8073225020301866,-0.04997655073764453,0.8529957833148037,-0.372666664487269,0.5334366274647947,0.0020879080660820017,1.4788149426621724,-1.6814397601861368,-0.44907941205138036,-0.48860308995749924,-0.5811993136097704,1.743675440098885,-0.5658020972047737,-0.5888984180666025
0.3499575003832891,0.2376536542552908,0.2782231839236819,-0.4461060588294311,0.28496060806434725,-0.873548823034571,0.6934524101542784,-0.38889150108371373,1.1695643070535386,-0.3222942788474768,1.0539925624624116,1.7205801462309047,-0.5735012244843509,-0.5658020972047737,-0.5888984180666025
-0.9363135631464762,-1.8073225020301866,-0.025196607144342725,2.2020226125148294,-0.3247416125782055,-0.1151985346580101,-0.4127307931868358,-1.4394763756907747,1.6161071127657771,1.0825635975124286,-0.8387044132236952,-0.5811993136097704,-0.5735012244843509,1.7674024273509945,-0.5888984180666025
-0.2421110247923659,-0.18649492503712342,-0.8643380679305159,-0.6969055320607452,-0.5306706038402209,0.9928035491267375,-0.965822394857393,-0.6223548065519495,0.3108281422223111,2.1575364957276264,-1.0106464608404324,1.7205801462309047,-0.5735012244843509,-0.5658020972047737,-0.5888984180666025
-1.0546863001085927,-0.27262978502540564,-0.17932522863281244,-1.722934933517575,-0.7525538679626121,-0.5959604490432739,0.6934524101542784,1.3620832899280546,-0.10136521689667811,1.136787234918849,0.021609243788847585,1.7205801462309047,-0.5735012244843509,-0.5658020972047737,-0.5888984180666025
-0.5409491350980743,-0.006185514893276206,1.8440589669612293,1.559397387034882,-0.26433866076571055,-0.9011205441259448,-0.09009402554567751,-0.9725497647543032,-0.17006411008317632,0.7398723780408109,-0.14576602135386957,1.7205801462309047,-0.5735012244843509,-0.5658020972047737,-0.5888984180666025
0.40592774649704416,0.16020803802602177,-0.8371450234605353,-0.6188137268742206,-1.1382461554490249,-1.7009595111782414,-0.6892765940221144,0.5449617207892293,0.5169248217818058,-0.11441408910312878,-0.12593109322612733,1.7205801462309047,-0.5735012244843509,-0.5658020972047737,-0.5888984180666025
-1.1026284171615022,-0.218166770849258,-0.17651701273658194,0.25848357042382114,-0.15383602009463393,0.20132956893630352,-1.0119133616632727,0.19476676258687567,1.5474082195792789,0.5875389846912641,1.7462001049603673,-0.5811993136097704,-0.5735012244843509,-0.5658020972047737,1.6980857297648633
0.3246783527952754,0.5890864812708615,0.7119657449118364,0.02200396482896597,0.4013041855971261,-0.8451984400659855,-0.5510036936044751,-0.6223548065519495,-1.406644187440144,2.1575364957276264,0.3427939608411,-0.5811993136097704,-0.5735012244843509,-0.5658020972047737,1.6980857297648633
-0.2773981902942432,0.6795376421508961,-0.5228170529469648,-0.5394261812644175,0.44604351413686255,0.1364597013142971,-0.2744578927691966,-0.38889150108371373,0.8604192877142968,-0.6692628572067771,-0.4262495887710125,-0.5811993136097704,-0.5735012244843509,1.7674024273509945,-0.5888984180666025
0.9869166519483008,-0.07678497471803411,0.022612550282089562,-0.29590094999991284,-0.1517348009153723,0.7138343457189095,0.18645177528960105,-0.9725497647543032,0.0016831228830691885,-1.016907983366214,1.7462001049603673,-0.5811993136097704,1.743675440098885,-0.5658020972047737,-0.5888984180666025
0.5694311895025179,0.025712353257219215,2.83875894395566,0.5948814329174058,0.4933540701624939,-1.1793560726431511,-0.7353675608279941,-1.5562080284248927,1.2382632002400369,0.07261684158588484,0.04392304494959731,-0.5811993136097704,1.743675440098885,-0.5658020972047737,-0.5888984180666025
-0.8210589869554995,-1.5337173535120763,0.059636271656522535,-0.6790641290055821,1.9519592051593895,1.1649446502810676,3.2754323828283587,-0.9725497647543032,-1.715789206779386,-0.12548619477446302,-0.9019795891184792,-0.5811993136097704,1.743675440098885,-0.5658020972047737,-0.5888984180666025
-1.0448860600566552,0.16270896771973553,-0.27976447853915076,2.504347391481117,-0.5788367139841961,1.2612326686777648,0.2325427420954808,0.6616933735233472,-1.715789206779386,2.0729500779539443,-2.6438520092199607,-0.5811993136097704,-0.5735012244843509,-0.5658020972047737,1.6980857297648633
-0.2978426640442875,-1.1202241148121252,-1.8302463701959857,0.5611488743369634,0.7414087494890637,1.183466370666258,-0.9420344262911957,0.895156678991583,1.1695643070535386,0.8357657516347764,0.11844369216071943,-0.5811993136097704,1.743675440098885,-0.5658020972047737,-0.5888984180666025
-0.7693617074796193,-0.9867099533824507,-0.028347052263383854,-0.03328646128328064,2.410340915792024,-1.4979156491554897,-0.07465127686176276,-1.089281417488421,1.2382632002400369,0.4276847469529478,0.38811082945962616,-0.5811993136097704,1.743675440098885,-0.5658020972047737,-0.5888984180666025
0.08437355382883627,-0.778995620023435,1.508785392227548,0.5476721900611793,-1.1444669228640503,-1.7366525160216753,-0.1361849923515573,-0.9725497647543032,-0.9944508283211548,1.7961821466146823,-1.0372149177461583,-0.5811993136097704,-0.5735012244843509,1.7674024273509945,-0.5888984180666025
0.49779587292467825,0.7381520276760629,0.4358170654047259,0.48954422482510584,1.8694257281830988,1.687877892168821,-0.34826552432554514,0.5449617207892293,1.5130587729860296,-0.8360678019650786,1.2091310095842531,-0.5811993136097704,-0.5735012244843509,-0.5658020972047737,1.6980857297648633
0.4550207174256842,0.023867032221834585,-0.6246737959655282,-0.7952995628435127,2.3627431562961814,-0.0973774171955154,1.2768884414934698,0.42823006805511143,0.0703820160695674,-0.2375943296968831,-0.7083001195587036,-0.5811993136097704,1.743675440098885,-0.5658020972047737,-0.5888984180666025
0.5251311249608184,0.16683094218792827,-0.8129970782439978,-0.9074007046451696,-0.1194659746554555,0.5976575799114708,-0.18227595915743702,-0.8558181120201853,0.5169248217818058,0.0698583416193573,-0.8852507497478866,-0.5811993136097704,-0.5735012244843509,1.7674024273509945,-0.5888984180666025
0.886478518117858,0.2743118086376794,-0.5787550998101714,-0.7618738571393867,-0.08641721540400031,-0.5172849801540481,-0.965822394857393,1.2453516371939366,0.2421292490358129,-0.7585632532962403,0.2665096122210154,1.7205801462309047,-0.5735012244843509,-0.5658020972047737,-0.5888984180666025
1.7135553504485908,-1.8073225020301866,0.6667259849476987,1.3628023334435164,-0.9078147302295435,-0.3111956756185668,-0.09009402554567751,1.5955465953962904,0.0016831228830691885,-0.8072077849909179,-0.6588233852871113,1.7205801462309047,-0.5735012244843509,-0.5658020972047737,-0.5888984180666025
-0.3414046723176806,-0.6758985023028425,-1.1349276468456826,-1.150429809611497,2.201276589590409,-0.5449587378167446,3.539147602282487,0.895156678991583,-0.5822574692021656,-0.4145009497390015,-0.7894407851244258,-0.5811993136097704,-0.5735012244843509,-0.5658020972047737,1.6980857297648633
0.18630174476265274,0.08532498746744634,-0.14662889446183,-0.48806593944878623,-1.6813643044489013,0.9400646983499461,-1.2423681956926715,1.0118883317257008,-0.41051023623592003,-1.0172741304014334,-1.2890585129376007,1.7205801462309047,-0.5735012244843509,-0.5658020972047737,-0.5888984180666025
0.7032697584578398,3.149637832026308,-0.7559572700806332,0.4396392267896421,-0.11177035161446607,-1.9483469291055062,0.6934524101542784,-0.8558181120201853,-0.8227035953549093,0.12594221536822145,-1.2950413976556272,1.7205801462309047,-0.5735012244843509,-0.5658020972047737,-0.5888984180666025
-0.24533783973534498,0.2504892809461489,1.8497750872717345,1.2464439014920488,0.5511662749075552,2.1332446241709,-0.5049127267985953,-0.38889150108371373,1.3756609866130334,0.6778576997565053,-0.5894397785057809,-0.5811993136097704,-0.5735012244843509,1.7674024273509945,-0.5888984180666025
0.747802453799055,0.7145549163105619,-0.4698146730599674,0.1851836396914805,-0.6644965803739654,0.9041620471932194,-0.6431856272162346,0.19476676258687567,0.1047314626628165,-2.532850553159674,1.2126742831872976,-0.5811993136097704,-0.5735012244843509,-0.5658020972047737,1.6980857297648633
0.4992145352522021,-0.8351003736643073,-1.2288334941027421,-0.923503276292137,-1.8671601896910253,-0.8296240681032341,-0.5970946604103549,-1.6729396811590105,0.619973161561553,0.353806554716305,1.2726715267232966,-0.5811993136097704,-0.5735012244843509,-0.5658020972047737,1.6980857297648633
0.24003262726372107,0.11143168150810046,-0.32566910350751843,0.6738585642042977,2.701661822619924,1.5690002582091578,0.2656704299007334,0.6616933735233472,1.3413115400197841,-0.28835665786866366,-0.2279653549994747,-0.5811993136097704,1.743675440098885,-0.5658020972047737,-0.5888984180666025
-1.3342669691323141,0.155443879378221,0.22861491415271068,-0.5207912459135305,3.0671870258039684,0.16073339902548447,-1.1840275496731711,0.19476676258687567,0.619973161561553,-0.6825841772480513,1.7462001049603673,-0.5811993136097704,-0.5735012244843509,-0.5658020972047737,1.6980857297648633
2.3672364073666463,0.8391169293542856,0.24849331968858035,-0.46868630446622483,-0.6062691685041499,0.977115580818144,-0.7353675608279941,-1.5562080284248927,1.3413115400197841,-0.7765398006683729,-0.29741743114633223,-0.5811993136097704,-0.5735012244843509,-0.5658020972047737,1.6980857297648633
-0.4666797410108884,0.4621236163051514,-0.7097182953993464,-1.2075153049351444,-0.5923424840406241,0.9010535892279942,0.1870919664935927,0.19476676258687567,0.7917203945277985,0.4844099610172481,0.18924780183125642,-0.5811993136097704,-0.5735012244843509,-0.5658020972047737,1.6980857297648633
0.655381490215736,-0.19103261240510686,1.3414442867052612,2.4300879607744394,0.870708446862211,-1.2233803322297816,-0.5970946604103549,-0.6223548065519495,1.4787093263927806,2.1575364957276264,-1.2914200889271976,1.7205801462309047,-0.5735012244843509,-0.5658020972047737,-0.5888984180666025
-1.574419035505856,1.0353079540905625,1.2768574529801948,-1.803314887260497,0.31885916187735985,2.730224880096216,0.2786337089013606,1.2453516371939366,-0.9601013817279057,0.6874085057848498,-1.0798183782397028,-0.5811993136097704,-0.5735012244843509,1.7674024273509945,-0.5888984180666025
1.5715144459689252,0.7663656626116885,-0.6434527403117273,-0.9330976455614217,0.1606480816783713,0.04235713650312397,-1.0119133616632727,-0.038696542881360096,-1.2348969544738986,-0.30409905304490126,1.7462001049603673,1.7205801462309047,-0.5735012244843509,-0.5658020972047737,-0.5888984180666025
-0.43812404468435906,0.140232665642671,-0.8165741850043632,-0.04552565644289595,-1.8403519589346151,-0.07468849637339305,1.0922454949750657,-0.9725497647543032,0.1390809092560656,-1.0784555659925672,-0.9581754016409952,-0.5811993136097704,-0.5735012244843509,1.7674024273509945,-0.5888984180666025
-0.2684745184726239,2.998574763932032,-1.2588757992899495,-1.7612873124465742,0.4812288616630781,0.2603228908981576,0.8778162773777974,-0.038696542881360096,-0.17006411008317632,-0.2892825973012416,-1.1657190771434738,-0.5811993136097704,1.743675440098885,-0.5658020972047737,-0.5888984180666025
-1.3678052152571365,-0.0755879114680722,0.1341643611843044,-0.22027773949559737,-1.4080967678792273,-0.6316995817732523,0.2325427420954808,1.3620832899280546,0.0703820160695674,0.33487987671665126,0.7736320226846407,-0.5811993136097704,-0.5735012244843509,-0.5658020972047737,1.6980857297648633
-1.245829497181102,-0.5795143508902105,-0.2562466883046481,0.23037491418185038,0.3481290489156698,-1.9483469291055062,-0.18227595915743702,1.0118883317257008,0.6543226081548021,-1.6393609779261455,1.7462001049603673,-0.5811993136097704,-0.5735012244843509,-0.5658020972047737,1.6980857297648633
-0.4178736738091155,1.1693621262546479,0.521727831944146,0.6152196648325253,-0.6120020860367801,0.09224652171389516,0.37081564251312005,0.19476676258687567,-0.37616078964267097,-0.36805230171889025,-1.5029466215199538,-0.5811993136097704,1.743675440098885,-0.5658020972047737,-0.5888984180666025
-0.14444317526728936,0.07534900560993102,-0.5165144475283265,-1.5486078832594146,-0.5328171656246034,1.4174222300086217,-1.2423681956926715,-0.8558181120201853,-1.3722947408468948,0.9902656921469576,-1.551304907591921,-0.5811993136097704,1.743675440098885,-0.5658020972047737,-0.5888984180666025
1.4941772264489468,1.4635004430464076,0.9495169093568844,-1.1145545538855208,0.029858308934008034,1.1145911628445426,-0.5510036936044751,0.5449617207892293,-1.6470903135928878,-0.20889897566101817,-0.6280086780066746,1.7205801462309047,-0.5735012244843509,-0.5658020972047737,-0.5888984180666025
0.565395651538864,0.4072831847850615,0.314744028143812,-0.07883437790804836,-1.606572519173106,-0.2618683084513144,0.3482832623944005,-0.6223548065519495,-0.8914024885414075,-0.7615998203506003,1.4774816182491641,-0.5811993136097704,1.743675440098885,-0.5658020972047737,-0.5888984180666025
0.5072353730231618,0.1735694609573097,1.681645977513796,2.2320730628914096,-0.37643703484819496,-0.4767128902606473,-0.7814585276338739,0.7784250262574651,-0.10136521689667811,2.1575364957276264,0.5762717033850107,-0.5811993136097704,-0.5735012244843509,-0.5658020972047737,1.6980857297648633
-0.970960272386441,0.6018489080606005,-0.797514837661021,-1.1262457490054238,1.3038405901609995,-1.5669469652827406,2.3637435060787815,0.31149841532099354,1.2039137536467879,-2.104654194519899,0.8180044680181103,-0.5811993136097704,1.743675440098885,-0.5658020972047737,-0.5888984180666025
2.2116460540801186,-0.4368085400639917,-1.5553499281624246,0.5717803322786759,-0.3726781654446007,-0.8511484005681432,-1.150186262080912,-0.9725497647543032,-0.06701577030342902,-0.0674903590811632,-0.6141425562661484,-0.5811993136097704,-0.5735012244843509,1.7674024273509945,-0.5888984180666025
0.8339339011877894,1.6821642389716607,0.6053377074947428,0.1856209959767753,1.7834260771451056,-0.6443260347046956,-0.044003058739797755,1.4788149426621724,1.4787093263927806,0.34046102400391726,-0.12097948558998006,-0.5811993136097704,-0.5735012244843509,-0.5658020972047737,1.6980857297648633
-0.18144842494165422,-0.41053971350165386,-1.5736482969675654,2.396563421483406,-1.3136969122971778,0.5555021993973794,0.18645177528960105,-1.089281417488421,0.5512742683750549,0.2769230929604711,-2.283302104823859,-0.5811993136097704,-0.5735012244843509,1.7674024273509945,-0.5888984180666025
0.7107724535823932,0.2679744272289107,-0.6242399537283275,-0.10658011379913754,1.7276682424022893,0.431456762176689,0.9677843700602186,0.42823006805511143,0.4138764820020584,-1.5200100436670567,-0.21940089355757936,-0.5811993136097704,-0.5735012244843509,-0.5658020972047737,1.6980857297648633
0.596867056357623,-1.1414830476867108,-0.9858493549196724,0.9038804574483831,0.7473353046375142,-1.7191343956632397,0.8317253105719177,0.31149841532099354,1.5817576661725279,0.32797580615370464,1.6855379207018761,-0.5811993136097704,-0.5735012244843509,1.7674024273509945,-0.5888984180666025
1.2162436293407042,-0.9841849331802924,0.23680679592631793,0.060363093584960045,-0.02731398859464876,0.27593975585250563,-0.7353675608279941,-1.322744722956657,-0.8570530419481583,1.8207388412760361,-0.4658554674574548,1.7205801462309047,-0.5735012244843509,-0.5658020972047737,-0.5888984180666025
1.1191582159351297,-1.2443841921179886,-0.7776082066499944,-0.8638003381341519,-1.5141276452070236,1.1427758760412294,-0.1361849923515573,0.19476676258687567,-1.2005475078806493,-0.34251734503216547,1.7462001049603673,1.7205801462309047,-0.5735012244843509,-0.5658020972047737,-0.5888984180666025
-1.1850595753296673,-0.4315503148780665,-0.6795996650124071,0.48208159794414523,-0.19171175546381397,-0.8097252040013088,-1.0580043284691525,-1.5562080284248927,-0.27311244986292366,0.3559576460216968,0.7050209525030517,-0.5811993136097704,-0.5735012244843509,-0.5658020972047737,1.6980857297648633
2.021524940547402,1.5962000076895286,-1.741782808772906,0.09731532239473462,-0.650454250726246,-0.028984460985994564,-0.36663982638095605,-0.5056231538178316,0.03603256947631829,0.07218509594322155,-0.6339173389656075,-0.5811993136097704,-0.5735012244843509,-0.5658020972047737,1.6980857297648633
-0.06748807098727118,1.2555651311799094,0.9378621743159994,-0.4972329046133307,-1.741308821441536,-1.2404529086440892,0.8778162773777974,1.5955465953962904,-0.41051023623592003,-0.05010431070793339,-0.7453017577983709,1.7205801462309047,-0.5735012244843509,-0.5658020972047737,-0.5888984180666025
-0.26301350763100495,0.4632692466553859,-0.4697559179438119,-0.42106399899312746,-0.6744888761456616,-0.7358982070874525,1.3076122701080042,0.31149841532099354,0.5169248217818058,-0.2578076737784828,-1.2168285419694425,-0.5811993136097704,-0.5735012244843509,1.7674024273509945,-0.5888984180666025
2.874541946533024,-1.3258829034121224,-1.8302463701959857,-1.1696171652015468,-0.9197867214852389,-0.23710756511308084,0.4629975761248796,1.2453516371939366,-1.1661980612874003,0.9293386180668037,0.9514464382851688,-0.5811993136097704,-0.5735012244843509,1.7674024273509945,-0.5888984180666025
-1.077103658907026,-0.584865118471268,0.3819985071574261,0.031910840470619185,0.305055491342144,-1.9483469291055062,-0.45882175999271557,-1.322744722956657,0.929118180900795,-0.2812167878257299,0.26037160966038025,-0.5811993136097704,-0.5735012244843509,1.7674024273509945,-0.5888984180666025
0.11336492360762801,0.03330164321664245,1.737300918899036,-1.803314887260497,0.2876417671832727,-0.023690344571483755,2.091707323843475,-0.2721598483495959,0.7573709479345494,-0.12969484822436553,-0.06531065446892459,-0.5811993136097704,-0.5735012244843509,-0.5658020972047737,1.6980857297648633
1.0112711076194214,-0.14526764409961124,-0.5247392136445647,1.1436593444590986,-0.9775446157529113,-1.1681546830029164,-1.1962772288867918,-0.155428195615478,-0.8914024885414075,-0.27882834424336655,0.12809379598531084,-0.5811993136097704,1.743675440098885,-0.5658020972047737,-0.5888984180666025
-0.8734688295008726,1.0316134204255547,0.30455031971809204,-1.1264983082436064,-0.6120395198562091,-0.5753858853384914,-0.3205488595750763,-0.038696542881360096,-0.8227035953549093,-1.1723326043356042,-0.6375795557864085,-0.5811993136097704,-0.5735012244843509,1.7674024273509945,-0.5888984180666025
-0.061246847267747144,1.4172469996067647,0.7423350972824175,0.7347307891798807,0.916078260316371,1.6097719033193472,-1.3806410961103108,1.5955465953962904,-1.6814397601861368,0.47511414836836546,1.4100210443087342,-0.5811993136097704,-0.5735012244843509,-0.5658020972047737,1.6980857297648633
0.29570079735585736,-1.4337055183818561,-0.47769886636601244,-0.28530355269386565,0.3003918834851882,-0.9864414349359742,-0.965822394857393,-0.6223548065519495,-1.3722947408468948,0.0031806081112763064,1.1296030408312006,-0.5811993136097704,-0.5735012244843509,1.7674024273509945,-0.5888984180666025
1.0389403556280592,-1.2149017381306226,2.1652053836570166,-0.6573850429280138,-1.027431797936289,-0.7265895527458174,-1.0119133616632727,1.4788149426621724,0.276478695629062,1.6799173772438274,-1.7580986199164836,1.7205801462309047,-0.5735012244843509,-0.5658020972047737,-0.5888984180666025
0.8647369843550888,-0.28831782445108295,1.8454374974051913,1.1521821567176622,0.07504410803788766,0.22682270669378243,-0.8736404612456334,-0.38889150108371373,-0.7883541487616602,0.7613417808798605,-0.7883257529318333,-0.5811993136097704,1.743675440098885,-0.5658020972047737,-0.5888984180666025
-0.9765802865533048,-0.4985229585266015,0.36177117274605897,0.29354361650298144,0.038058813615663455,0.24491780096373972,-1.1040952952750323,1.4788149426621724,1.3069620934265351,1.0301934957765615,-0.15067363650265017,-0.5811993136097704,-0.5735012244843509,1.7674024273509945,-0.5888984180666025
-0.4575173350437935,-0.18077925484674487,-1.4856102546995356,-0.5186510891046013,-1.2931800241772486,0.19930083821618907,2.1347277643180966,0.42823006805511143,0.7917203945277985,-0.9528524454568643,0.6869604130903496,-0.5811993136097704,-0.5735012244843509,1.7674024273509945,-0.5888984180666025
0.4094072363319816,-1.3905324449011809,-0.3769892670232965,-0.47797420698104476,0.9451299625318766,-0.8891073480537125,0.6012704765425189,1.0118883317257008,-0.13571466348992722,-0.11473141654358379,-1.2029121539304422,1.7205801462309047,-0.5735012244843509,-0.5658020972047737,-0.5888984180666025
1.37009354548414,0.6190263451595555,-0.2865237703627975,-1.1353137410370586,0.3419751007343581,-0.7273418250608638,-0.3205488595750763,1.4788149426621724,-1.6814397601861368,1.5467905214220008,-1.0152207892916187,-0.5811993136097704,-0.5735012244843509,-0.5658020972047737,1.6980857297648633
2.585206866271174,0.19605414226872286,-1.1148557551453382,0.19974450840974153,-0.23535790642468402,0.5405450484239258,0.8317253105719177,-0.038696542881360096,0.8604192877142968,-1.9848904823883171,1.0139700029736736,-0.5811993136097704,-0.5735012244843509,-0.5658020972047737,1.6980857297648633
-0.19359594862406557,0.8704749344670413,-1.7080271818436021,1.782033949370478,-1.6687654584192044,1.4329948449317504,2.2391250354862566,-0.38889150108371373,-1.1661980612874003,2.1575364957276264,-1.5288991004455248,1.7205801462309047,-0.5735012244843509,-0.5658020972047737,-0.5888984180666025
-0.4893790930728484,-0.5057433059729095,-0.5796183555783316,-0.03721543036501171,-1.2410206345028567,-0.6111791797288406,-0.6892765940221144,0.31149841532099354,0.37952703540880933,1.21171396783536,0.47430085526904486,1.7205801462309047,-0.5735012244843509,-0.5658020972047737,-0.5888984180666025
3.6810566986589413,0.17963998407184076,-0.5682731422536625,-0.4525361006802854,-0.33801231851553754,0.16997087831449637,-1.3806410961103108,1.7122782481304082,1.3069620934265351,-0.6453159991667808,-0.48077770337326825,-0.5811993136097704,-0.5735012244843509,-0.5658020972047737,1.6980857297648633
-1.179054780229662,-0.7775493289604131,-0.2829158049611776,0.2635550379993289,0.19621589983198004,-0.7140621517990422,1.4697461117071493,-1.089281417488421,-1.4753430806266423,0.2575581900746453,-1.3848361956686257,-0.5811993136097704,-0.5735012244843509,-0.5658020972047737,1.6980857297648633
0.7546517607000778,0.4100917163519447,1.8771600148134069,-0.7844435487643447,0.05283160717818699,0.22812094577392902,0.6012704765425189,-0.155428195615478,0.5512742683750549,-1.6553449749774336,0.30334492423390713,-0.5811993136097704,1.743675440098885,-0.5658020972047737,-0.5888984180666025
1.8131203403731149,-1.4476582494098504,-0.16440075581187738,-1.139412282618714,0.3364441283229327,1.4201283163854845,0.7395433769601581,0.19476676258687567,-0.8227035953549093,-0.07830941930168586,1.4229613676443322,-0.5811993136097704,1.743675440098885,-0.5658020972047737,-0.5888984180666025
1.5632069352271427,0.705728752748995,-1.404650512971206,0.33393946563279786,0.5223329644227293,0.9747743144473013,0.37081564251312005,-0.2721598483495959,1.4443598797995316,-0.13723782227424952,-0.2133710805959535,-0.5811993136097704,-0.5735012244843509,-0.5658020972047737,1.6980857297648633
-0.34495741273656466,-0.9135620967853805,0.7205213744703343,0.4905038462267431,0.2570200938082577,0.3044083194611628,0.5919982389645577,-0.5056231538178316,-0.10136521689667811,-0.8218452824950142,-0.14254760147577256,-0.5811993136097704,-0.5735012244843509,1.7674024273509945,-0.5888984180666025
-0.7784246784543208,0.14635640325631732,-1.8302463701959857,-1.1012936450217068,1.341766899177988,-0.8923906818842872,-0.3205488595750763,-0.6223548065519495,1.0665159672737914,-1.4958618047574637,1.7462001049603673,-0.5811993136097704,-0.5735012244843509,-0.5658020972047737,1.6980857297648633
0.17682567790455647,1.3611345429026611,-0.6670080205350243,0.856495915531179,0.1312745524518759,-0.48918422522000676,-0.2832520513284024,1.3620832899280546,-1.715789206779386,-0.8135043313505398,-0.17890229766926724,1.7205801462309047,-0.5735012244843509,-0.5658020972047737,-0.5888984180666025
-0.5092271630048184,-0.9964145249531621,0.6916768709248156,2.805187781706421,-1.0355116159913123,0.4349405578224333,0.5090885429307593,0.42823006805511143,1.4100104332062824,0.1955808826617544,0.10695225372515,-0.5811993136097704,-0.5735012244843509,-0.5658020972047737,1.6980857297648633
0.3854665234132315,-0.8921147181382313,-0.9210347186883824,0.06379622046440873,1.3518094768683704,2.2232799049679017,-0.7781010743980474,1.5955465953962904,0.2421292490358129,0.7671143775991695,-0.175214956225778,1.7205801462309047,-0.5735012244843509,-0.5658020972047737,-0.5888984180666025
2.594411261524142,-0.04207830540707161,-0.2826977022400648,0.15196680944144064,-1.1007248432893537,0.5590075572647898,-0.965822394857393,-0.2721598483495959,0.0703820160695674,-0.9538204323068487,1.6568508762513425,-0.5811993136097704,1.743675440098885,-0.5658020972047737,-0.5888984180666025
0.0006979711751889093,-1.3094551216641126,0.020506168062957027,-0.0014548988515535384,-0.6718571135350241,-0.3999975886697729,-1.1040952952750323,1.4788149426621724,-1.063149721507653,-0.17284968940794085,0.4137182073225169,1.7205801462309047,-0.5735012244843509,-0.5658020972047737,-0.5888984180666025
1.0714449259128995,1.0294115755214075,-1.4281175051076667,0.04382928753734509,1.2401048998308606,0.8021789646464694,-1.0580043284691525,-1.089281417488421,-1.440993634033393,-0.5250765928726027,-0.2698622150938698,1.7205801462309047,-0.5735012244843509,-0.5658020972047737,-0.5888984180666025
0.8674603935712073,-1.0339185953079677,0.07319714283449992,0.5099541395086885,0.33503796578485256,0.10214361154892065,-1.0580043284691525,0.7784250262574651,-0.17006411008317632,0.14767767729761488,-1.577705970647199,-0.5811993136097704,-0.5735012244843509,-0.5658020972047737,1.6980857297648633
-0.5258292600004705,0.6290337340653825,-1.1127058079009167,-0.5287531297736385,0.7795354976127858,1.8976276220686128,-0.36663982638095605,0.5449617207892293,1.272612646833286,-1.6116108026392153,-0.5505848533237996,-0.5811993136097704,-0.5735012244843509,1.7674024273509945,-0.5888984180666025
0.762480399541712,-0.2865356602700351,1.8895085123807183,1.3355764096925913,0.13360004791032928,1.3556092802836954,-0.22836692596331679,0.5449617207892293,1.5817576661725279,-0.2272104148166108,1.0030511770755557,-0.5811993136097704,-0.5735012244843509,1.7674024273509945,-0.5888984180666025
0.051529494855278926,-0.6436499409093656,0.8149768457617937,-1.1575607140235957,0.5234428391044261,0.11861158665470371,-0.7353675608279941,-0.6223548065519495,-1.3379452942536458,-0.4514387793231194,1.55090441729349,-0.5811993136097704,1.743675440098885,-0.5658020972047737,-0.5888984180666025
2.069541512421514,-0.35263457443369417,-0.6436340183096858,-1.2761256014581994,0.40618495385477155,-0.039145558823886345,-1.0119133616632727,-0.5056231538178316,1.2039137536467879,0.23816997368281853,1.7462001049603673,-0.5811993136097704,1.743675440098885,-0.5658020972047737,-0.5888984180666025
-1.081875472871179,-1.0800333664743986,-1.8302463701959857,-0.5289302539752498,-0.9689060090981301,-0.783897850312041,2.059463745482492,1.1286199844598188,0.3108281422223111,0.3288079927646301,-0.7201007920890197,1.7205801462309047,-0.5735012244843509,-0.5658020972047737,-0.5888984180666025
0.8746935489821033,-0.2595399318570934,-1.0299102835458265,-0.021812189276576632,-0.3241332268629376,-1.3116157255648573,-0.3205488595750763,0.7784250262574651,-1.097499168100902,-1.5751572769241347,-1.0140480732991886,-0.5811993136097704,-0.5735012244843509,-0.5658020972047737,1.6980857297648633
-0.7344258725066515,1.4240043576832389,0.4861833776012491,-0.21112974562515838,-0.7765146143192903,0.8375343729549621,0.8778162773777974,-0.038696542881360096,-0.03266632371017991,0.8555419735248411,-2.360858207102255,-0.5811993136097704,1.743675440098885,-0.5658020972047737,-0.5888984180666025
-0.23976649729163876,-1.3486604053986202,-0.1880512971166569,-0.33238028410669984,1.1186896250533078,-0.07055958828627795,-1.2423681956926715,1.3620832899280546,-0.37616078964267097,0.4357445788402283,-0.07478352178390511,-0.5811993136097704,-0.5735012244843509,1.7674024273509945,-0.5888984180666025
-0.6608046369780315,0.830115934542839,0.6737781342177941,-1.803314887260497,0.975398278121222,-1.4015524248184694,0.4169066093189998,0.5449617207892293,1.1352148604602896,-1.1072672082865995,0.1511340120622871,-0.5811993136097704,-0.5735012244843509,-0.5658020972047737,1.6980857297648633
0.07303226786330658,-1.144203139957893,-0.2972388849385307,-0.8861704880546986,0.10205867928721936,0.6290023733640182,-1.0601012925504951,-1.206013070222539,-1.131848614694151,-0.15924863337977707,1.0801973569771977,1.7205801462309047,-0.5735012244843509,-0.5658020972047737,-0.5888984180666025
-0.20968990457481368,-0.9653928285932883,0.36221885054097547,-1.1833432998692703,-0.7063088091094563,0.5249636717831598,0.5551795097366391,-1.4394763756907747,0.0016831228830691885,-1.0525872194300452,-1.1873223478995285,-0.5811993136097704,-0.5735012244843509,1.7674024273509945,-0.5888984180666025
-0.71219011025212,0.6853896258635361,0.15753171035461452,0.937712234842589,-1.1770041651097083,-1.484602856380595,-1.150186262080912,1.4788149426621724,1.4443598797995316,1.8223717883957218,-1.408365054942992,1.7205801462309047,-0.5735012244843509,-0.5658020972047737,-0.5888984180666025
-0.0926298380605597,-0.02142073291953567,1.3050825845882053,-0.7502410089547726,-0.290769165373994,-0.17903272607978507,-0.4127307931868358,1.5955465953962904,-0.5479080226089165,2.1575364957276264,0.33543912814466603,-0.5811993136097704,-0.5735012244843509,1.7674024273509945,-0.5888984180666025
-0.677584668308943,-1.0060127022130647,-1.7395125996026626,-0.8750734941012015,0.07274006745581713,0.4641823883321359,-1.334550129304431,-0.7390864592860674,-0.8227035953549093,-0.6216536098271941,0.6834624879459912,1.7205801462309047,-0.5735012244843509,-0.5658020972047737,-0.5888984180666025
-0.08642884157278659,0.8188523255541327,2.528284459922204,0.7620523856439173,0.4766048316752052,-0.2876544592617775,0.09426984167784153,-1.089281417488421,0.03603256947631829,0.38246903992859477,0.15194821216739285,-0.5811993136097704,-0.5735012244843509,1.7674024273509945,-0.5888984180666025
0.7543505302048974,-0.7014869148834787,-0.5401860533471996,-0.8786404665355847,-1.0168667035295424,0.06792730160333617,1.00164712580697,0.5449617207892293,1.272612646833286,0.5293085763749846,1.3817968182764009,-0.5811993136097704,1.743675440098885,-0.5658020972047737,-0.5888984180666025
0.08226877446870198,-0.10669938722404745,-1.0864698758145857,0.3178120743385157,0.12139284278430516,0.022743354640057018,0.8778162773777974,1.3620832899280546,1.5130587729860296,0.010201787235443082,0.25517592498424413,-0.5811993136097704,-0.5735012244843509,1.7674024273509945,-0.5888984180666025
-1.0022663460139216,0.7054814309706631,-0.2531293884449408,2.1158679041835198,-0.10834774142762683,-1.32530345410637,-0.22836692596331679,-0.2721598483495959,1.1695643070535386,-0.6399589312291453,-0.6995725841048276,1.7205801462309047,-0.5735012244843509,-0.5658020972047737,-0.5888984180666025
0.8217978373382043,-0.031241815619468996,0.4955356596478254,-1.7373485164525477,0.8945052737254976,1.303805170491902,0.04817887487196176,0.42823006805511143,-0.44485968282916916,0.27454817572974144,-0.6837776578779208,-0.5811993136097704,1.743675440098885,-0.5658020972047737,-0.5888984180666025
-0.13818291233350266,-0.36884405660098557,0.3041673974237711,0.13801987926975173,-0.5501198521389619,1.7791807409660105,0.2639645415960269,0.895156678991583,-1.5440419738131403,-0.6848481484665204,-0.5844788437285944,-0.5811993136097704,-0.5735012244843509,1.7674024273509945,-0.5888984180666025
1.5065846529986286,0.6406544562456101,1.2376971062330926,0.8673092477370626,0.38012792518453736,0.6499325253409306,-0.45882175999271557,0.31149841532099354,-0.10136521689667811,0.20834643261240188,0.5527510783240025,-0.5811993136097704,-0.5735012244843509,-0.5658020972047737,1.6980857297648633
0.018028304139015024,0.44779510735312694,-0.5977749533599955,0.9818406599896984,-1.736895172089426,-0.6051952811625164,0.04817887487196176,1.3620832899280546,0.6543226081548021,2.1358942372495626,-0.9493639975946179,-0.5811993136097704,-0.5735012244843509,1.7674024273509945,-0.5888984180666025
0.6687872469870878,1.7552824535868514,-1.1825173874001116,-1.349461875406055,-0.4568401674069286,-0.7160622559005421,0.2325427420954808,0.19476676258687567,1.6504565593590261,-1.7633881737027572,-0.26983655673433893,-0.5811993136097704,-0.5735012244843509,-0.5658020972047737,1.6980857297648633
1.0468852501661132,-0.06517004961910268,1.5138651627442463,-0.5107074291335594,0.14484229465900525,1.1247009316419636,0.8778162773777974,0.6616933735233472,-1.715789206779386,0.5017968619221665,0.6683457438739492,-0.5811993136097704,-0.5735012244843509,1.7674024273509945,-0.5888984180666025
-1.9442903689258062,-1.8073225020301866,-0.6955655168500899,0.5690831786258935,0.2653622189930675,-1.2273075308291077,-0.6431856272162346,-0.38889150108371373,0.8947687343075459,-0.043329852211063634,-0.9351775290186924,-0.5811993136097704,-0.5735012244843509,1.7674024273509945,-0.5888984180666025
-0.47889812330584697,0.5989410435782947,0.006609455106865186,-1.3895487151303219,-0.7365866226327598,0.3405564641424271,-0.9197314280515132,-0.2721598483495959,1.0321665206805424,2.1575364957276264,-0.6872994908322627,1.7205801462309047,-0.5735012244843509,-0.5658020972047737,-0.5888984180666025
0.12180946636460024,0.4843326925256467,0.28508010891981017,1.503422771470555,0.311519592699175,0.2698403207151009,0.2325427420954808,1.1286199844598188,0.1047314626628165,2.1575364957276264,0.8711059819296878,1.7205801462309047,-0.5735012244843509,-0.5658020972047737,-0.5888984180666025
-1.9442903689258062,0.2660644752835909,0.3832214030788557,0.5610229959690713,1.2334278971413897,0.8246133101936562,2.6438990877320228,1.2453516371939366,0.4482259285953075,-0.7086655968142592,-0.10916130175731702,-0.5811993136097704,1.743675440098885,-0.5658020972047737,-0.5888984180666025
-1.9442903689258062,1.7199176865192045,1.1188853574312543,0.7814531841034302,-0.15798563818676395,-0.2684599248670483,-0.5510036936044751,0.19476676258687567,-1.097499168100902,-0.9566044495011404,-1.130587806114048,-0.5811993136097704,-0.5735012244843509,1.7674024273509945,-0.5888984180666025
0.6742401278929484,-0.5002633846738318,-1.8302463701959857,-0.4322271604294227,0.8334654418681322,0.05653631420352804,-0.7814585276338739,1.2453516371939366,-0.6166069157954147,0.11871526340609506,-1.7522388406058544,-0.5811993136097704,-0.5735012244843509,1.7674024273509945,-0.5888984180666025
-1.4547043805374031,0.329770154120703,-1.4437963893668038,-0.5067520030962653,-0.9915073511534892,-0.7943650309117058,1.3394639429612762,-0.5056231538178316,-0.7883541487616602,-0.34903576328997904,-0.45349723177465157,-0.5811993136097704,-0.5735012244843509,1.7674024273509945,-0.5888984180666025
1.8476756123329237,0.5298154752575444,-0.2669797742014621,0.14803097381466795,0.7898239667523014,0.4589326888291619,0.7856343437660379,0.895156678991583,-0.10136521689667811,1.1987526557813692,-0.5588873333917705,-0.5811993136097704,-0.5735012244843509,-0.5658020972047737,1.6980857297648633
-0.8451924681041845,-0.39674808543705403,0.7763964231004787,0.017404632222862346,0.6645620606654001,0.48113026419286875,0.5090885429307593,-0.9725497647543032,-0.8570530419481583,-0.15871859103138228,0.36345554836501487,1.7205801462309047,-0.5735012244843509,-0.5658020972047737,-0.5888984180666025
1.9336115459578145,2.5586232744991997,-0.39235031335397924,0.3730224722609194,-0.31837901643365907,-0.13960448193149277,0.6934524101542784,-1.206013070222539,1.272612646833286,-1.201821285409067,0.58473276646942,-0.5811993136097704,-0.5735012244843509,-0.5658020972047737,1.6980857297648633
-0.8334722113961086,-1.199698450055016,0.516474033673043,1.5745324328661086,0.05104874268170186,-0.41006262354393747,0.6012704765425189,-0.5056231538178316,-0.23876300326967453,-0.4644164029582264,-0.8684630503007967,-0.5811993136097704,-0.5735012244843509,-0.5658020972047737,1.6980857297648633
-1.421671589283781,0.6352527471751495,-1.1655100503989138,-0.4928480966492445,0.6742022713349543,0.15243934353598218,-1.150186262080912,1.7122782481304082,-0.13571466348992722,0.5449898284348542,1.1861297866465346,1.7205801462309047,-0.5735012244843509,-0.5658020972047737,-0.5888984180666025
-1.0435422285356273,0.3756532383987876,-0.7443384609601132,-1.7507083098785723,-0.15498149881068388,0.95082515047244,0.32472467570724034,1.2453516371939366,-0.9944508283211548,-0.05456444198278883,0.11792963728452831,-0.5811993136097704,-0.5735012244843509,1.7674024273509945,-0.5888984180666025
-0.34870196029906475,-0.08817827787211363,-1.5133803427842065,1.550440377657072,-1.4042916981343343,-0.26000114378484634,-1.1962772288867918,0.42823006805511143,0.3451775888155602,-0.2677865061662807,-1.3155361143973865,1.7205801462309047,-0.5735012244843509,-0.5658020972047737,-0.5888984180666025
-0.8239645293864258,-0.738099871060892,1.606505011964407,-0.09412493005739647,-0.5598005063844146,-0.6902885660985365,-0.1361849923515573,-0.38889150108371373,-1.3035958476603968,-0.13260070187123213,-0.9484955562006762,-0.5811993136097704,-0.5735012244843509,1.7674024273509945,-0.5888984180666025
0.17999063980797178,-1.7626912164573394,-0.4781957784151603,1.1681844128040677,0.6014953929311755,0.23555222886912186,-0.9197314280515132,-1.4394763756907747,1.6161071127657771,-0.2022414623354,0.611483162271976,-0.5811993136097704,-0.5735012244843509,1.7674024273509945,-0.5888984180666025
-0.7816648214865317,-0.0038404451394178155,0.6688035536989897,1.1103185549227415,-0.1648927044261785,0.8413154054379532,-0.2744578927691966,-0.6223548065519495,-1.6127408669996386,-0.1403112734079038,-0.740688144120947,-0.5811993136097704,1.743675440098885,-0.5658020972047737,-0.5888984180666025
-1.1199851770034481,1.6351965190591795,0.0714149311633062,-0.7105517106204641,0.11735447561233844,-1.4119675821185798,0.5090885429307593,1.7122782481304082,-0.5135585760156673,1.451219688334764,0.9013333140401996,1.7205801462309047,-0.5735012244843509,-0.5658020972047737,-0.5888984180666025
-0.5209371643677978,-0.3446513202460576,2.3754873439322486,-1.2769387897635278,0.15520697419408425,-1.9391997026358896,-0.19312353000909852,1.5955465953962904,1.0665159672737914,-0.6741674265479477,-0.3741089775949416,-0.5811993136097704,-0.5735012244843509,1.7674024273509945,-0.5888984180666025
0.6972321886763361,1.25488890151397,0.6889965316525073,0.02817042285832039,-1.3261631510799168,0.4218215551633195,-1.1040952952750323,1.4788149426621724,0.7230215013413004,-1.3282128028183553,-2.2672693376681443,-0.5811993136097704,1.743675440098885,-0.5658020972047737,-0.5888984180666025
0.16344678791466927,0.9437478630817163,0.26194972209936257,-0.7396561141641051,0.16208730132392327,0.6671496794324873,-0.3205488595750763,-0.155428195615478,1.0321665206805424,2.1289510770310422,-2.042746011515758,-0.5811993136097704,-0.5735012244843509,-0.5658020972047737,1.6980857297648633
-1.1464003013331283,1.5659849591972799,-1.8302463701959857,-0.9179877784792607,0.44295025913809305,-0.554747040196649,0.8778162773777974,1.2453516371939366,-1.2005475078806493,0.5824736988431218,0.8606373202414284,1.7205801462309047,-0.5735012244843509,-0.5658020972047737,-0.5888984180666025
-0.8890074768539581,0.6638520121672066,-0.7677160710505118,0.14285653806175092,-0.3026109095960507,-0.5253099415726824,-0.09009402554567751,0.895156678991583,-0.20441355667642544,-1.0670237272620369,-0.9980314484414389,1.7205801462309047,-0.5735012244843509,-0.5658020972047737,-0.5888984180666025
-1.2527086234081928,0.883746610717437,-1.649717657389452,-0.7088148543195275,-0.8439974897274534,-0.43060816839910226,0.8317253105719177,0.895156678991583,0.1734303558493147,0.40918142922551104,-0.4704454315504291,1.7205801462309047,-0.5735012244843509,-0.5658020972047737,-0.5888984180666025
-1.343059639303409,-1.036430447057911,-1.8302463701959857,0.2324772112610589,0.21399962763238575,-0.47020660497976946,0.6012704765425189,0.19476676258687567,-0.6166069157954147,-0.3746176378010588,0.1610877479324968,-0.5811993136097704,1.743675440098885,-0.5658020972047737,-0.5888984180666025
1.447897679879691,1.3282371212362614,-1.2327361815582387,-0.6063275374310946,-1.0336657086750438,-0.04922273175942171,-0.23334483816357882,-1.089281417488421,0.0016831228830691885,-2.1795504679936823,-1.3534253260953033,1.7205801462309047,-0.5735012244843509,-0.5658020972047737,-0.5888984180666025
0.9800145210835858,-0.06650517270593172,1.523686329964559,-0.8510218902002921,1.0591680917739674,0.5851195210975952,0.5090885429307593,1.1286199844598188,1.4100104332062824,1.2940859121384702,0.01687606576038448,1.7205801462309047,-0.5735012244843509,-0.5658020972047737,-0.5888984180666025
-0.014535623786704189,-0.6315919464101655,-0.5986349088041951,1.0341973189109086,0.9288883485397886,-0.12200672342310852,-1.2044238271446974,0.19476676258687567,-0.37616078964267097,0.5486293182121519,-1.0535973327461674,-0.5811993136097704,1.743675440098885,-0.5658020972047737,-0.5888984180666025
1.4823387741355545,0.31690550996927086,-0.5180392184219721,0.6719511530795628,0.5081212512424654,-0.6722399960132769,0.2325427420954808,-0.8558181120201853,-1.1661980612874003,0.16536585086509797,-0.7822778585250915,-0.5811993136097704,-0.5735012244843509,-0.5658020972047737,1.6980857297648633
-1.241577587806443,0.2707157944628103,0.32592832125854937,-0.9377240803697016,0.06096759667601637,-1.39063538971954,-0.6892765940221144,0.19476676258687567,-1.3035958476603968,1.6968555156272134,-0.002641117146136098,1.7205801462309047,-0.5735012244843509,-0.5658020972047737,-0.5888984180666025
0.2542121951166924,0.7819976940085922,0.1626468604959579,-0.24759964339205734,-0.7284615170762673,1.5801941162977362,0.5551795097366391,1.0118883317257008,0.8260698411210476,-0.6717298609699889,1.0448588747468663,-0.5811993136097704,-0.5735012244843509,-0.5658020972047737,1.6980857297648633
1.4128692347442626,-0.15318610698189042,2.4496474220362736,0.2446881555520605,-0.8307751114783972,-1.3126559875813057,-0.1361849923515573,-0.8558181120201853,1.1695643070535386,0.09706279010506577,-1.5089390919370562,-0.5811993136097704,-0.5735012244843509,1.7674024273509945,-0.5888984180666025
-0.8211529077478811,0.45719096675002646,1.697004900415261,0.3409166376174359,0.33785646859891744,-0.06644477331207052,0.7395433769601581,1.0118883317257008,1.3069620934265351,-0.009752566437386423,1.422911443193577,-0.5811993136097704,-0.5735012244843509,-0.5658020972047737,1.6980857297648633
0.7708442268612483,-0.4427481153027854,1.5020728187026633,0.5513376581765624,-1.085481533487563,-0.6965542035905136,0.1403608084837213,-0.9725497647543032,-0.8570530419481583,-0.6505911993511445,-1.3285966517869403,-0.5811993136097704,-0.5735012244843509,1.7674024273509945,-0.5888984180666025
-0.5134965571060947,-0.4680876139648178,0.7500556457541377,-0.6292225049070239,0.4887827285317525,-1.7327960980068864,-0.7814585276338739,-1.6729396811590105,1.5130587729860296,0.23706932693662855,0.6057854222880293,1.7205801462309047,-0.5735012244843509,-0.5658020972047737,-0.5888984180666025
-0.048191935158956235,-1.4978165226563052,-0.1127539670971509,0.8218982245528618,2.492032439736671,-0.6283025933746818,1.6482620733499493,-0.038696542881360096,-1.0288002749144038,-1.1277129419052847,-0.5905975636583297,-0.5811993136097704,1.743675440098885,-0.5658020972047737,-0.5888984180666025
-0.7302926302409188,0.6741918834948576,1.9813615854915163,2.5417647996215544,-0.9934005321840661,-1.9483469291055062,-1.2423681956926715,-0.155428195615478,-0.44485968282916916,0.1626400182246464,0.2818775192425252,-0.5811993136097704,-0.5735012244843509,1.7674024273509945,-0.5888984180666025
0.29852383340869915,2.9147472012174402,-0.1885101613200625,-0.6370789353957201,2.6835915525659524,0.2917402652510024,0.21149542189864776,-0.038696542881360096,-0.06701577030342902,-0.45622990715865636,-0.029569622135155148,1.7205801462309047,-0.5735012244843509,-0.5658020972047737,-0.5888984180666025
0.10446617992448405,-1.8073225020301866,0.20723234223520948,0.8742205006954111,1.1109746437874093,0.12321694996464506,-0.18227595915743702,0.31149841532099354,-0.13571466348992722,-0.2127953012749549,0.04745873578947179,-0.5811993136097704,1.743675440098885,-0.5658020972047737,-0.5888984180666025
-0.08494256064484428,2.7237537593724293,-1.1611989880320819,1.1349963447328961,-0.5826317753499196,-1.6299892600009993,-0.18227595915743702,1.4788149426621724,-0.719655255575162,0.5643106631843375,-0.8844205413902871,-0.5811993136097704,-0.5735012244843509,-0.5658020972047737,1.6980857297648633
-0.2327301507884104,-1.0231675278974308,-0.03530950454367548,-1.5880906011084575,-1.1896275039870294,-1.5471842892782637,-0.2744578927691966,-0.155428195615478,0.37952703540880933,1.2741980885954056,-0.34858756214095,-0.5811993136097704,1.743675440098885,-0.5658020972047737,-0.5888984180666025
-0.5413764777282144,-1.8073225020301866,-1.4544367599103063,0.14799716704212307,2.1145449267634953,0.4910786788928099,-0.8092257454920405,0.19476676258687567,1.4443598797995316,-0.9412884454049417,-0.6741766720109419,-0.5811993136097704,1.743675440098885,-0.5658020972047737,-0.5888984180666025
-1.4124431312558603,2.428469621931579,-1.0846925440628674,-0.5210687523377696,-0.6976639615261677,0.25942137340059496,0.37081564251312005,-0.9725497647543032,0.7230215013413004,-0.5199332044570395,1.7462001049603673,1.7205801462309047,-0.5735012244843509,-0.5658020972047737,-0.5888984180666025
0.295565008291149,1.548348279896498,-1.3150873569190145,0.379786838191104,-0.40289572427578135,-1.023614265783568,-0.36663982638095605,0.7784250262574651,-1.5096925272198913,-1.0382389879018359,0.21847903586399378,-0.5811993136097704,-0.5735012244843509,-0.5658020972047737,1.6980857297648633
-1.185248157510798,1.3207043594545314,-0.16743933275530673,-0.785141894725826,-0.5883695625673251,0.1975569686801429,-0.4127307931868358,0.7784250262574651,-0.41051023623592003,0.3606387001823529,-0.3613090225823057,1.7205801462309047,-0.5735012244843509,-0.5658020972047737,-0.5888984180666025
0.6415385455631674,-1.2441972074646432,-0.7062900659360107,3.3785227702128973,-0.8731347042088683,0.06851125577864815,-0.7353675608279941,0.5449617207892293,-0.13571466348992722,0.38471466892025835,-0.8090888246752436,-0.5811993136097704,1.743675440098885,-0.5658020972047737,-0.5888984180666025
0.4195701533170532,-0.5221517062261413,1.0760746902415457,0.8709532324165918,-0.41027950315868533,0.5313459323197297,-1.0580043284691525,-0.5056231538178316,-0.5479080226089165,-0.2274765523529577,0.46462221583230867,-0.5811993136097704,-0.5735012244843509,-0.5658020972047737,1.6980857297648633
-0.9368630383753576,-0.8198308785434334,-0.1674521682225549,-1.347506263818913,-0.4892852238560845,-0.7407649571693723,-1.150186262080912,-0.2721598483495959,1.4100104332062824,0.049560851159454584,-0.040728331870066116,-0.5811993136097704,1.743675440098885,-0.5658020972047737,-0.5888984180666025
-1.9442903689258062,-0.6969741734543499,0.044825490678816624,0.010226433006090541,-0.6574868034061603,1.3953758762065362,0.09426984167784153,0.07803510985275779,0.276478695629062,1.0177534137246507,0.4493060976979909,-0.5811993136097704,1.743675440098885,-0.5658020972047737,-0.5888984180666025
0.022793761845089713,-1.1145110702268626,0.5609491198670747,-0.5066781013313203,-1.3916344066356046,-1.3281823096228549,-1.2423681956926715,1.2453516371939366,-0.06701577030342902,0.3154245640647832,0.9235282102645302,-0.5811993136097704,-0.5735012244843509,-0.5658020972047737,1.6980857297648633
0.10790962116981956,0.08115959093444912,-1.0118442178928229,-0.49568039280082576,3.1038953600094814,-0.2522237195117927,1.2796853161796486,0.19476676258687567,-0.719655255575162,-1.0127958368404908,-0.13029139111987753,-0.5811993136097704,1.743675440098885,-0.5658020972047737,-0.5888984180666025
1.3463655737975972,-0.9313290339214483,-0.42311799436364084,1.6588375235219066,0.4554273713720289,0.5990548252982095,-1.3806410961103108,0.7784250262574651,0.929118180900795,0.9728863538647089,0.8290465427635486,-0.5811993136097704,1.743675440098885,-0.5658020972047737,-0.5888984180666025
0.21217464941636346,0.056160718923552164,0.9199717878823552,-0.23998457224649794,0.5611787874172424,-1.7481231479745263,1.3315067128463394,0.31149841532099354,-0.6853058089819128,-1.2163762096268325,-0.06070298619321243,-0.5811993136097704,-0.5735012244843509,1.7674024273509945,-0.5888984180666025
-0.02081460374091129,-0.5427875180713873,0.21255247626865384,1.0474182501630513,-0.15595633230656383,0.06801411545563074,0.6473614433483986,0.895156678991583,0.1734303558493147,1.5240704271052017,1.0767486355360234,-0.5811993136097704,-0.5735012244843509,1.7674024273509945,-0.5888984180666025
-1.0316260828031472,1.268725384700937,0.5929632283159104,-0.16040367676453693,-0.8404982014073786,-0.6840515628157595,0.32472467570724034,1.2453516371939366,-0.23876300326967453,0.05690553241901295,-1.245391660013083,1.7205801462309047,-0.5735012244843509,-0.5658020972047737,-0.5888984180666025
0.9686536966572867,-0.41996490818492893,-0.3748338753205556,0.2219241333073327,-1.2391030045458165,-0.1670060563884979,-0.43247231393637536,1.5955465953962904,0.5856237149683039,0.11576632733575863,1.5495495858329429,1.7205801462309047,-0.5735012244843509,-0.5658020972047737,-0.5888984180666025
-0.20249966828172736,1.218642621020697,-0.49588486920877756,0.4171058837100315,1.229780213666938,-0.025262126193775006,-0.3205488595750763,0.5449617207892293,-0.17006411008317632,-0.8157489407531167,-0.8871332699203526,-0.5811993136097704,-0.5735012244843509,1.7674024273509945,-0.5888984180666025
0.02458895598812587,0.7318910340530018,-1.5225520105765586,-0.6734822015828058,2.087634388896429,-0.4693842239269304,0.7856343437660379,-1.089281417488421,-0.4792091294224183,-0.731090252058185,1.7462001049603673,-0.5811993136097704,-0.5735012244843509,1.7674024273509945,-0.5888984180666025
-1.069569966968702,0.3699472620372059,0.05617931064382837,-0.4280478132481238,0.8836955541746504,-0.4134018754670889,-0.093836215051176,0.19476676258687567,0.7230215013413004,-0.6000510108345485,0.8564349702425229,-0.5811993136097704,-0.5735012244843509,-0.5658020972047737,1.6980857297648633
-0.49519972760789166,-0.09945483871745511,-0.44772204630089535,-1.4401143899950055,-0.40685460957790237,-1.9483469291055062,3.441275984995226,-1.4394763756907747,-0.3074618964561727,-1.4304794889462447,-0.26258181927272434,-0.5811993136097704,1.743675440098885,-0.5658020972047737,-0.5888984180666025
-0.14952040353910875,-1.6430945314961907,0.8995944671017623,1.857173731925049,-0.232595080271962,-0.8892696511595771,-0.9197314280515132,0.31149841532099354,0.7230215013413004,1.0052970987602285,-0.9002078214234203,-0.5811993136097704,-0.5735012244843509,-0.5658020972047737,1.6980857297648633
0.2531775611066375,0.40695450144398,0.08019997171234415,1.0075848633085212,-1.3064586155035656,0.6368529704779827,0.32472467570724034,-0.9725497647543032,-0.4792091294224183,-0.24524132635109422,-0.25196445612529644,-0.5811993136097704,-0.5735012244843509,1.7674024273509945,-0.5888984180666025
-0.23002177617680536,-0.33792863444848126,-1.4970911528827073,0.29459736621241067,-0.5285594807587767,-0.7981810200459207,0.6012704765425189,-0.8558181120201853,1.5474082195792789,0.0075664940904152855,-0.8453792748291382,1.7205801462309047,-0.5735012244843509,-0.5658020972047737,-0.5888984180666025
-0.3347538210272454,-0.36550209512879106,-0.279876726399203,2.320874402656005,0.07972476961437575,-0.3518903470264536,-1.3806410961103108,1.7122782481304082,1.4443598797995316,-0.817102803070841,-1.3854036247887729,-0.5811993136097704,-0.5735012244843509,1.7674024273509945,-0.5888984180666025
-0.8370884021289425,0.6212001423723011,0.3953899395370883,-0.9573093260921893,0.09722477477085732,-0.8692619791375168,-0.6892765940221144,1.5955465953962904,0.7230215013413004,-0.3650079934071315,-0.7216139060957618,-0.5811993136097704,-0.5735012244843509,1.7674024273509945,-0.5888984180666025
-0.20280721050145245,-0.0574288358104004,1.2470629237713853,1.1895849142339678,-0.5807155425036639,0.40847298085135014,-1.334550129304431,0.31149841532099354,-1.0288002749144038,1.9163323263403815,-2.6000007248504966,1.7205801462309047,-0.5735012244843509,-0.5658020972047737,-0.5888984180666025
0.2757461275717026,-0.6050627327771175,-1.8302463701959857,-1.0825033878936614,3.03179615985333,2.094546342463113,0.4317408560254088,-0.6223548065519495,-0.20441355667642544,0.512409123272985,-1.1073713686393494,-0.5811993136097704,-0.5735012244843509,1.7674024273509945,-0.5888984180666025
-0.5498220488303428,-0.8715947367504067,1.5306815279062835,0.6011520406112683,1.0509493216083368,1.7648246397520757,-1.334550129304431,0.42823006805511143,0.929118180900795,-0.8376604554438847,-1.62509507805244,-0.5811993136097704,-0.5735012244843509,1.7674024273509945,-0.5888984180666025
-1.4622950808522486,0.001475863423912168,1.0180309015813462,0.4525236644990813,2.4182193567939816,0.5069264563291581,-0.15541435695263603,-1.206013070222539,-0.5479080226089165,-0.1937185041527234,0.334643305447477,-0.5811993136097704,1.743675440098885,-0.5658020972047737,-0.5888984180666025
0.5562895639963716,0.6478271380029804,1.1315807117449654,-0.016962215342291243,-1.1978282956247543,0.6824455753892115,-0.5049127267985953,0.31149841532099354,-1.4753430806266423,-2.2796918398365165,0.6062075980452496,-0.5811993136097704,-0.5735012244843509,-0.5658020972047737,1.6980857297648633
-0.6233867861518286,-0.6154420120130399,-0.8641234798947993,1.5868932536528224,-0.8310323907999789,-0.14401705185281513,-1.2884591624985513,0.6616933735233472,-0.17006411008317632,-0.5005482903788739,-0.3229599772312182,-0.5811993136097704,-0.5735012244843509,-0.5658020972047737,1.6980857297648633
1.1249322604159802,0.6484256158393635,-0.4926902052585801,-0.7158521203820853,1.5076116854652428,0.24679139603475503,0.20257068599208367,1.4788149426621724,-0.9257519351346566,0.488214713495801,-0.007054884546880147,-0.5811993136097704,-0.5735012244843509,1.7674024273509945,-0.5888984180666025
-0.46164900580071017,0.361238478403202,0.24367607647299852,0.28456803666173064,-0.0434328958784929,-1.2154775103784055,0.43945209149501513,-0.9725497647543032,0.7573709479345494,-0.6961733659182948,-0.6033282656101006,-0.5811993136097704,1.743675440098885,-0.5658020972047737,-0.5888984180666025
-0.6295489846818086,-0.8785025485747296,0.09003187921899286,0.6722765483871879,0.8279130487449403,-0.7610540509158065,1.8930210175045754,1.4788149426621724,-0.10136521689667811,-0.3897908684828214,0.2575846502733876,-0.5811993136097704,-0.5735012244843509,-0.5658020972047737,1.6980857297648633
-1.9442903689258062,0.4814983228714067,0.6832387288580493,0.26985905103672675,-0.1772540439867407,-0.6397138440598931,0.8317253105719177,-0.38889150108371373,-0.6166069157954147,-0.17002474562459424,0.246169791360671,1.7205801462309047,-0.5735012244843509,-0.5658020972047737,-0.5888984180666025
-0.859092476979311,1.114748587586657,0.2850634410774224,-0.8945651917382147,0.7977869569185128,0.7166911974987378,0.2786337089013606,-0.038696542881360096,-1.3035958476603968,2.0221673615005704,1.111596641299958,-0.5811993136097704,-0.5735012244843509,1.7674024273509945,-0.5888984180666025
0.3825224609872136,-0.03503593163598646,-0.047328267708680004,0.7276381566275631,0.9010456695530433,0.3337974488552018,1.3731993258675284,-0.8558181120201853,-1.6814397601861368,0.9465596077301124,-0.002844798817608098,-0.5811993136097704,1.743675440098885,-0.5658020972047737,-0.5888984180666025
0.28503666632960745,0.42873592849060405,-0.18530110650329082,-0.4225108160190473,-1.551309869218206,-0.49818396359421513,0.7856343437660379,0.7784250262574651,-1.6814397601861368,0.8286486671098968,-1.652425886667688,-0.5811993136097704,-0.5735012244843509,-0.5658020972047737,1.6980857297648633
-0.31381355917112064,0.26691635052857543,1.2794100001781508,-0.2658332847802594,0.13561419187603718,1.3833264817976068,-0.5049127267985953,-1.5562080284248927,-1.6814397601861368,0.4257877899939488,0.09433186572331563,-0.5811993136097704,-0.5735012244843509,1.7674024273509945,-0.5888984180666025
-0.08222070998636453,0.32762179650830064,0.00817273422675331,2.03598739020268,1.8317692580305824,0.1345281889666894,-1.1040952952750323,-0.5056231538178316,0.619973161561553,-0.6120893410231536,-1.1893839866392975,-0.5811993136097704,1.743675440098885,-0.5658020972047737,-0.5888984180666025
0.5044670225426872,0.16511883554108348,-1.433430718916673,0.1669021829069291,-1.325397161921233,1.612725783928296,0.04817887487196176,-0.6223548065519495,-1.2348969544738986,-0.12778777924764295,-2.4193966672494707,-0.5811993136097704,1.743675440098885,-0.5658020972047737,-0.5888984180666025
-0.8282510241332421,-0.38279748680865244,0.2871573886223607,0.6498363781963884,-1.6698831111190744,-0.43068394915691044,2.2880366475736995,1.2453516371939366,-1.0288002749144038,0.8367754829799451,0.23843222671831565,1.7205801462309047,-0.5735012244843509,-0.5658020972047737,-0.5888984180666025
0.38885702604752803,1.2649360562243366,-0.9333928547296697,-0.7687066848490156,-0.01620677027055285,1.0203935889482072,-0.8275494944397537,1.4788149426621724,0.1047314626628165,0.24991478218234697,0.44848103711332465,1.7205801462309047,-0.5735012244843509,-0.5658020972047737,-0.5888984180666025
-0.14474119216580672,-0.06615859503136551,0.2290681691107667,0.642103074799968,1.1718480910496656,0.958424553694392,0.7395433769601581,0.42823006805511143,-0.8227035953549093,0.5213637182593484,0.7066767092983944,-0.5811993136097704,1.743675440098885,-0.5658020972047737,-0.5888984180666025
0.8649092740228832,-1.8073225020301866,-0.2169839352283937,-1.803314887260497,-1.7360510062826546,1.1524685383116626,0.1403608084837213,0.19476676258687567,-0.17006411008317632,-1.0722296666587163,1.328880706073297,1.7205801462309047,-0.5735012244843509,-0.5658020972047737,-0.5888984180666025
-0.15465431213459543,-1.4445654879491032,1.546350231221822,-0.1165012667926246,-0.47104756170605566,0.37200559815575923,0.32472467570724034,-0.5056231538178316,0.0703820160695674,-0.32047417403250245,-0.9985409541796781,1.7205801462309047,-0.5735012244843509,-0.5658020972047737,-0.5888984180666025
0.8392865379307362,0.17769005130766738,-0.3929074375470222,-0.5884325222137415,0.3569340962528638,0.6977054080489253,0.5090885429307593,0.07803510985275779,-1.097499168100902,-1.3520918352475053,1.7462001049603673,-0.5811993136097704,-0.5735012244843509,1.7674024273509945,-0.5888984180666025
-0.38457027084647066,0.8015130525760799,0.13834925897147146,-0.5210243774580823,1.0484543674459097,-0.3358167702845732,-0.5510036936044751,1.7122782481304082,1.5130587729860296,-2.3280326755997907,-1.0231999247468282,1.7205801462309047,-0.5735012244843509,-0.5658020972047737,-0.5888984180666025
-0.9497716486772141,1.231670832745719,-1.5506643401762068,0.34438308627953257,-1.0131236324654374,-0.8477212356668933,0.6934524101542784,0.07803510985275779,-0.6166069157954147,0.3215911639397704,-1.6088544398702003,-0.5811993136097704,-0.5735012244843509,1.7674024273509945,-0.5888984180666025
-0.43630089615184237,-0.25371122933355916,0.1531403794026597,-0.09400664133662277,0.7990207360306936,0.441453700504108,0.4629975761248796,0.19476676258687567,-1.3722947408468948,0.9175698996877567,-1.031278766176014,-0.5811993136097704,1.743675440098885,-0.5658020972047737,-0.5888984180666025
-1.0887507058027217,-0.5918086465627344,0.6778924466843953,-0.17270965700273547,-0.3503725988435442,-0.4763037273763378,-0.6431856272162346,-0.8558181120201853,-0.20441355667642544,-0.05683982059627473,-0.8301303781374095,-0.5811993136097704,1.743675440098885,-0.5658020972047737,-0.5888984180666025
0.9779903739087377,0.6172795432476139,-1.0813110584488694,0.6859698619280152,-0.001378683231454601,0.3563245186089779,0.7395433769601581,1.5955465953962904,1.272612646833286,0.9519982354980789,-0.10741132822253366,-0.5811993136097704,1.743675440098885,-0.5658020972047737,-0.5888984180666025
-0.14891474918258263,1.3846929859111352,0.2658220854172513,-0.5564254732528705,-0.7284981840360382,1.2177334475478752,0.0020879080660820017,-0.7390864592860674,0.9978170740872931,-2.344632540553954,-1.2741191009621382,-0.5811993136097704,-0.5735012244843509,1.7674024273509945,-0.5888984180666025
1.1170550736647011,0.4235346185735722,-1.2684439134922474,-0.8762868614510925,0.3104532079857391,-1.9483469291055062,0.5551795097366391,-0.6223548065519495,1.4443598797995316,-1.5437513014083752,0.44281647019961384,1.7205801462309047,-0.5735012244843509,-0.5658020972047737,-0.5888984180666025
0.11232752166657693,-0.15693231103771033,0.7827235082186244,0.3217361954216418,1.3920099137286415,0.5912056567964916,0.8709830160973215,-0.5056231538178316,0.963467627494044,-1.0925805210288684,0.5777740846770516,1.7205801462309047,-0.5735012244843509,-0.5658020972047737,-0.5888984180666025
0.06595915554933132,1.9159593153835413,-1.403745370547107,0.5645842021460439,-1.298934130287622,0.7207478831553251,-0.5970946604103549,1.1286199844598188,1.4787093263927806,-0.4416757244048557,-0.19552051428513384,1.7205801462309047,-0.5735012244843509,-0.5658020972047737,-0.5888984180666025
-0.5126009593235655,0.9981902538948252,-0.26863273530105075,-0.122306165823604,-0.048338037007889516,-0.6746356951377327,0.09426984167784153,-0.8558181120201853,-0.34181134304942185,-0.9977791720578653,-1.1735650576012409,-0.5811993136097704,-0.5735012244843509,1.7674024273509945,-0.5888984180666025
-1.5030549811993208,0.1513638948597498,-1.671069271780963,-1.1583254811982104,0.15749754118670234,-0.700487658848542,1.0163019004711973,0.7784250262574651,-1.0288002749144038,0.2459714390107962,-1.521362056886038,-0.5811993136097704,1.743675440098885,-0.5658020972047737,-0.5888984180666025
-0.6195271684436986,0.19626576054967015,-1.7518323186770304,-1.1933061962564517,-0.7169856138535391,1.8332968988100822,-0.45882175999271557,-1.206013070222539,0.48257537518855664,-1.515256008812417,-0.13845019812705414,-0.5811993136097704,-0.5735012244843509,1.7674024273509945,-0.5888984180666025
-0.7268969641591815,0.48362776823497095,-0.6581250162085629,-0.8944913896060068,0.9069954622638797,0.05427036387998633,-1.1962772288867918,1.0118883317257008,0.03603256947631829,0.8751435557567224,1.3895738030777316,-0.5811993136097704,-0.5735012244843509,1.7674024273509945,-0.5888984180666025
-1.7669479497664733,0.2533533902558638,-1.5213468826570784,-0.1160905264585199,0.4739166807368155,-1.6098228454132628,0.0020879080660820017,-1.089281417488421,0.37952703540880933,0.18136230972666967,0.35829148335009975,-0.5811993136097704,-0.5735012244843509,-0.5658020972047737,1.6980857297648633
1.638593550028766,-0.03957829293198705,0.7741447271898468,1.7663979897630955,0.594383756182631,-1.3629338705379632,0.5551795097366391,-0.7390864592860674,-0.13571466348992722,0.48702248991931996,1.05964089524209,1.7205801462309047,-0.5735012244843509,-0.5658020972047737,-0.5888984180666025
0.7341413539605479,-0.7521169791644888,-1.3011156425809316,-0.2804568204304033,0.1648160217530048,2.068040657636151,3.4392531291863953,-0.9725497647543032,-0.23876300326967453,-2.532850553159674,0.0017583048417824992,-0.5811993136097704,1.743675440098885,-0.5658020972047737,-0.5888984180666025
0.06140084048982454,-0.24997231308858034,0.048324841280108694,1.7814789426678417,-0.3050817863934145,-0.9572618831423385,-0.8736404612456334,-1.4394763756907747,-0.44485968282916916,1.6698704671507643,-0.7617267473090047,-0.5811993136097704,1.743675440098885,-0.5658020972047737,-0.5888984180666025
-0.3878119471962321,-0.07281565318025354,0.7038768543478477,-0.856740688955881,0.7578205309627696,-0.07125514142447786,-1.0119133616632727,-1.089281417488421,-0.37616078964267097,0.6442700361771816,1.7462001049603673,-0.5811993136097704,-0.5735012244843509,-0.5658020972047737,1.6980857297648633
-0.6117973129053138,0.738287995966779,0.9540625895984101,-1.1255844218567366,0.6434237442376477,0.23810342303757256,-0.36663982638095605,-1.6729396811590105,0.37952703540880933,0.9694177793140393,-0.4568451508614277,1.7205801462309047,-0.5735012244843509,-0.5658020972047737,-0.5888984180666025
1.9100283904611668,-0.45950917208567327,-0.6734221429777597,-0.3487156641886405,-0.21599614668407136,-1.9483469291055062,-1.0580043284691525,0.31149841532099354,1.6504565593590261,-0.08194958802932585,0.37596420124098057,-0.5811993136097704,-0.5735012244843509,1.7674024273509945,-0.5888984180666025
-0.6959627998753393,-0.2524743728123585,1.1283959903820444,0.4212960897285539,0.8224057594965413,0.11534161997143706,0.32472467570724034,0.42823006805511143,1.4787093263927806,1.479726872003733,0.37411627096284283,-0.5811993136097704,-0.5735012244843509,-0.5658020972047737,1.6980857297648633
2.4352732669943746,0.059069477319779067,-0.1523346398750989,0.05786023295099699,-0.40684822843832985,-1.0343317269871142,0.1403608084837213,-0.2721598483495959,1.4443598797995316,0.36285514271120123,1.7462001049603673,-0.5811993136097704,-0.5735012244843509,-0.5658020972047737,1.6980857297648633
0.4718598370216291,-0.5451533233692784,-1.1109601145968864,-0.17628193289227798,0.5411869429336725,-0.10719251298518782,-0.20896019348931288,-1.206013070222539,0.4482259285953075,-1.0666896666674597,-0.05979751438048525,-0.5811993136097704,1.743675440098885,-0.5658020972047737,-0.5888984180666025
0.7177060429074987,1.1875738881614584,2.299290088847853,-1.5948441017928456,0.1490710761616294,-0.26982311768009265,-0.2744578927691966,-1.4394763756907747,-1.3035958476603968,-0.48992428048120856,0.6516280509966755,-0.5811993136097704,-0.5735012244843509,-0.5658020972047737,1.6980857297648633
-0.09677937975788536,2.4935847675343514,-0.33569108117239127,1.0653079825807321,-0.42894866169383383,-0.8690561032382687,-1.334550129304431,0.6616933735233472,1.6848060059522751,-1.0122423334453103,0.5410973064966991,-0.5811993136097704,-0.5735012244843509,-0.5658020972047737,1.6980857297648633
3.188821278460081,-0.5431598972008072,0.06319601279146203,0.5164865090217778,0.4631140897420476,-0.16866398859785106,-1.3806410961103108,-1.322744722956657,-0.06701577030342902,0.7492258052234564,1.3503320635506346,-0.5811993136097704,1.743675440098885,-0.5658020972047737,-0.5888984180666025
-0.3730141630826399,1.5437009738333245,-0.8422127454385954,0.031655444398923455,-0.10363872502436226,-1.2206418746128629,-1.3806410961103108,1.1286199844598188,-0.9601013817279057,-0.39423061388347186,-1.1974998542737263,1.7205801462309047,-0.5735012244843509,-0.5658020972047737,-0.5888984180666025
-0.3873457827206139,-1.1614399485263134,-0.23206208317658758,-0.9216635763337433,-0.6926606896809623,-0.8858973050443679,0.7497856518972389,-0.5056231538178316,-0.4792091294224183,-0.4727599987637606,-0.7682485778008875,1.7205801462309047,-0.5735012244843509,-0.5658020972047737,-0.5888984180666025
0.9381822208583867,0.39163651138106026,-0.7626017239265684,1.131503257196302,-0.49663012240206805,0.3554988290279856,0.2786337089013606,1.4788149426621724,-1.406644187440144,-0.5786398612327509,1.7462001049603673,-0.5811993136097704,-0.5735012244843509,-0.5658020972047737,1.6980857297648633
0.3262896881109843,-1.6366993510570358,-1.7629997755817606,2.9874522962805417,0.5360980874734269,-0.4937018520756666,0.0020879080660820017,-0.155428195615478,0.7573709479345494,0.5878850874324659,-1.0869686492713777,1.7205801462309047,-0.5735012244843509,-0.5658020972047737,-0.5888984180666025
-0.8374984171470802,-0.8867079569788432,-1.070085049563685,-0.5085596468084197,-0.974969719461759,-0.07425152529746316,-1.2884591624985513,1.3620832899280546,0.5512742683750549,0.4754664128501075,-0.894110941921291,-0.5811993136097704,-0.5735012244843509,-0.5658020972047737,1.6980857297648633
-0.6496310258804088,-1.8073225020301866,-0.7198084675048532,-0.1817057977313447,-1.853707507442047,0.6560212992231943,0.6251282048099587,0.7784250262574651,1.2039137536467879,0.6159611679777659,0.887922643994874,-0.5811993136097704,1.743675440098885,-0.5658020972047737,-0.5888984180666025
-0.2006323068797764,0.4671841511956626,1.5972736968853227,1.2429540012054496,-0.7969816784821478,1.530727285873434,0.049922520892076896,1.3620832899280546,1.272612646833286,-0.5203746620588066,-1.3488111323796264,-0.5811993136097704,-0.5735012244843509,1.7674024273509945,-0.5888984180666025
0.06349450231334065,1.0972136886096646,0.15828566770380123,0.1051820893153314,-0.5692442643071359,-0.394031467169116,-0.18227595915743702,-1.322744722956657,1.2382632002400369,-0.09309519501957667,-0.6472596777326352,-0.5811993136097704,-0.5735012244843509,-0.5658020972047737,1.6980857297648633
-0.21005966760133202,0.26983518500412856,1.4887205024031067,0.8652299935061396,-0.03267142928806335,-0.9782136863736611,-0.36663982638095605,0.5449617207892293,-1.5440419738131403,0.32437643242175684,0.02404836568291726,1.7205801462309047,-0.5735012244843509,-0.5658020972047737,-0.5888984180666025
0.10838963158326348,0.2259232971913985,0.14805422489403303,-0.16299779082245391,1.1978982661185944,1.3775700950057204,0.5089868447374799,1.1286199844598188,-1.3379452942536458,-0.3280693446294594,0.6594131614774877,-0.5811993136097704,-0.5735012244843509,-0.5658020972047737,1.6980857297648633
0.7032219979232966,-0.656371573596176,0.40477637824299284,-0.4228418804786634,-0.3606245276706859,-0.8664539407668442,-1.0580043284691525,1.5955465953962904,-1.440993634033393,0.9005581966889118,0.8402718630093176,-0.5811993136097704,-0.5735012244843509,-0.5658020972047737,1.6980857297648633
-0.7392732746319498,0.6111864466971375,1.2665481549803181,1.9919004270118157,-1.247946369409429,0.6159464948216018,-1.150186262080912,0.07803510985275779,-1.131848614694151,0.7810759234845767,-0.41559903532212483,-0.5811993136097704,-0.5735012244843509,-0.5658020972047737,1.6980857297648633
-0.3064504508383287,1.2389258956757447,-0.29856729189909165,-1.0647736861894477,-0.10321394092103499,-0.20743804859810447,-0.36663982638095605,-1.5562080284248927,0.276478695629062,0.5093435805180159,-1.845010542392245,-0.5811993136097704,-0.5735012244843509,1.7674024273509945,-0.5888984180666025
-0.4550626022494784,0.43986781440253425,-1.8302463701959857,-0.44625053569862466,-0.8793384440120539,0.7942311536478435,0.2325427420954808,-0.6223548065519495,0.0703820160695674,-0.7318955104134438,0.17860485980568577,1.7205801462309047,-0.5735012244843509,-0.5658020972047737,-0.5888984180666025
-1.7417145096341973,1.4221153560266693,2.0644601957364395,-0.7136943920017657,-0.8157545569491848,0.6477469194298856,-1.2423681956926715,-0.8558181120201853,-1.1661980612874003,1.4287630652490895,0.2697584647780557,-0.5811993136097704,1.743675440098885,-0.5658020972047737,-0.5888984180666025
0.2851636389701836,0.5627316655986266,-0.29713755676130355,0.5100755640461223,-1.713628506118235,-0.5469577958079381,0.7856343437660379,0.42823006805511143,1.1695643070535386,-0.7122541167425807,0.2803029011792667,-0.5811993136097704,-0.5735012244843509,1.7674024273509945,-0.5888984180666025
-0.6170477085791052,0.42952452119085804,0.116720889703078,0.6805473806429247,1.5733550266334377,-0.2670045412309926,-0.8275494944397537,-1.6729396811590105,-1.097499168100902,-2.0535250754191856,-0.3223151114106335,-0.5811993136097704,1.743675440098885,-0.5658020972047737,-0.5888984180666025
-1.087872593661784,0.5634283037660697,-0.28341167637933395,-0.5379832217222082,-0.5449013084063328,-0.367099567197318,2.209937060241775,-1.206013070222539,0.4482259285953075,-1.8464250815131789,-0.06398178160783691,1.7205801462309047,-0.5735012244843509,-0.5658020972047737,-0.5888984180666025
-0.1533767808255884,-0.16977302813279407,-1.8302463701959857,-0.8403383584366054,0.0697056662027122,1.583659947949605,0.09426984167784153,-0.038696542881360096,-0.719655255575162,-0.357027177924685,0.4898171756535569,1.7205801462309047,-0.5735012244843509,-0.5658020972047737,-0.5888984180666025
0.13525031628555617,1.3731764672852471,0.0017641409565331374,0.015522964592697289,0.2549709749512568,0.4311240781001879,0.1403608084837213,-0.9725497647543032,-0.4792091294224183,-0.18939517445269163,-1.469415655098709,-0.5811993136097704,-0.5735012244843509,1.7674024273509945,-0.5888984180666025
-0.22191552043035248,0.1379289557101087,-0.6751993200071205,-0.3009579706202831,1.504930967048487,0.23495801312175893,-1.3064387905172181,-0.2721598483495959,-1.5096925272198913,-0.7126559730356176,-0.8765258921209388,-0.5811993136097704,-0.5735012244843509,-0.5658020972047737,1.6980857297648633
1.2819453166260892,0.128394097011365,-0.149419551861196,-1.2766484732349745,1.1292812445046567,-1.776119438277414,-0.7353675608279941,-0.9725497647543032,-1.4753430806266423,-0.5676261774830795,1.7462001049603673,1.7205801462309047,-0.5735012244843509,-0.5658020972047737,-0.5888984180666025
-0.16857482789509962,0.7930095611523025,-1.0866724557801808,0.38784110307095304,-1.0796119754747888,-0.4476967562172978,-0.965822394857393,0.7784250262574651,0.0703820160695674,-1.3078702876854988,-0.1376521022791026,1.7205801462309047,-0.5735012244843509,-0.5658020972047737,-0.5888984180666025
-1.805596087158198,-0.4767499359350029,-1.1842419623424758,0.6511130654889029,0.590542341525194,-0.5363620124462077,1.0114901872070075,1.2453516371939366,1.6504565593590261,-1.5546925273366907,1.7462001049603673,1.7205801462309047,-0.5735012244843509,-0.5658020972047737,-0.5888984180666025
-1.1575618900509952,-0.3574452380798703,-0.8785753507138678,-1.5871675049713627,0.7649219657024277,0.7807155570440076,-0.6990144447130267,-0.5056231538178316,0.7917203945277985,0.8276979892005368,0.6875283959296302,-0.5811993136097704,1.743675440098885,-0.5658020972047737,-0.5888984180666025
0.43691169772575844,-0.061057546500154325,-0.7071766940966924,0.049090067661008485,-0.6577358078077999,-1.4260471022909353,-0.45882175999271557,0.5449617207892293,-0.03266632371017991,0.3706466120838474,0.6022506929818428,-0.5811993136097704,-0.5735012244843509,1.7674024273509945,-0.5888984180666025
0.010730637994667528,-0.5942993281228347,-0.5448827733435944,-0.5726178325728104,0.5193692167891159,-0.5968378329726706,0.01580258469169645,-0.155428195615478,1.4443598797995316,-0.3266700544146316,-0.10254370758349729,-0.5811993136097704,1.743675440098885,-0.5658020972047737,-0.5888984180666025
-0.4531069252262695,0.223646846833049,-0.20792649400489094,-0.5444801732056906,-0.011148713335208168,-0.08853431029132286,-0.09009402554567751,1.2453516371939366,-0.5822574692021656,-0.836119441040416,1.1335803134132072,1.7205801462309047,-0.5735012244843509,-0.5658020972047737,-0.5888984180666025
1.8601893802514424,-1.8073225020301866,0.19634616824436346,-0.7192359610964674,1.4298101719557408,0.9783510545189332,-0.5051392209034894,0.31149841532099354,0.5856237149683039,0.2868828980443174,1.019426339146327,-0.5811993136097704,1.743675440098885,-0.5658020972047737,-0.5888984180666025
-0.7977507710037692,3.298535790365211,-0.3568206676459094,0.1803265343577699,-0.050632450876925375,-1.1451693251462758,-0.45882175999271557,-1.322744722956657,0.5169248217818058,-1.129805940509238,-0.15889627357865788,1.7205801462309047,-0.5735012244843509,-0.5658020972047737,-0.5888984180666025
-1.2253880567653448,2.815509221886253,-0.8247872403365504,0.6481555088228674,-1.1555037377532578,0.26738728552807106,0.09426984167784153,-0.38889150108371373,0.7573709479345494,0.7470324447434115,-0.71428872241429,-0.5811993136097704,-0.5735012244843509,-0.5658020972047737,1.6980857297648633
0.09135703438597015,2.1132084934634716,0.02017063186818609,0.6412419092794998,-1.851266338418056,-0.5599349379274252,0.4629975761248796,-0.8558181120201853,1.3756609866130334,-1.0409810449083,-0.05686956541881562,-0.5811993136097704,-0.5735012244843509,1.7674024273509945,-0.5888984180666025
0.06022723882716122,-1.1696356183879713,-0.06831455260451476,0.09036787768873794,0.04650820755624229,-0.511752664612938,3.139996400566385,1.3620832899280546,0.3451775888155602,-0.06689956132370488,-1.7146227877656597,-0.5811993136097704,1.743675440098885,-0.5658020972047737,-0.5888984180666025
1.5461751238105075,-1.3700152634766831,0.5589892946552317,3.323301785025996,-1.7678737696172968,0.5626138840216421,0.09426984167784153,1.1286199844598188,-1.4753430806266423,-1.2692116427331515,-0.8276805929090589,-0.5811993136097704,-0.5735012244843509,1.7674024273509945,-0.5888984180666025
-0.36097551302275727,-0.7722927930740305,-0.45802079872891754,-0.29172815364087457,-0.6172164712108265,2.1638229094586,0.8317253105719177,-0.5056231538178316,-0.5479080226089165,-0.25912508464668005,-0.2615704060615716,-0.5811993136097704,1.743675440098885,-0.5658020972047737,-0.5888984180666025
-0.8436082930090427,-0.26485343263449074,3.2355721544865,-0.4844043315773175,-0.31115369263929615,-0.26052292895545676,0.7856343437660379,-0.9725497647543032,1.2039137536467879,0.2579104199242362,0.2924320877175527,-0.5811993136097704,-0.5735012244843509,-0.5658020972047737,1.6980857297648633
0.3632041445735557,0.22704548596270896,-0.05186721674269952,0.724522540732761,-0.5164830610307716,0.09170108117650458,0.6473614433483986,0.42823006805511143,0.8260698411210476,-0.7219481129694064,-0.707627969075158,-0.5811993136097704,-0.5735012244843509,-0.5658020972047737,1.6980857297648633
-0.5220323368846636,-0.5731945118709184,1.2894567811012525,2.7953526820113144,-0.3697072051292279,-1.3808689989578833,-0.09009402554567751,0.5449617207892293,0.48257537518855664,1.9203470025567921,0.4909625737987765,-0.5811993136097704,-0.5735012244843509,-0.5658020972047737,1.6980857297648633
-0.1585346034116142,-0.6054471433070165,0.48130992070579576,-0.6756485622939147,-0.13963437357599437,-0.07600440458473884,0.1403608084837213,-0.155428195615478,-1.6127408669996386,-1.1359421246287595,0.6121162642410184,1.7205801462309047,-0.5735012244843509,-0.5658020972047737,-0.5888984180666025
-0.030718312469240686,-0.39155701677546095,-1.433382084646343,0.2644370552742852,2.3331371097196567,0.24726166340352557,0.24244209903513025,0.895156678991583,-1.1661980612874003,-1.1220242862125416,-0.16101134035276948,-0.5811993136097704,-0.5735012244843509,-0.5658020972047737,1.6980857297648633
0.17602907965690706,-0.7840306349941613,0.06426594363907326,-0.7011948644464873,-0.3911540630959329,1.2505625195826109,-0.6979074295943007,1.3620832899280546,1.1008654138670404,1.2300807480981364,0.23592006378252767,-0.5811993136097704,1.743675440098885,-0.5658020972047737,-0.5888984180666025
0.17936937715910503,-0.3823656268159689,2.717288568067325,1.5342363113814466,0.11657514409764629,-1.4162735568676355,0.37081564251312005,0.5449617207892293,-1.3035958476603968,2.1575364957276264,0.31505564939213776,-0.5811993136097704,-0.5735012244843509,1.7674024273509945,-0.5888984180666025
-0.2731352081897177,0.34657866327389486,-1.4002746411592633,-0.09404207810721123,0.2431644051704135,0.053205705021089005,-0.965822394857393,-0.5056231538178316,0.8604192877142968,1.0895712019247898,-1.2361209215058688,1.7205801462309047,-0.5735012244843509,-0.5658020972047737,-0.5888984180666025
0.13949188874840437,0.09637708157682334,-0.9925593267680977,-0.011481167670619448,-0.7211019518022345,2.9380506539171862,-1.334550129304431,0.19476676258687567,-1.715789206779386,-1.1258647573704261,0.7895146578301088,-0.5811993136097704,-0.5735012244843509,1.7674024273509945,-0.5888984180666025
-0.08588166552028306,-0.1446264587142746,-1.8302463701959857,-0.6145861784643103,1.4304111513237467,-0.8377827084947436,1.6282378663211383,0.42823006805511143,-0.8227035953549093,-1.1632276586360006,0.451284810455506,1.7205801462309047,-0.5735012244843509,-0.5658020972047737,-0.5888984180666025
-0.8199248154821499,0.26684244972863563,-0.6458105379497185,0.5865682389379436,-0.8551560258545207,1.2468895487344347,-0.36663982638095605,-0.38889150108371373,-1.3035958476603968,-1.5837584380810854,1.4096680994536115,-0.5811993136097704,-0.5735012244843509,-0.5658020972047737,1.6980857297648633
2.1469195981825537,-0.8028443864425797,0.8681494185577905,2.047042332928009,0.056013497774557566,-0.3615721221435677,-1.0119133616632727,1.5955465953962904,-1.0288002749144038,-0.2628318017798759,1.6814767767837249,-0.5811993136097704,-0.5735012244843509,-0.5658020972047737,1.6980857297648633
-0.8023170910456936,-1.1228717775783517,-0.36343090719342175,0.9923240370932467,-1.5943850180378383,0.6305520109069058,-0.4748865260510322,0.895156678991583,-0.06701577030342902,-2.532850553159674,-0.6679341878294417,-0.5811993136097704,1.743675440098885,-0.5658020972047737,-0.5888984180666025
-0.00932456984774923,-0.043753830354484546,0.30843687718207424,0.46110449985258933,0.26475106584335273,-0.7948082898522612,-0.6892765940221144,-0.038696542881360096,0.963467627494044,0.3641546198184588,1.124563548385992,-0.5811993136097704,-0.5735012244843509,-0.5658020972047737,1.6980857297648633
-1.8967044773086768,-0.6192537747430562,-0.36312155203693836,-1.5598639004583816,-1.3724835361117262,-0.3161203859810508,0.2325427420954808,1.0118883317257008,0.1390809092560656,0.37896503515163893,0.19492621208238242,-0.5811993136097704,1.743675440098885,-0.5658020972047737,-0.5888984180666025
0.4823085122931547,-1.4601070197621588,0.39597958489386936,0.5343549389443244,2.438406837387564,0.5496827085130359,-0.9869076183479333,1.1286199844598188,0.0703820160695674,-0.15649105918361622,-0.4891036583048687,-0.5811993136097704,1.743675440098885,-0.5658020972047737,-0.5888984180666025
-0.5963167085554656,-0.1008554954414912,-0.6511265852447289,0.3574089075759498,-0.19326159227464737,-1.4952122774660823,-0.965822394857393,1.5955465953962904,1.1352148604602896,1.3491775400477437,0.6820883760559016,-0.5811993136097704,-0.5735012244843509,1.7674024273509945,-0.5888984180666025
-1.9442903689258062,-1.0760437645429246,0.2748777020738973,-1.311140384040837,-0.40457924016824376,-0.08006043642743083,0.32472467570724034,-0.6223548065519495,0.929118180900795,1.234416867484384,-0.07801165581989411,-0.5811993136097704,1.743675440098885,-0.5658020972047737,-0.5888984180666025
0.5433818181268434,0.404636915846875,-1.0013364938078424,0.2747340582167856,-1.1632043986892708,-0.32846389619367455,-0.36663982638095605,0.7784250262574651,-1.1661980612874003,-2.0825041419094887,1.7257327064268118,-0.5811993136097704,-0.5735012244843509,-0.5658020972047737,1.6980857297648633
0.9402971385736781,-0.3545627726695451,0.3521749604180123,-1.803314887260497,-0.8619909044048947,0.9289796729905346,-1.1040952952750323,0.07803510985275779,0.5169248217818058,0.015254191188645311,-0.1748883916298204,1.7205801462309047,-0.5735012244843509,-0.5658020972047737,-0.5888984180666025
-0.9098110831305198,-0.6004030737515613,0.9671679308593304,3.181624079151467,-0.4018183287798315,-1.1474189511165616,0.7856343437660379,0.6616933735233472,-1.406644187440144,0.32747964596810514,1.7462001049603673,-0.5811993136097704,-0.5735012244843509,1.7674024273509945,-0.5888984180666025
0.1791094701112282,1.358028263012414,-1.344410225551783,-0.17188631035112403,-0.06742630655988519,-0.860947061494986,-0.2744578927691966,-1.4394763756907747,0.8260698411210476,-0.22654780663300045,1.7462001049603673,-0.5811993136097704,-0.5735012244843509,-0.5658020972047737,1.6980857297648633
-0.1464513842061288,0.3159322044478028,-0.011216355121704984,0.3467076383955141,1.566407398488548,0.018543609505424427,1.0305893084699336,-1.6729396811590105,-0.4792091294224183,-1.605179750579798,0.29712363687271465,1.7205801462309047,-0.5735012244843509,-0.5658020972047737,-0.5888984180666025
0.8746255416621469,-0.4393149731445987,1.9144199796552064,-0.07667111351323856,0.23948024215736413,1.0203786097911502,0.4629975761248796,1.4788149426621724,1.1695643070535386,-0.150781957378326,-0.08909266884453741,-0.5811993136097704,-0.5735012244843509,1.7674024273509945,-0.5888984180666025
0.2461495341262994,-0.19580683367837767,0.07342241741097406,1.0143526275093804,0.11344432899533421,-0.2813078441732671,3.346145697789898,-0.7390864592860674,1.5474082195792789,0.5815417217824393,0.037105135035527835,-0.5811993136097704,1.743675440098885,-0.5658020972047737,-0.5888984180666025
-0.8506244826069081,-1.1836476060233918,0.31473016887242466,-0.448542094794419,1.703849682877661,-0.5251500675545125,-1.1962772288867918,-0.5056231538178316,0.9978170740872931,0.7557455635488007,0.560160884604364,-0.5811993136097704,-0.5735012244843509,1.7674024273509945,-0.5888984180666025
-0.3101892653008184,-0.5771482452430602,-1.8302463701959857,-0.8191579917650327,0.3549930118130168,-1.8094598132046869,0.8778162773777974,0.19476676258687567,-0.4792091294224183,-0.3253594273979229,-1.097651455714283,-0.5811993136097704,-0.5735012244843509,-0.5658020972047737,1.6980857297648633
0.49575888040114435,-1.7053847872347132,-0.1792952970182854,0.8472729769487949,-0.8084452896688743,-0.7976696992067938,-0.36663982638095605,-1.322744722956657,-0.9601013817279057,-1.247201933727719,-0.29944065349592897,-0.5811993136097704,1.743675440098885,-0.5658020972047737,-0.5888984180666025
0.4870013282264523,2.4888889039373288,0.09319679549278076,0.9845572526084241,1.8902386398390856,1.5613972177767208,0.2786337089013606,-0.7390864592860674,0.2421292490358129,-0.6186805517785401,-0.8000970319291134,-0.5811993136097704,-0.5735012244843509,-0.5658020972047737,1.6980857297648633
0.5437226374851949,-0.06722713001479966,0.23786669708668465,-0.9644421346355619,-0.44307512210012523,-0.5824463444739137,1.9529462363427994,-1.5562080284248927,0.0703820160695674,0.5475436899111861,0.823104283577937,-0.5811993136097704,-0.5735012244843509,-0.5658020972047737,1.6980857297648633
-1.1427631693747444,0.24237697933517607,0.6060293832947392,0.036191891858087015,0.1632274753133082,-0.5567348861700084,-1.0119133616632727,0.19476676258687567,-0.9944508283211548,0.29089362550303455,0.5693547773201924,-0.5811993136097704,-0.5735012244843509,1.7674024273509945,-0.5888984180666025
0.3303198231403299,1.4239895115418932,-0.18497574176959605,-0.27655895877833997,0.24330100821030018,-1.9483469291055062,0.7856343437660379,0.42823006805511143,1.5130587729860296,-0.4880008116774449,-0.46760178517646583,-0.5811993136097704,1.743675440098885,-0.5658020972047737,-0.5888984180666025
-1.9442903689258062,0.0673130132253734,0.5578485391579715,0.48258657663551957,0.19180407543656566,1.4971694132874191,-0.09009402554567751,0.42823006805511143,-1.5783914204063896,0.6115990283223887,0.280294316771498,1.7205801462309047,-0.5735012244843509,-0.5658020972047737,-0.5888984180666025
1.061642194030193,-0.6707579248694745,0.49296525778201217,-0.8279910273209968,-0.3099458053279565,-0.4860287795154641,-0.2744578927691966,-1.089281417488421,-0.9601013817279057,-0.7636425638366754,0.09844803370329108,-0.5811993136097704,-0.5735012244843509,1.7674024273509945,-0.5888984180666025
-0.699636780474418,-0.1996734535488051,-0.44341441715802715,-0.23120785488747522,-0.4586512374406253,0.7688615356671575,0.32472467570724034,0.895156678991583,0.276478695629062,0.3339022229488388,-0.061612986603302965,1.7205801462309047,-0.5735012244843509,-0.5658020972047737,-0.5888984180666025
0.08098692461691127,-1.8073225020301866,-0.9269063688293283,-0.3914696392402564,1.2952582137635016,0.6671750425084518,0.3768609314566609,0.895156678991583,0.6543226081548021,-0.9664813833741681,-0.9356281106534386,1.7205801462309047,-0.5735012244843509,-0.5658020972047737,-0.5888984180666025
0.09389851715013327,-1.0500810280050232,1.813975273450456,-1.4699580924213003,-1.6680748431917127,2.348300403549097,-0.6892765940221144,1.4788149426621724,-0.7540047021684111,-0.03945287836421904,-0.7425564393320572,1.7205801462309047,-0.5735012244843509,-0.5658020972047737,-0.5888984180666025
0.05532977445465444,-0.5304847676008323,-0.2564662207822136,-0.4849265860721098,0.6662816293245918,0.031020071755491,-0.5970946604103549,0.5449617207892293,-0.13571466348992722,0.8441264746206767,1.0672464871242056,-0.5811993136097704,-0.5735012244843509,1.7674024273509945,-0.5888984180666025
-0.40564482375010386,-0.12489070775517287,-0.3356424959108808,-0.30991494736446623,-1.8671601896910253,-1.9284238948212193,-0.1361849923515573,1.5955465953962904,1.3413115400197841,1.1224598613697938,-1.628048113695329,-0.5811993136097704,-0.5735012244843509,1.7674024273509945,-0.5888984180666025
-1.2874593054040353,2.4449554723912468,0.3637753441747001,-0.2326279788396374,-0.2420778255211603,0.4680182214976005,-0.8275494944397537,-0.6223548065519495,1.1352148604602896,-1.51956308110077,-0.47136241955097863,1.7205801462309047,-0.5735012244843509,-0.5658020972047737,-0.5888984180666025
1.1090646957283106,-1.8073225020301866,0.14797251684656101,0.05890744976402717,-0.4829448448445662,0.31703117893705013,-0.09009402554567751,-1.089281417488421,0.8260698411210476,-0.38774572789936623,1.0689382740215043,-0.5811993136097704,-0.5735012244843509,-0.5658020972047737,1.6980857297648633
1.8723932092442865,-0.5854147642301704,-0.3500172213955118,0.5629582428532676,1.319165547455226,-1.0839696622020725,-1.2423681956926715,-0.9725497647543032,-1.0288002749144038,1.1557435586324896,0.7147415915383282,-0.5811993136097704,-0.5735012244843509,-0.5658020972047737,1.6980857297648633
-0.06593505220723814,-0.30674776074224147,0.44366008709724736,0.1454503540290024,-0.08875880876045428,-0.7343602927816951,-1.0119133616632727,0.895156678991583,-0.5135585760156673,0.11080104903717938,0.7296394568499872,-0.5811993136097704,1.743675440098885,-0.5658020972047737,-0.5888984180666025
1.6958326249957392,-0.2526694566702636,-0.617613542740048,-0.5138287853667716,0.01152188142872404,-1.633440821063064,0.6934524101542784,0.6616933735233472,-0.7540047021684111,0.48963507205024437,1.0102831261726413,1.7205801462309047,-0.5735012244843509,-0.5658020972047737,-0.5888984180666025
1.7449024044557155,-0.24160214258118723,0.9408455773142806,-0.20088612024843802,-0.15556634675252823,-1.9483469291055062,-0.7814585276338739,0.19476676258687567,-0.719655255575162,1.7627529015031709,-0.8877785442707966,-0.5811993136097704,-0.5735012244843509,-0.5658020972047737,1.6980857297648633
0.5593186443726721,1.5939851267635419,0.31421984821431603,-0.23829602696895386,0.3738502174236034,-0.3514602702818297,-1.2423681956926715,0.07803510985275779,-0.9257519351346566,-0.9188472830216963,1.1205592665712085,-0.5811993136097704,-0.5735012244843509,-0.5658020972047737,1.6980857297648633
-0.3722373430842201,-0.9231196182327693,-1.4181751206842257,-0.25259634131880476,0.16291059019641504,0.09483434935474412,0.6473614433483986,-1.206013070222539,-0.6166069157954147,-1.5669874168408537,0.1377791956582197,-0.5811993136097704,-0.5735012244843509,-0.5658020972047737,1.6980857297648633
0.009522895658410399,0.15803890664844583,-0.7463310554944266,-0.17535717670353065,1.6332062197833224,-0.2698818977200163,2.496584764661519,0.07803510985275779,-0.37616078964267097,0.6836773422473358,-0.021335650589192463,-0.5811993136097704,-0.5735012244843509,-0.5658020972047737,1.6980857297648633
-0.9555790282883014,-0.7857508636648048,1.464122905368073,0.6519578438505955,-0.03600444098972966,0.3452954012390588,-1.1040952952750323,1.4788149426621724,-0.5479080226089165,1.9951996947135604,1.6045945501143457,-0.5811993136097704,-0.5735012244843509,1.7674024273509945,-0.5888984180666025
0.9799543847797905,0.28470155708688977,1.7898477963431838,0.6297058872141981,0.3259785395375978,0.059149854718296355,-0.8275494944397537,-0.38889150108371373,1.272612646833286,0.0417948948970805,0.7292507674823021,1.7205801462309047,-0.5735012244843509,-0.5658020972047737,-0.5888984180666025
0.8743375925375283,-0.10137177210327736,-0.8820842123738897,-0.13428991317533953,-1.0146919008494897,-0.5575519163307655,-0.044003058739797755,1.1286199844598188,0.5856237149683039,-1.7159812240822654,-0.011846967332085673,-0.5811993136097704,-0.5735012244843509,1.7674024273509945,-0.5888984180666025
0.005482820065033203,-1.7350967672270126,0.3014669502861378,0.4772266416473805,0.2651312236466378,-1.0531227725517947,-1.150186262080912,0.5449617207892293,0.03603256947631829,-0.7827851322807472,-0.8419609528903137,1.7205801462309047,-0.5735012244843509,-0.5658020972047737,-0.5888984180666025
1.4903322755795558,1.231534556225644,0.6147656341748581,-0.46767219405652194,-1.019482913025409,-1.9483469291055062,-0.965822394857393,-0.6223548065519495,0.1047314626628165,0.1871488369887562,0.8029946204759587,-0.5811993136097704,-0.5735012244843509,-0.5658020972047737,1.6980857297648633
0.6687139598594847,1.1896198030956575,-0.34323398336920274,-0.6490129987636772,-0.02577916768034409,-0.5019866940389094,0.8778162773777974,1.2453516371939366,1.5474082195792789,-0.35075743342977317,-0.8259504412435377,-0.5811993136097704,1.743675440098885,-0.5658020972047737,-0.5888984180666025
0.5334715758255723,0.24096080252938312,-0.4401331457149462,2.715731787462433,1.8695698525996185,1.6214075412472801,-0.8275494944397537,0.42823006805511143,1.6161071127657771,0.10701116411888238,-1.1266637543141051,1.7205801462309047,-0.5735012244843509,-0.5658020972047737,-0.5888984180666025
-0.3531896602481428,0.5654227852135437,-0.3315989185932589,-1.803314887260497,0.8474767736596456,1.2345789984293813,1.757772294453982,0.19476676258687567,-1.097499168100902,0.7660329978707077,-0.02436062556121497,-0.5811993136097704,-0.5735012244843509,-0.5658020972047737,1.6980857297648633
-1.1875730622022396,0.09741743647549758,-0.9648224832036845,-0.49859576286959983,-1.2710021821595103,0.9362127947747376,1.0707669854519013,0.5449617207892293,-0.9944508283211548,0.46946344184810335,-0.27680556967462383,-0.5811993136097704,1.743675440098885,-0.5658020972047737,-0.5888984180666025
-0.18572645265337778,0.5593529604739045,0.3224266550259648,-1.3021521663834028,-1.5334339666162193,-1.1543458513999016,0.0020879080660820017,1.5955465953962904,-1.063149721507653,-1.6635782598834439,-1.3710818328155505,-0.5811993136097704,-0.5735012244843509,1.7674024273509945,-0.5888984180666025
-0.6162535560720004,0.21963532742849243,-0.5917263257407821,-0.9060684672857743,-0.2142576546948013,-0.9900873551835583,0.37081564251312005,1.1286199844598188,-1.0288002749144038,1.3959649667685783,0.27507187149064566,-0.5811993136097704,-0.5735012244843509,1.7674024273509945,-0.5888984180666025
-0.8970711391755178,0.5207903808542951,2.004861059665134,1.7912229026814923,-1.6554695129897792,0.249606538660071,-1.2423681956926715,1.4788149426621724,0.03603256947631829,-0.48181434785175614,-0.7231310249862957,-0.5811993136097704,-0.5735012244843509,-0.5658020972047737,1.6980857297648633
-0.04472650911146117,-1.5128808702851448,1.0056963358634112,1.6675308027403224,0.25591080029911856,2.3442721012295,0.7395433769601581,-1.322744722956657,1.5130587729860296,-0.3524419218186508,-0.36513418015576116,1.7205801462309047,-0.5735012244843509,-0.5658020972047737,-0.5888984180666025
0.11495758711807284,-0.8309267157788122,-0.5053998311920985,0.25631476224689054,-0.5513575575043534,1.8000702722412392,1.9441867049790351,-0.7390864592860674,-0.3074618964561727,0.0009593724843741864,-1.5947387156657507,-0.5811993136097704,-0.5735012244843509,-0.5658020972047737,1.6980857297648633
0.16576016364135282,-0.9543488980097106,0.4959910075209348,-0.21009018202572002,0.5056424231641384,1.2822316057122802,0.8824748283327368,0.7784250262574651,1.6504565593590261,-1.0872059742561375,0.34973038950042823,-0.5811993136097704,-0.5735012244843509,-0.5658020972047737,1.6980857297648633
1.2872340564859994,-0.39729280219850877,-0.7465202765921829,-0.22652722655631555,1.1435976686518758,-1.2738512658648269,-0.965822394857393,-1.089281417488421,0.5512742683750549,-1.4192028315503817,0.9495366251605296,-0.5811993136097704,-0.5735012244843509,1.7674024273509945,-0.5888984180666025
-0.2209162760349037,0.37806698028850233,1.3452030802082016,-1.2202528712265666,-1.8671601896910253,-1.0232352263703453,4.189802593314405,-1.206013070222539,-0.5479080226089165,-1.0215373110857364,0.19919041593639406,-0.5811993136097704,1.743675440098885,-0.5658020972047737,-0.5888984180666025
0.5560774528614274,1.4134333557134333,-0.45379615833892795,1.6427225061519444,-0.212263946433508,1.8168146640907523,1.6251893261751722,1.0118883317257008,0.3451775888155602,-0.6832723006781529,0.024038614507179614,-0.5811993136097704,-0.5735012244843509,-0.5658020972047737,1.6980857297648633
-1.9442903689258062,1.3292768680134412,-1.5261241083742398,-0.7383642118555649,1.0934190246857693,-0.051993347532321904,0.6012704765425189,0.895156678991583,0.8260698411210476,-0.2985457011510365,1.6733903760910962,-0.5811993136097704,-0.5735012244843509,-0.5658020972047737,1.6980857297648633
0.9066347021362087,-1.314134298672287,0.2685541122747458,-1.803314887260497,-0.33397290429849225,-0.985102775853323,-0.618944203883877,0.19476676258687567,0.37952703540880933,0.7187872281082666,0.1738957522737359,-0.5811993136097704,-0.5735012244843509,-0.5658020972047737,1.6980857297648633
1.6676059333978368,-1.0789012546554462,-0.2639382711353054,-0.13959042749547515,0.10514425542927469,0.6074458161494433,0.09426984167784153,-1.322744722956657,-1.5783914204063896,-0.9074883707241429,0.5001783480866123,1.7205801462309047,-0.5735012244843509,-0.5658020972047737,-0.5888984180666025
0.5321642973237201,-0.8992689138117363,0.2883104487203371,-1.5397576054582898,0.681867403053377,0.4631533198795083,0.5090885429307593,-1.322744722956657,0.2077798024425638,0.29779779147483143,-1.2368936883112542,-0.5811993136097704,-0.5735012244843509,1.7674024273509945,-0.5888984180666025
-0.8265917810037228,0.7274465288556713,-0.1093535659379375,-0.8240325371548378,-0.6267579995236497,-0.4666533834322646,0.4629975761248796,0.6616933735233472,-0.20441355667642544,-1.7767970097092216,-0.46407977268298717,-0.5811993136097704,-0.5735012244843509,1.7674024273509945,-0.5888984180666025
-0.9679465738015993,-0.9281589300764234,0.08818960151775626,-0.7958641152551816,1.2897098197783077,0.9626803633469325,3.000169394261846,0.5449617207892293,0.37952703540880933,-0.2760650493371945,-0.6158119343995369,1.7205801462309047,-0.5735012244843509,-0.5658020972047737,-0.5888984180666025
1.1296622915337644,-0.5103743761850728,-0.8786368751958826,1.2100193235043109,-1.8671601896910253,0.5164341304060721,-1.2884591624985513,1.7122782481304082,1.6504565593590261,-1.781853470568798,0.7729296851205675,-0.5811993136097704,-0.5735012244843509,1.7674024273509945,-0.5888984180666025
0.5515489232443865,0.9395159825704854,0.33361376332127046,0.370024609032588,-0.41492137358157866,-1.4633012329637094,-0.4400264067427008,1.0118883317257008,-1.3035958476603968,-0.5072794875322173,-1.4339427648321819,-0.5811993136097704,1.743675440098885,-0.5658020972047737,-0.5888984180666025
0.027605999250761383,-0.5415885799302663,0.46678712088794366,2.843026346336276,0.6163478827944836,1.0308416931204885,0.32472467570724034,1.0118883317257008,0.7917203945277985,1.655625519165189,-1.4368577896193937,-0.5811993136097704,1.743675440098885,-0.5658020972047737,-0.5888984180666025
-0.8876698047233557,-0.9190804728265185,2.5388893631990253,-0.417787446149979,1.182018703222597,1.172419709691088,-0.22836692596331679,-0.9725497647543032,0.0016831228830691885,0.29482888792811857,-0.8923332589516422,-0.5811993136097704,1.743675440098885,-0.5658020972047737,-0.5888984180666025
-0.8875113985900194,-0.47315709831796315,-0.26799145234884636,0.7455837716583875,1.3649478804803252,-0.5655890906407677,-1.3036174848903852,-1.089281417488421,-0.03266632371017991,-1.2475109858342477,0.7149064447427153,-0.5811993136097704,-0.5735012244843509,1.7674024273509945,-0.5888984180666025
0.4530441848089685,-0.36262805261810127,-0.49854133220556685,-0.5005940168303327,0.06758512539333685,-0.7785271464880396,-1.2884591624985513,-1.322744722956657,-0.4792091294224183,0.504583055496299,1.12051365140085,-0.5811993136097704,1.743675440098885,-0.5658020972047737,-0.5888984180666025
-0.22643605686618964,0.10724091675128587,-1.0279236101296987,0.13010422794311555,-1.0183893589230224,-1.5715664075613238,-0.6892765940221144,0.31149841532099354,1.1695643070535386,-2.360661619994883,-0.8966393435359424,1.7205801462309047,-0.5735012244843509,-0.5658020972047737,-0.5888984180666025
-1.9442903689258062,-1.007180837854488,0.5228369857966187,0.9702781081335886,0.8121193592417694,1.357891941770688,-0.36663982638095605,1.2453516371939366,1.4787093263927806,-0.22952119376671692,-1.1898804768182745,-0.5811993136097704,-0.5735012244843509,1.7674024273509945,-0.5888984180666025
-0.23299078861903624,0.6459647343427505,0.6494271415050038,0.36467884378287824,0.4295061525743852,0.9673782196066454,0.8778162773777974,1.7122782481304082,0.1390809092560656,0.38121630971815906,-0.3116071706532085,-0.5811993136097704,-0.5735012244843509,1.7674024273509945,-0.5888984180666025
-0.33404573132876964,-0.6132287329163194,-1.668423700334962,-0.7727156614437523,-0.6508347092707871,0.9862075145355443,-1.150186262080912,0.6616933735233472,-1.3722947408468948,0.0976895806249531,0.35987507250500483,-0.5811993136097704,-0.5735012244843509,1.7674024273509945,-0.5888984180666025
-0.94699699360362,0.3431237926672184,2.451928468495365,-0.45612832981871604,-0.13591910221764628,-0.46012105789936053,0.6473614433483986,0.07803510985275779,-1.5096925272198913,0.7050349172950309,0.8074737359809193,1.7205801462309047,-0.5735012244843509,-0.5658020972047737,-0.5888984180666025
-1.4768921576538752,-0.9222614409575072,1.0854494867712592,-0.009532226233642558,0.3199517404476487,-1.2074774490467473,1.666479976547816,0.5449617207892293,-1.131848614694151,0.6887643217708489,-1.486108540313128,-0.5811993136097704,1.743675440098885,-0.5658020972047737,-0.5888984180666025
-1.2989051449570188,-0.9955077189673013,0.6223505461650478,0.6061796770997718,-1.8671601896910253,0.25462510754095624,-0.8929073298298924,0.31149841532099354,-1.440993634033393,-0.11224963976775422,-1.2532182020589842,-0.5811993136097704,1.743675440098885,-0.5658020972047737,-0.5888984180666025
3.9083122206129546,-1.2157550906129893,-0.3836376448607046,-0.3299642129420147,0.39097235764558896,0.13276404914284207,-0.3205488595750763,-1.6729396811590105,-0.6166069157954147,-2.1341298315629547,0.46045449871635885,-0.5811993136097704,1.743675440098885,-0.5658020972047737,-0.5888984180666025
-0.8461956529746133,0.4399483086274677,1.335116098554299,1.3876135113286616,-0.5859102795622672,0.9856562197901606,-0.965822394857393,-1.4394763756907747,-1.097499168100902,0.6802465101129496,0.161931901590647,-0.5811993136097704,-0.5735012244843509,1.7674024273509945,-0.5888984180666025
1.1845207517856948,-0.6101759181812603,-0.3158768290632244,-0.37015651519035575,1.4357062978395283,0.770641704273845,0.7554558799505731,0.6616933735233472,1.1695643070535386,-0.39481687699569085,-1.9915536950997126,-0.5811993136097704,-0.5735012244843509,1.7674024273509945,-0.5888984180666025
-0.0145124535063019,2.2384193092721714,-0.006001792295265384,-1.2334495116675372,0.151188291406529,-0.007870344462599379,0.09426984167784153,-0.038696542881360096,1.6848060059522751,0.7665311234051392,-1.1771470252671883,1.7205801462309047,-0.5735012244843509,-0.5658020972047737,-0.5888984180666025
-0.46222552298203523,0.7263058832682298,-0.07257893890298923,-0.7004266642344341,-1.5380761049133564,1.0504128960838195,-0.7814585276338739,-0.38889150108371373,0.4138764820020584,0.7406637471037154,1.7462001049603673,1.7205801462309047,-0.5735012244843509,-0.5658020972047737,-0.5888984180666025
-0.18869342546550372,0.5363353580315635,-0.8660639791379093,-0.9461766112349135,-1.1502737373047809,-1.2333616033275383,0.2325427420954808,1.7122782481304082,0.619973161561553,-0.3260795871567903,0.779898837844296,-0.5811993136097704,-0.5735012244843509,-0.5658020972047737,1.6980857297648633
0.2457320192752688,-0.36414769626413873,1.2782247663666817,-0.5932960053330377,-0.6667924053430777,0.8734971780061273,0.1403608084837213,1.7122782481304082,1.1352148604602896,-0.5785463683643902,1.5819578630558992,-0.5811993136097704,-0.5735012244843509,1.7674024273509945,-0.5888984180666025
-0.42581448457195964,0.09450404649975074,-0.9994325922581031,0.7435917559148629,1.111994081752658,-0.5724386177971034,-1.0580043284691525,-0.5056231538178316,-1.3722947408468948,-0.9790159538968121,1.7462001049603673,-0.5811993136097704,1.743675440098885,-0.5658020972047737,-0.5888984180666025
-0.094264622068511,-0.8179125402736628,2.3046112668336,0.8211804389235523,0.03550599383745608,-0.11629114836830598,-1.0580043284691525,-0.5056231538178316,-1.715789206779386,-0.040444404127241276,-0.1301790795969126,-0.5811993136097704,-0.5735012244843509,1.7674024273509945,-0.5888984180666025
1.939393011481563,0.359800589376817,-0.9933888340569378,1.622190183815199,-0.6565772490965011,0.5219611202237425,0.6934524101542784,-0.5056231538178316,-1.6470903135928878,0.9293113843429874,0.7818525180660046,-0.5811993136097704,-0.5735012244843509,1.7674024273509945,-0.5888984180666025
1.1778234057484855,0.3067095489840405,0.5464943559560028,0.11400841440130918,0.2652934068136034,-1.0191413319999834,-0.1361849923515573,1.3620832899280546,-0.3074618964561727,0.43929127618112784,0.6437608242103329,1.7205801462309047,-0.5735012244843509,-0.5658020972047737,-0.5888984180666025
-0.6505220448531248,0.5767292216744107,-1.0870224948025793,0.16622372598246615,-0.12922549618838786,-0.5088445201910942,0.2786337089013606,0.5449617207892293,0.5512742683750549,-1.4919870689467767,-0.1585220372284605,-0.5811993136097704,-0.5735012244843509,1.7674024273509945,-0.5888984180666025
0.01006807325765264,0.6615961420105727,-1.2700194094772423,-1.7810382895336458,-0.6790293521546218,1.039675591984792,-0.044003058739797755,0.19476676258687567,0.4482259285953075,1.7210951911106251,-1.0070469334341419,-0.5811993136097704,-0.5735012244843509,-0.5658020972047737,1.6980857297648633
-1.5086849041663912,0.8990522499293095,-0.38476698527409897,-0.0645644205260498,-0.15387830903047525,-0.34345457727747264,0.8317253105719177,0.42823006805511143,-1.5783914204063896,1.1172484931748847,0.5064816909452008,1.7205801462309047,-0.5735012244843509,-0.5658020972047737,-0.5888984180666025
-0.006322530095196543,-0.7905886324141822,-0.42867620478314455,-1.803314887260497,0.9911801800271663,-0.3987925743577738,1.8886137092400725,1.1286199844598188,1.5817576661725279,-0.3096201999820736,0.48217448587480705,-0.5811993136097704,1.743675440098885,-0.5658020972047737,-0.5888984180666025
1.4135408817120925,-0.5301959653017628,0.6245051087794349,1.067877433483547,-0.9652823893724377,0.28530052931063277,-0.2744578927691966,-1.206013070222539,-0.20441355667642544,0.668434586185914,0.765418258626508,-0.5811993136097704,1.743675440098885,-0.5658020972047737,-0.5888984180666025
-0.9255527485583438,0.13127774481393112,0.3016286517065183,-0.5018185433550589,3.055020077850098,0.4794151231904566,-0.794936947058334,-0.5056231538178316,-0.6853058089819128,-0.8091493972566053,-0.45326043798255705,1.7205801462309047,-0.5735012244843509,-0.5658020972047737,-0.5888984180666025
-0.4122376412506995,-1.1394257163283055,-0.5768891951721764,-0.9886633206626882,3.0678173356754708,-0.8790021494776744,0.3707096132228337,-0.2721598483495959,-1.5783914204063896,0.6372012788268439,0.12039304238688346,-0.5811993136097704,-0.5735012244843509,-0.5658020972047737,1.6980857297648633
-0.5231227425778706,-1.7702396832040528,-0.1107098163180465,-0.8290971662355038,-0.32589200131185925,0.575063900339325,-1.150186262080912,0.19476676258687567,-0.27311244986292366,0.08629508468779694,0.22183043652985984,1.7205801462309047,-0.5735012244843509,-0.5658020972047737,-0.5888984180666025
0.1359831398363501,-0.07285245252200079,0.6941095947329848,1.2344407333911358,-0.5048327800477305,0.24536196110455097,-0.5049127267985953,-0.2721598483495959,1.3069620934265351,1.2847343266089044,-0.9180385115194793,-0.5811993136097704,-0.5735012244843509,-0.5658020972047737,1.6980857297648633
0.3785882897208803,0.966892452563844,-0.14830803425029057,-1.803314887260497,0.057157640422658286,0.08535170590416356,0.1403608084837213,-0.8558181120201853,0.963467627494044,0.8838052944525423,1.7462001049603673,1.7205801462309047,-0.5735012244843509,-0.5658020972047737,-0.5888984180666025
0.5377922151194011,-0.28177662036887774,-0.010155140321502516,0.9903608618138642,0.1784600839514675,0.4638755712645494,0.32472467570724034,-0.9725497647543032,1.3069620934265351,1.4212566268552589,0.113082594656069,-0.5811993136097704,-0.5735012244843509,1.7674024273509945,-0.5888984180666025
-1.15296837988537,0.3213731447209412,-0.9778490657194112,0.27842256013433647,-0.7935590141769444,-0.5029899621453905,-1.0580043284691525,0.07803510985275779,1.6848060059522751,-1.3999376313155754,0.07666804497287294,-0.5811993136097704,-0.5735012244843509,-0.5658020972047737,1.6980857297648633
-0.3806817600151101,-0.676372651421947,0.25756108047261367,0.8720498005797503,0.0023686462533998366,-0.8577597761575316,-0.5049127267985953,-0.6223548065519495,-0.8914024885414075,0.1247247463279094,1.235831657705071,1.7205801462309047,-0.5735012244843509,-0.5658020972047737,-0.5888984180666025
1.9816939950150887,0.28479949810726657,-0.15104941921192666,0.3537603537463236,0.4539155526910414,-0.616951211595201,-1.1962772288867918,1.2453516371939366,1.272612646833286,-0.32964714923875116,-0.4600847849835629,1.7205801462309047,-0.5735012244843509,-0.5658020972047737,-0.5888984180666025
-0.3852885440982013,-0.3063199766555039,-0.5504047714788292,-0.19021922277154688,-1.3291333044949967,-0.7950457560362546,0.1403608084837213,-1.322744722956657,0.7573709479345494,1.6520106051621382,0.11931184770274088,-0.5811993136097704,-0.5735012244843509,-0.5658020972047737,1.6980857297648633
-0.43151385831740435,-0.5260663708432064,-0.0022016223385450248,-0.47037309695919854,0.8566111667906319,-0.21419897468767918,-0.18227595915743702,0.7784250262574651,1.6848060059522751,2.1575364957276264,1.5425492786417223,-0.5811993136097704,1.743675440098885,-0.5658020972047737,-0.5888984180666025
1.3873997290047333,1.22400999587497,0.020610950112198555,-0.6478305088155073,-1.8671601896910253,0.31569778585021085,-0.36663982638095605,-0.7390864592860674,1.3756609866130334,-0.9514440435063902,-1.3385714723968294,-0.5811993136097704,1.743675440098885,-0.5658020972047737,-0.5888984180666025
0.27478263245796464,0.16831469875449673,-1.8302463701959857,-0.3380666317623649,0.15109324275874025,0.0891137269536786,1.8085905811818128,1.2453516371939366,-1.5440419738131403,1.2450763141682586,0.058415407210309564,1.7205801462309047,-0.5735012244843509,-0.5658020972047737,-0.5888984180666025
-1.154791242296185,-1.2492236905197636,-0.2754406764085722,-0.27270316944615175,3.228525889122089,0.1370779482362277,-0.34273133669502165,-0.38889150108371373,-1.3722947408468948,-0.7785213600982075,1.5115826616590802,-0.5811993136097704,1.743675440098885,-0.5658020972047737,-0.5888984180666025
-1.9442903689258062,0.5074345821338859,-0.8525045363052143,-0.6691330137725441,-0.11359440696937523,0.9406848817772027,0.0020879080660820017,-1.4394763756907747,0.4138764820020584,0.7983765377815553,1.7462001049603673,-0.5811993136097704,-0.5735012244843509,1.7674024273509945,-0.5888984180666025
-0.7814532734242577,2.297874120277089,1.462349788854069,-0.2652039270931597,1.7212196235028552,-1.9483469291055062,-0.4941556198165384,0.895156678991583,-1.063149721507653,-2.141176946555413,-0.39439230066618775,-0.5811993136097704,-0.5735012244843509,1.7674024273509945,-0.5888984180666025
-0.975671097501384,-0.26432466929709275,-0.7018286406246835,0.43725081882513944,-0.38205180631993324,-0.37577805965560357,-0.6892765940221144,-1.5562080284248927,-1.2005475078806493,-1.2481868550199224,-0.7882792740904367,1.7205801462309047,-0.5735012244843509,-0.5658020972047737,-0.5888984180666025
-0.7260153631102212,0.5638301025259697,-0.0016407640473680507,-0.9660388387581409,0.32119535237188956,1.1576378611977853,-1.2884591624985513,-0.6223548065519495,0.8260698411210476,0.20724802870790493,0.4926160079946924,-0.5811993136097704,-0.5735012244843509,-0.5658020972047737,1.6980857297648633
-0.060522530850671497,-1.018959901431363,-1.8302463701959857,-0.4766745002766142,-1.2494956735886298,-0.608560145238475,1.7148424921287748,1.4788149426621724,-0.3074618964561727,-0.8810243376709868,0.6835882179797493,-0.5811993136097704,-0.5735012244843509,1.7674024273509945,-0.5888984180666025
-0.28477997738676075,-1.5674344578631592,-0.4232939120267649,-0.25368884428039884,0.2342364413920233,0.6485045949245382,-0.8275494944397537,-1.206013070222539,-0.34181134304942185,1.5990801415223568,0.6404725682554422,1.7205801462309047,-0.5735012244843509,-0.5658020972047737,-0.5888984180666025
0.5964743519341043,-0.5049456353855242,-0.9548923583979394,-0.6667854312406163,-0.6806086100896064,-0.5783090051895519,0.2325427420954808,0.31149841532099354,1.0321665206805424,-0.6146595499825713,1.152112842276138,-0.5811993136097704,-0.5735012244843509,1.7674024273509945,-0.5888984180666025
1.650391217578491,-1.105770394568568,-0.9650482172813855,0.2181765155431367,-0.5381188327230971,-1.024283389297704,-0.044003058739797755,1.4788149426621724,0.37952703540880933,0.15598650817448523,-0.08241335606275722,-0.5811993136097704,-0.5735012244843509,1.7674024273509945,-0.5888984180666025
-0.43276187563340024,0.2789433953552481,-0.008537671776472683,1.311435649530289,-1.2267365036998688,-0.19184465675529247,0.5551795097366391,-0.155428195615478,0.4138764820020584,1.183805419178146,0.137535734658544,-0.5811993136097704,-0.5735012244843509,1.7674024273509945,-0.5888984180666025
-0.5819388749944431,-1.0671312554812205,-0.4210689758345734,0.03900329640026567,-0.2800067303805669,-0.1525711077744597,0.4629975761248796,1.5955465953962904,1.0321665206805424,0.5016528930793233,1.7462001049603673,-0.5811993136097704,-0.5735012244843509,-0.5658020972047737,1.6980857297648633
0.16117283300168678,-0.008150666583,-0.006903874347623345,-0.011546272084016146,-1.3610179989600084,1.686589885448499,-0.8655656365767177,1.7122782481304082,0.8260698411210476,1.5963464213063159,0.2511187197069008,-0.5811993136097704,1.743675440098885,-0.5658020972047737,-0.5888984180666025
-1.4378034419254402,-0.4231811643109012,-0.009130925237928227,-0.03915358809514682,0.48647787680278165,-1.6689806644907712,3.2535784947299544,-1.206013070222539,-0.6166069157954147,0.8888061390005837,-0.5314043050596853,-0.5811993136097704,-0.5735012244843509,-0.5658020972047737,1.6980857297648633
-1.1100285241273231,0.6298948417387096,0.35947006503725193,-0.7203981973608282,-0.6275063491488102,0.24839833749237591,-0.13439231343344465,-1.089281417488421,-1.715789206779386,-2.1452824916946196,0.8535975641125835,-0.5811993136097704,-0.5735012244843509,1.7674024273509945,-0.5888984180666025
-0.7102888972262761,-0.28689040433669605,-0.7212557163369707,0.21562505166118445,0.03204676125890651,0.28211737129981623,-0.3205488595750763,0.19476676258687567,-1.6127408669996386,-0.6274335748445065,-1.4356989244930052,-0.5811993136097704,-0.5735012244843509,-0.5658020972047737,1.6980857297648633
0.12960090872596858,-0.7032050123372141,0.11521978926046675,-0.2572514974027469,-1.126416107715334,0.635899974334563,0.04817887487196176,1.4788149426621724,0.4482259285953075,-0.5142086654269654,1.5150288216622152,-0.5811993136097704,1.743675440098885,-0.5658020972047737,-0.5888984180666025
-0.7133123696142002,-0.15109706793340144,-1.5266848739843215,0.037281321545069974,1.0396173904905306,0.06664466139976218,-0.9269393987076738,-0.2721598483495959,-0.37616078964267097,1.279459771157421,-1.0648382666808496,-0.5811993136097704,-0.5735012244843509,-0.5658020972047737,1.6980857297648633
-0.9053275531835675,0.7709959477438565,1.2436995249180103,0.11481039685059666,-0.012630381903477322,1.8549502930375155,0.4169066093189998,0.07803510985275779,-1.3379452942536458,-1.0186255729965479,0.25706909468405864,-0.5811993136097704,-0.5735012244843509,1.7674024273509945,-0.5888984180666025
0.9741009922419287,0.35631326109216,-0.7868773569634901,-0.858452135832273,-0.3594802001828329,0.18446509860529725,0.8317253105719177,1.3620832899280546,-0.44485968282916916,-1.1162742214561983,0.8824113217679148,-0.5811993136097704,1.743675440098885,-0.5658020972047737,-0.5888984180666025
0.4515292153087004,1.8745593496597663,-0.7985555882150656,-0.08034594871969598,0.004009724975691731,-1.1521910744229626,-1.2926063574808184,0.42823006805511143,-0.44485968282916916,-0.05799105689250073,0.48045808158208203,-0.5811993136097704,1.743675440098885,-0.5658020972047737,-0.5888984180666025
0.17090770212870407,-0.3304295700013441,-0.6308344673202374,-0.35699029538514027,-0.9679089061660442,-0.22284905068796995,-0.36663982638095605,-0.155428195615478,-0.06701577030342902,0.7928285925165518,0.9687323169537132,-0.5811993136097704,1.743675440098885,-0.5658020972047737,-0.5888984180666025
1.3910261723336306,0.44485323217333866,0.2518411878297637,0.9547050785347437,-0.8694047716738643,-1.04826596052615,-0.1361849923515573,0.42823006805511143,-0.8914024885414075,-2.532850553159674,-1.27374284120781,-0.5811993136097704,-0.5735012244843509,-0.5658020972047737,1.6980857297648633
0.6953023613774613,1.1786039998250804,-1.3264613428890426,-1.6072021462530304,1.8630932874678,-0.14733423227039827,3.243480209586068,0.7784250262574651,-1.3722947408468948,0.6201195423759357,0.6580045166957725,-0.5811993136097704,-0.5735012244843509,1.7674024273509945,-0.5888984180666025
1.132746097895802,-1.8073225020301866,0.39390009103909845,-0.05195053254776495,-0.8223337834669907,0.48976465083842097,0.7856343437660379,-0.2721598483495959,-1.5096925272198913,0.5561495886956522,0.9882473162176756,-0.5811993136097704,-0.5735012244843509,1.7674024273509945,-0.5888984180666025
1.2687788719726063,-0.9385502457255066,-0.7150581406280964,-0.2992080405647162,-0.4846229187961052,-1.9483469291055062,-0.22836692596331679,-0.5056231538178316,-0.20441355667642544,1.0359440872933894,-0.8903333065043026,-0.5811993136097704,-0.5735012244843509,1.7674024273509945,-0.5888984180666025
-0.3267602894182702,0.7608537433559298,-0.41192485303069154,0.7654834485387281,0.3448510629170399,0.31319645522606937,0.5551795097366391,0.31149841532099354,-0.7883541487616602,-0.376854522978086,1.3597636511861588,-0.5811993136097704,-0.5735012244843509,1.7674024273509945,-0.5888984180666025
0.20351763684184723,1.6551478754481301,-0.3926430603487723,0.157092622519696,0.6169725196575265,-1.0265974802270357,-0.45882175999271557,-1.206013070222539,-0.44485968282916916,1.5277350209290304,0.18628355332143312,-0.5811993136097704,-0.5735012244843509,-0.5658020972047737,1.6980857297648633
-0.5664751037827135,-1.8073225020301866,0.19133475809129757,0.028802892305061716,-0.5693860513521796,0.36229066043747465,-0.45882175999271557,-0.038696542881360096,-1.2692464010671476,-0.04239532126214029,-0.8361706852901571,1.7205801462309047,-0.5735012244843509,-0.5658020972047737,-0.5888984180666025
-1.2750936919924216,-0.842641231535468,0.21193767213606032,-1.3049894415309433,-0.021565578115979138,-0.8217033550508418,-0.7353675608279941,1.4788149426621724,0.2077798024425638,-0.9413172937488211,-0.35667135522343574,1.7205801462309047,-0.5735012244843509,-0.5658020972047737,-0.5888984180666025
-0.17745541591060035,-1.4040013909306492,0.968886360077743,-0.2200021512553901,-1.310652420364517,-0.7094253142481697,0.5090885429307593,-0.155428195615478,-0.13571466348992722,0.019023274067036917,-0.0705297761580026,1.7205801462309047,-0.5735012244843509,-0.5658020972047737,-0.5888984180666025
-1.0265971684173332,0.1181194379140817,-0.3951253044554358,1.02142616702566,-1.4827679283849449,-0.8944987458703567,0.5090885429307593,-0.9725497647543032,1.3413115400197841,-0.7291349683482252,-0.7495451846808702,-0.5811993136097704,-0.5735012244843509,1.7674024273509945,-0.5888984180666025
0.32667265431695586,0.45476612665081806,-0.8092542159633661,2.694026234097808,-0.3640968949838584,1.2884888517324873,0.7856343437660379,-0.9725497647543032,1.272612646833286,1.09428462660856,1.3936585204214031,-0.5811993136097704,-0.5735012244843509,1.7674024273509945,-0.5888984180666025
-0.29781135772489437,-1.3893502656089203,0.23219346498512677,0.21423067080948172,0.21508227296291785,-0.6780728036817457,-0.8736404612456334,-0.5056231538178316,0.4482259285953075,0.5472967029996894,1.6245424347192228,-0.5811993136097704,-0.5735012244843509,1.7674024273509945,-0.5888984180666025
0.41460600925534224,1.343777124916181,-1.1686258294404992,-1.2569477495522028,-0.46322375280236205,-1.9483469291055062,-1.0119133616632727,-0.2721598483495959,1.0665159672737914,-1.3250964761346031,-0.8496231538038319,-0.5811993136097704,1.743675440098885,-0.5658020972047737,-0.5888984180666025
-0.9274975391861761,-0.2131637468140974,1.358031867044438,-0.5482381687972747,-0.5232528565370904,0.11708411268529174,0.5090885429307593,-1.5562080284248927,-1.2692464010671476,-0.0479478408154073,-1.4537501146209635,-0.5811993136097704,-0.5735012244843509,1.7674024273509945,-0.5888984180666025
-1.3105259777486613,0.15813904183798336,1.3150241063603478,-1.1114251577106384,-0.986745842490075,0.8925490047004325,-0.6431856272162346,-1.322744722956657,0.2421292490358129,-0.23040074538133432,-0.7576642669965264,1.7205801462309047,-0.5735012244843509,-0.5658020972047737,-0.5888984180666025
-0.06268256965014507,-0.2779302938155216,-0.48291293245376415,-0.48960620229495244,-0.9273767181674076,-0.5901563388938743,0.0020879080660820017,0.7784250262574651,0.276478695629062,0.3017468329357605,-1.126850718786068,-0.5811993136097704,-0.5735012244843509,1.7674024273509945,-0.5888984180666025
-0.5125696686121197,-1.5305369640798905,-1.4968876919880196,-0.30804349192979247,-1.8671601896910253,-0.6796579997271396,-0.7814585276338739,-0.9725497647543032,-0.7540047021684111,-0.3816086639450383,-0.8865141514316313,-0.5811993136097704,1.743675440098885,-0.5658020972047737,-0.5888984180666025
0.062221249433940355,-0.9647449593897978,0.6941542058583305,-1.1439580333646762,0.08416322915046123,-1.0100914681855906,-0.6309048540222862,0.19476676258687567,0.8604192877142968,1.585134703210143,0.7658668940823375,-0.5811993136097704,-0.5735012244843509,-0.5658020972047737,1.6980857297648633
1.502074185153233,-0.4979075932771531,1.1390606470995048,-0.3504139561950405,1.1726362740620515,-0.4426637959901805,0.6012704765425189,-0.38889150108371373,-1.2692464010671476,-0.818971136083903,0.926026455170069,-0.5811993136097704,-0.5735012244843509,-0.5658020972047737,1.6980857297648633
-1.9442903689258062,0.770972499150216,0.4461567612833434,-0.3330289098747011,-0.017806230956795236,0.6285003066671285,1.623024423108967,0.895156678991583,-0.719655255575162,-1.3971972390755838,-1.5327991111647543,1.7205801462309047,-0.5735012244843509,-0.5658020972047737,-0.5888984180666025
0.9537244576058935,-1.307612309740217,-0.4446837382579118,-0.8473715670089929,0.0922089278821667,-0.3177032426069372,0.04817887487196176,0.7784250262574651,-0.10136521689667811,-1.2438861288993246,0.6356613332047115,-0.5811993136097704,1.743675440098885,-0.5658020972047737,-0.5888984180666025
1.5209680749549148,1.1205400397437248,-1.0685724487698982,0.8353620088019714,2.2613576937113486,-0.2769919353026363,-0.15038429135437642,-1.322744722956657,-0.8914024885414075,0.6934977408656862,0.4412333972173471,-0.5811993136097704,1.743675440098885,-0.5658020972047737,-0.5888984180666025
-0.2801683843935345,0.105102819891803,-0.380598067320789,0.4492889643500053,-1.0495275274916889,0.47542224915434167,-0.5970946604103549,-1.089281417488421,-1.5096925272198913,0.9723880158731283,0.3056399975738229,1.7205801462309047,-0.5735012244843509,-0.5658020972047737,-0.5888984180666025
-1.1988645024214686,0.04254000932740947,0.22360832570955538,-0.5619692908559051,-0.5128442590881918,-0.3309001037798378,-1.3806410961103108,-1.206013070222539,1.4443598797995316,1.408198162420619,0.20785549835009567,1.7205801462309047,-0.5735012244843509,-0.5658020972047737,-0.5888984180666025
-1.0854465827508193,-0.267235976573283,1.7364677624861713,-0.9158211975553963,-0.9429932958998823,0.967640318790529,0.4629975761248796,0.42823006805511143,0.8604192877142968,1.4523052493556732,-0.8602000357332448,-0.5811993136097704,-0.5735012244843509,1.7674024273509945,-0.5888984180666025
-0.4425529873413704,-0.7924776235464058,0.4411284708736564,-0.06619658616854301,0.5826300348726395,-1.2668034618574449,-0.9197314280515132,-0.8558181120201853,1.4787093263927806,1.7832315922794852,0.8733815539729117,-0.5811993136097704,-0.5735012244843509,1.7674024273509945,-0.5888984180666025
1.2395867420278297,0.230664508683246,-0.11095610391060916,-1.4558265497975418,-0.840338785927858,1.2773907660922983,-1.0119133616632727,1.0118883317257008,-0.719655255575162,0.18206414731667103,1.031766692925124,1.7205801462309047,-0.5735012244843509,-0.5658020972047737,-0.5888984180666025
0.17352915974360872,0.7363421276896194,-0.01352197452817792,0.02707920567451635,-1.1679897549467577,-1.9483469291055062,-1.3806410961103108,1.0118883317257008,1.2039137536467879,-0.9384858426435841,-0.15079085823410282,-0.5811993136097704,1.743675440098885,-0.5658020972047737,-0.5888984180666025
-0.3207864101304276,0.9862584493681317,0.8058393025317702,-1.1466342375095284,-0.03626835488848234,-0.03097255071885993,0.4629975761248796,1.5955465953962904,-1.4753430806266423,0.7396569790290515,0.46269859139256125,-0.5811993136097704,1.743675440098885,-0.5658020972047737,-0.5888984180666025
2.213964236635679,-1.8073225020301866,-1.4201500491803885,0.32773305903304517,-0.5440465458626017,-0.2855642936897802,-0.45882175999271557,-0.5056231538178316,0.2077798024425638,0.47746778636966497,0.6800023359876917,-0.5811993136097704,-0.5735012244843509,-0.5658020972047737,1.6980857297648633
1.0200032346070476,0.8024265530425987,0.09549904598049516,0.2388805203422472,-1.0922559336604014,-1.2190315052388954,-0.36663982638095605,1.5955465953962904,0.963467627494044,-0.6700252923671979,-1.3579212314645976,-0.5811993136097704,-0.5735012244843509,1.7674024273509945,-0.5888984180666025
-0.44904700200538067,-1.7225538877874877,-1.1541887006457743,0.4440040128834629,0.8514291661025002,1.2618088441878195,0.7395433769601581,-1.089281417488421,1.4787093263927806,-0.19990077113521632,0.9820736504708042,-0.5811993136097704,-0.5735012244843509,-0.5658020972047737,1.6980857297648633
0.7479234864447544,-0.28019180873744354,2.270451814115937,-0.2983648844829069,-0.9029068550738357,0.7603399833746867,-0.8736404612456334,0.895156678991583,-0.5135585760156673,-0.48951763424758643,0.60697448721427,-0.5811993136097704,-0.5735012244843509,-0.5658020972047737,1.6980857297648633
0.4350162408959874,0.3423866282183248,-0.7850360041290992,0.9545725925977444,0.5885782855218323,-0.7352478820940981,-0.1361849923515573,-0.155428195615478,-0.9257519351346566,0.4566586044413882,1.1503628816528155,1.7205801462309047,-0.5735012244843509,-0.5658020972047737,-0.5888984180666025
-1.273160794570246,0.3272696133235508,-1.8293297975361005,-0.9257293228575012,0.29689079206674485,1.4575484532026766,0.09426984167784153,-0.2721598483495959,1.1695643070535386,0.8710062710857216,-0.15552681587561545,-0.5811993136097704,-0.5735012244843509,1.7674024273509945,-0.5888984180666025
-0.7228361331382968,-0.5467012155059566,1.3107593079540012,-1.036400251596068,0.15673754425634923,0.3274417050724994,1.6695010589388777,-1.089281417488421,0.929118180900795,0.7027342199016408,0.4764731357771435,-0.5811993136097704,-0.5735012244843509,-0.5658020972047737,1.6980857297648633
-0.5475560839480121,-0.7978920612166381,-1.4662770831550624,-0.19505988200661006,-1.0303911698365946,-0.08985064715766607,0.04817887487196176,-1.5562080284248927,-1.3379452942536458,-0.35663816990951425,0.5326209840301237,-0.5811993136097704,-0.5735012244843509,1.7674024273509945,-0.5888984180666025
0.8626373549661926,0.7106760085343928,0.5234415774033611,-1.2431102400031777,-0.6654847102088453,0.26420187052252736,-0.044003058739797755,0.895156678991583,0.1047314626628165,-0.0025101328911445978,-0.20900116593591087,1.7205801462309047,-0.5735012244843509,-0.5658020972047737,-0.5888984180666025
-0.9425221149477201,0.7410221471340941,0.31769525568757073,-1.383899480360155,0.30858793043264027,-0.3803417825849221,0.0020879080660820017,-1.6729396811590105,-1.3035958476603968,-1.269504344298737,-1.814956025170117,1.7205801462309047,-0.5735012244843509,-0.5658020972047737,-0.5888984180666025
0.18383695814094522,0.9436289706494054,0.5223039436488003,0.23334237533529625,-0.6404808145157285,1.5846539118851868,-1.3806410961103108,1.4788149426621724,-0.4792091294224183,0.7824839712721188,-0.0405826725994885,-0.5811993136097704,-0.5735012244843509,-0.5658020972047737,1.6980857297648633
-0.6598113728305398,-1.0056248962610226,0.7296869828434778,0.2535248947042505,-0.19173176528194996,-0.8352393885043596,-0.46304571346164336,-0.155428195615478,-1.063149721507653,1.2981979650751299,-1.7364693139620904,-0.5811993136097704,1.743675440098885,-0.5658020972047737,-0.5888984180666025
-0.006968019713412927,-0.5748594811375283,0.7596632135759641,0.0038557863059720462,0.15682105486494013,0.8154972911558169,-1.2423681956926715,1.7122782481304082,0.7573709479345494,-1.2239214588714131,0.14322619084843613,-0.5811993136097704,-0.5735012244843509,-0.5658020972047737,1.6980857297648633
0.33925529032319535,0.12218319155125959,-0.8259769684721642,1.2711155674205028,-0.2649656487776484,1.0320168848342433,-0.2744578927691966,-1.5562080284248927,-0.6509563623886637,-1.0314088565152773,1.0536274322586596,-0.5811993136097704,1.743675440098885,-0.5658020972047737,-0.5888984180666025
0.19774521737883055,-0.43962092542308984,-1.168976998085435,-0.3009678439653978,-0.5452197042656854,0.7325843508116991,0.18645177528960105,1.2453516371939366,0.3108281422223111,0.000941243435156014,0.8937104542051474,1.7205801462309047,-0.5735012244843509,-0.5658020972047737,-0.5888984180666025
0.2202158294992313,-0.5348817286479688,-0.6123017747079322,-0.12928885680247354,-0.5016360498187734,-1.9483469291055062,0.7967509180040545,-1.4394763756907747,-1.131848614694151,-0.027522071618865537,-1.0421400659052042,-0.5811993136097704,1.743675440098885,-0.5658020972047737,-0.5888984180666025
-0.4644580911604799,-0.5445531999195263,-0.1492919092871934,-0.24602656603783557,1.575552564415872,-0.7715793913286911,-0.731554576963108,-1.6729396811590105,0.1390809092560656,0.773998585800593,-0.2750909045036906,-0.5811993136097704,-0.5735012244843509,-0.5658020972047737,1.6980857297648633
-1.5234269094431079,0.9590370767285221,0.18402068165998553,0.4710252970356331,-0.10576017342648397,0.2837776260861422,0.6934524101542784,-0.5056231538178316,1.3413115400197841,0.06076861070161278,-1.1220436951377883,-0.5811993136097704,1.743675440098885,-0.5658020972047737,-0.5888984180666025
0.2790123966074486,-0.36513231995263096,0.04922889193299643,0.5624681826714858,-1.8671601896910253,-1.4722687403981225,2.154288594258625,-0.2721598483495959,0.9978170740872931,-1.6831178266516074,0.741179521270156,-0.5811993136097704,1.743675440098885,-0.5658020972047737,-0.5888984180666025
1.0920330565763143,-1.5189013981178343,-0.8131648830994013,-0.0751708715778607,-0.12290878727522415,-0.3643980941842968,0.1403608084837213,-0.9725497647543032,-0.13571466348992722,-0.5421278273221113,0.532192838034976,-0.5811993136097704,-0.5735012244843509,-0.5658020972047737,1.6980857297648633
-1.8318962133430396,-0.7296738856773347,1.9227290896666964,0.3066591237070778,0.5935748588525168,-0.1966244956113685,0.4169066093189998,-1.322744722956657,-0.8914024885414075,0.7850327486231221,-1.897106710317388,-0.5811993136097704,-0.5735012244843509,1.7674024273509945,-0.5888984180666025
1.1946862828564822,-0.520496027615569,0.007278989738955181,-0.7124882159386564,-0.2650350491812867,1.3857806440092975,0.8317253105719177,1.4788149426621724,-1.3035958476603968,-1.1023025639767776,0.5963121740654622,1.7205801462309047,-0.5735012244843509,-0.5658020972047737,-0.5888984180666025
-0.54842252108324,-0.400655214235286,-0.1687167604710864,0.8216271585405422,-1.5765630329493021,1.7133570392738324,2.0129959214631263,-1.206013070222539,-0.6509563623886637,0.3165240134527422,0.28945961677271986,-0.5811993136097704,1.743675440098885,-0.5658020972047737,-0.5888984180666025
-0.6397430980552231,-1.2648936699408597,1.4651859126763445,2.852215077343498,1.3376050915867277,0.8741121516537843,-0.965822394857393,1.4788149426621724,1.6848060059522751,0.3244776336626745,-2.105960374969864,1.7205801462309047,-0.5735012244843509,-0.5658020972047737,-0.5888984180666025
-0.9509428470530537,3.955981161118308,0.34647423074213024,-1.1282269288631535,-0.39627721835274,1.1965959823645402,-1.1962772288867918,-1.4394763756907747,-0.17006411008317632,0.4846889865705532,0.25465628565825105,-0.5811993136097704,-0.5735012244843509,-0.5658020972047737,1.6980857297648633
-0.14746325241935368,-0.854592522969758,0.37135654854300554,-0.36306665610986805,-1.1019063245945804,0.46378239775634705,0.20845452239191864,-1.206013070222539,1.1352148604602896,-0.010849144957329223,0.823755706924365,-0.5811993136097704,-0.5735012244843509,1.7674024273509945,-0.5888984180666025
0.1842360412498256,-0.6226264520920225,1.7529586825201209,1.1446175487108396,-0.7584153914237558,-0.7933707543196419,0.7856343437660379,1.0118883317257008,0.963467627494044,0.691702628652079,-0.41764521698021745,-0.5811993136097704,-0.5735012244843509,-0.5658020972047737,1.6980857297648633
-0.9512397112515171,1.5349196822009519,0.38074442724884716,-1.4035961545720717,-0.6999757980015506,0.13885502238411793,-1.0119133616632727,-1.6729396811590105,-1.5440419738131403,-0.8683423728582212,0.8053759948634418,1.7205801462309047,-0.5735012244843509,-0.5658020972047737,-0.5888984180666025
-0.1678080010719927,-0.8292962716576545,2.9659341172517637,0.3379992739990053,-1.7934774945256673,1.744235414513653,-1.1040952952750323,0.5449617207892293,-0.6166069157954147,0.6263585962954481,0.08674218721959583,1.7205801462309047,-0.5735012244843509,-0.5658020972047737,-0.5888984180666025
-0.7195307796930867,-1.2136394150048704,0.8116510221164293,0.01446912540764753,-1.4663843972774255,0.05220967603931245,1.136739114320718,-0.6223548065519495,-0.13571466348992722,0.8831157254942176,-1.1054352055546022,-0.5811993136097704,-0.5735012244843509,-0.5658020972047737,1.6980857297648633
-0.6122405680720389,1.4482305872607502,0.5107068856183226,-0.8155629691682298,0.7424739090865554,-1.5863803673174628,0.2786337089013606,-0.8558181120201853,-0.8914024885414075,-1.2306590596826548,1.451215650178359,1.7205801462309047,-0.5735012244843509,-0.5658020972047737,-0.5888984180666025
-0.4600751745492578,-0.15630832214776125,0.12044693367274786,1.6752509634486457,-0.3366632237071743,-0.6105180529923163,0.7856343437660379,-0.7390864592860674,1.1695643070535386,-0.36909915550011674,0.17443585549596266,-0.5811993136097704,-0.5735012244843509,1.7674024273509945,-0.5888984180666025
-1.476951804147368,-0.5952490215998454,-0.21946634958321173,-0.552081932973858,0.5092928366177208,0.9385396608009678,-0.41130681312251793,1.1286199844598188,-1.097499168100902,1.9293514848849318,-1.6653662541431573,1.7205801462309047,-0.5735012244843509,-0.5658020972047737,-0.5888984180666025
0.08007357325219254,-1.7340179296230174,-1.4345171594902983,-1.0152763509236375,-0.387893212506116,-0.28030850507581934,-0.965822394857393,1.2453516371939366,-1.1661980612874003,0.3947295182737756,0.22120159094871558,-0.5811993136097704,-0.5735012244843509,-0.5658020972047737,1.6980857297648633
0.7010746107982616,0.1896687141313903,1.1834737354828018,-0.9954998505822783,3.308028829515393,0.2234835601511227,-0.7966229264814215,0.07803510985275779,0.3451775888155602,2.1095184760839385,0.737032221539177,1.7205801462309047,-0.5735012244843509,-0.5658020972047737,-0.5888984180666025
-1.7113625594516744,2.222407286098318,-0.24561381823174094,0.17525300731737314,-0.5213967209241964,0.8708133398055666,0.37081564251312005,0.895156678991583,-0.20441355667642544,-1.5616652786915697,-0.6945877011531031,1.7205801462309047,-0.5735012244843509,-0.5658020972047737,-0.5888984180666025
1.1905868393437409,-1.2138088990902982,0.45514216224031445,0.9475953952668804,0.1364587195621763,-0.8830882227005806,-0.5970946604103549,1.3620832899280546,-1.3035958476603968,2.1575364957276264,-0.37338331587698365,1.7205801462309047,-0.5735012244843509,-0.5658020972047737,-0.5888984180666025
2.567544268401291,-0.12653034855341733,2.2268963300185582,-0.8256409722688026,0.26747124958575913,-0.1660709283463892,0.2786337089013606,-0.5056231538178316,-0.20441355667642544,-1.4227014098189095,-0.350377462798457,-0.5811993136097704,-0.5735012244843509,-0.5658020972047737,1.6980857297648633
0.08726911562206376,0.14765124895936488,1.0385453350380123,0.9432494920676303,0.19731500885989905,-1.7317004074514015,0.6934524101542784,0.19476676258687567,-1.5096925272198913,1.7409921684470966,0.7570894075361135,-0.5811993136097704,1.743675440098885,-0.5658020972047737,-0.5888984180666025
0.37315194166159055,0.5499410338589296,0.7328192679960062,0.5857452476411471,0.1814201952456847,1.1283410580498077,0.1403608084837213,-0.7390864592860674,-1.3035958476603968,0.2285660272241347,-0.5048963021157933,-0.5811993136097704,-0.5735012244843509,-0.5658020972047737,1.6980857297648633
-1.7569201436052229,0.5010811082006202,0.385803875674086,-0.8353215818744023,-1.8671601896910253,1.1964612775047787,1.5712720029430869,-0.7390864592860674,1.3413115400197841,0.8471204757542471,0.017533155879721523,-0.5811993136097704,1.743675440098885,-0.5658020972047737,-0.5888984180666025
-1.174079226842504,-1.1508913696850827,0.07939045388156461,0.1852673622413881,-1.608422040910495,1.7671148243101964,0.6934524101542784,-1.5562080284248927,-1.715789206779386,1.353395621038952,-0.43665149734821435,-0.5811993136097704,1.743675440098885,-0.5658020972047737,-0.5888984180666025
0.561493548141042,0.1861163453070191,-0.06874440332740497,0.8101061466759376,-1.8671601896910253,-0.5798780664017796,-0.013405469694038602,-0.038696542881360096,0.929118180900795,-1.0551083542731996,0.5284133140371705,-0.5811993136097704,1.743675440098885,-0.5658020972047737,-0.5888984180666025
-3.396251542986771e-05,0.32053605519392897,1.1600237852112163,-0.8985018527530793,0.748292584219506,0.714228178257297,-0.09009402554567751,-0.6223548065519495,-1.6814397601861368,1.517668988507705,-0.011322476637380108,-0.5811993136097704,-0.5735012244843509,1.7674024273509945,-0.5888984180666025
2.1967147926487924,-0.4507438231557231,-0.18268723850611707,-1.0736222961828283,-0.5202331518560481,1.0492337852361122,-0.1361849923515573,-0.155428195615478,0.1390809092560656,-0.41299154423163553,1.7462001049603673,-0.5811993136097704,-0.5735012244843509,1.7674024273509945,-0.5888984180666025
-0.5681581653784954,-1.2625450556580842,-0.9641235769973946,-0.9456377261970531,0.9362600654957052,-0.2603928904405418,-1.334550129304431,1.4788149426621724,-0.8227035953549093,0.06648816270440461,0.09877447939697898,-0.5811993136097704,-0.5735012244843509,1.7674024273509945,-0.5888984180666025
1.128377440076558,-1.2464630935801044,-0.7171368855040194,-1.1106566903406239,-0.4564417945662483,-0.07358234847378138,-0.965822394857393,-1.4394763756907747,0.4482259285953075,-1.0871926744679508,1.2927336444265654,-0.5811993136097704,1.743675440098885,-0.5658020972047737,-0.5888984180666025
-0.7607033488594627,2.745474340325154,-0.48168667409435134,0.6375037861347498,0.959881273092566,0.20531360608188073,0.6012704765425189,1.7122782481304082,-0.41051023623592003,-1.6167636085579287,-0.5711647364960456,-0.5811993136097704,-0.5735012244843509,-0.5658020972047737,1.6980857297648633
0.49213690489598644,-0.13930802879172,0.2699387640194018,2.6840568467486796,-0.7177582965890426,-0.17587014041933322,-0.965822394857393,-0.8558181120201853,0.6886720547480513,0.6369479252390121,0.25456478282697537,-0.5811993136097704,-0.5735012244843509,-0.5658020972047737,1.6980857297648633
-0.7516932834942083,-0.3596802324363083,0.4234222326362599,0.4769242839299876,2.145219511973574,0.41437275452983474,2.993306018233009,0.07803510985275779,1.1695643070535386,-0.2658290836287663,1.366505001490585,-0.5811993136097704,-0.5735012244843509,1.7674024273509945,-0.5888984180666025
-0.08599067660486213,-0.5514157563837517,-0.8701049414680506,0.14743179819241853,-0.3846030539135647,0.4989316676436486,0.6934524101542784,-0.155428195615478,0.7917203945277985,0.7868550374741011,-0.3560770168123516,1.7205801462309047,-0.5735012244843509,-0.5658020972047737,-0.5888984180666025
0.8125446140170839,0.5156818685865671,1.6957048429855026,0.4444403332224279,0.19568929430977017,-0.6580338710429029,-0.18227595915743702,-0.155428195615478,0.0016831228830691885,1.8219276147051997,-0.8356210307626839,1.7205801462309047,-0.5735012244843509,-0.5658020972047737,-0.5888984180666025
0.18482885034071583,-0.9452374776016476,0.5423882289320389,-0.061802320179734895,-0.24233601448899866,0.21322227605222097,-0.2744578927691966,1.4788149426621724,0.2077798024425638,-0.02834646358759363,1.30795421830096,1.7205801462309047,-0.5735012244843509,-0.5658020972047737,-0.5888984180666025
0.22199139734185316,0.36940990531614626,0.8528679478152025,1.3761444326993588,-1.8054272333056058,-0.5672252802841109,-0.3205488595750763,0.895156678991583,0.1047314626628165,-0.23695690080314383,-0.32813790559526324,-0.5811993136097704,1.743675440098885,-0.5658020972047737,-0.5888984180666025
-0.9991886023460851,1.279576009786404,0.7248055623120278,-1.3490439380435237,0.3254462872215474,0.295620081270783,-1.150186262080912,1.4788149426621724,-1.406644187440144,-2.2791715081819865,-0.2480006495218033,-0.5811993136097704,-0.5735012244843509,-0.5658020972047737,1.6980857297648633
-1.4187244483063288,-1.8073225020301866,-0.9010495124618971,-1.0683134054124723,-1.6748741264933973,0.7305069147438356,-1.0119133616632727,0.895156678991583,1.1695643070535386,1.9280466431029388,0.5118741447656407,-0.5811993136097704,1.743675440098885,-0.5658020972047737,-0.5888984180666025
-0.37930106706130673,0.41050348593443303,0.4273870123772709,-0.5843037464080775,-0.08261828533654027,-0.08695037627825426,-0.45882175999271557,-0.155428195615478,-0.20441355667642544,0.9203456744703721,-0.43639143807359276,-0.5811993136097704,-0.5735012244843509,1.7674024273509945,-0.5888984180666025
0.9696326103308825,0.06332335206763624,-0.2893921651752905,-0.49625460629539314,-1.2142072693349295,-0.372643479656703,-1.298564977867393,-0.8558181120201853,-1.1661980612874003,-0.9754520053395194,1.0246628512639964,-0.5811993136097704,-0.5735012244843509,-0.5658020972047737,1.6980857297648633
0.4974694828425028,-1.8073225020301866,0.7031761889085246,-0.6501035650351328,-1.1308273310743173,0.9088749467060583,1.8462667082606599,0.7784250262574651,-0.41051023623592003,0.8449784014384507,-1.0357210608068812,-0.5811993136097704,-0.5735012244843509,-0.5658020972047737,1.6980857297648633
-0.5824071924281038,0.766542237454189,1.8360857428244723,0.5699432924914483,1.2857521408157158,0.8370456826582521,-0.5970946604103549,-1.206013070222539,0.5856237149683039,1.4537392755147511,-0.9742437215075572,-0.5811993136097704,1.743675440098885,-0.5658020972047737,-0.5888984180666025
0.6454526255839036,0.6821851879602348,0.8963490768173504,2.056091241111865,-1.684231205067486,1.167017825387235,-0.5970946604103549,0.31149841532099354,-1.440993634033393,-0.0764804298847206,0.8148478087150897,-0.5811993136097704,1.743675440098885,-0.5658020972047737,-0.5888984180666025
0.6322413836905433,-1.0215875587841516,-1.0632206703160099,-0.4487959230618049,-0.5411547871796509,-0.4472551521589963,0.09426984167784153,-0.8558181120201853,-1.715789206779386,1.5364748701002569,0.3642797987409903,1.7205801462309047,-0.5735012244843509,-0.5658020972047737,-0.5888984180666025
-1.2048744246406233,-1.3346683476025387,-1.8302463701959857,0.4211850211742613,1.71792624507403,-1.8779090542737664,-0.7353675608279941,0.6616933735233472,-1.406644187440144,0.09164344032921858,-0.5326294277736904,-0.5811993136097704,-0.5735012244843509,1.7674024273509945,-0.5888984180666025
-0.27882644624544384,-0.23845580765634683,-0.6819506354684378,-1.2823383627138298,1.289503186340374,1.4936600330054566,0.31600179426191227,0.42823006805511143,0.7573709479345494,1.2284147821013252,0.6891311566809413,-0.5811993136097704,1.743675440098885,-0.5658020972047737,-0.5888984180666025
-0.6451359711433764,-0.8214525239552102,-1.0840128614150792,1.1831381271684167,0.14908207862030218,0.9005111399267459,-0.7353675608279941,-1.6729396811590105,-1.2348969544738986,0.6074151329402694,-0.4036251703793678,-0.5811993136097704,-0.5735012244843509,1.7674024273509945,-0.5888984180666025
-1.625656250264762,-0.9147503567050134,0.2101384858833238,-0.7501770077233967,-1.7679957992218744,-0.5515475567810825,-0.5970946604103549,1.5955465953962904,0.1390809092560656,-0.159925315219945,1.7462001049603673,-0.5811993136097704,-0.5735012244843509,1.7674024273509945,-0.5888984180666025
-0.9051712677823502,-0.5616893131841916,2.4446744445215387,0.12414174078418377,1.0236256722902888,0.94762593700913,0.4629975761248796,1.1286199844598188,0.929118180900795,0.5031528084371947,-0.5257702339151065,-0.5811993136097704,1.743675440098885,-0.5658020972047737,-0.5888984180666025
-0.232550165398541,-0.582581423142698,-1.0006609643931226,-0.15142088717502655,-0.00026601787637525965,-1.3579472314824421,0.09426984167784153,0.31149841532099354,-1.1661980612874003,-1.0426465185217446,-1.7694625424660977,-0.5811993136097704,1.743675440098885,-0.5658020972047737,-0.5888984180666025
1.1698293224738257,1.2772119043874988,-1.3334788039505117,-0.4122153418461901,0.2364707674242378,-1.3616579684219776,-1.3806410961103108,1.3620832899280546,-0.3074618964561727,1.0633991789727797,-0.5510120628544842,-0.5811993136097704,-0.5735012244843509,-0.5658020972047737,1.6980857297648633
-0.889200896954727,-0.3997338903506963,0.2730605609867009,0.8900651225646263,0.7080629609734387,0.7017093363494981,0.5090885429307593,-0.7390864592860674,-0.8227035953549093,0.8358116063332351,0.7625340403899229,-0.5811993136097704,-0.5735012244843509,1.7674024273509945,-0.5888984180666025
-1.0866773281153506,-1.157152061582207,0.67650685486351,0.8139153057699714,0.7109221661522727,0.7029151311809221,0.09426984167784153,0.5449617207892293,0.619973161561553,1.7579202350335223,0.5576095274341062,-0.5811993136097704,-0.5735012244843509,1.7674024273509945,-0.5888984180666025
-1.0759656609845003,0.5200638594441469,1.3859321547367776,-0.9075071231350967,-1.10006898552357,-0.09217428315861043,-1.2423681956926715,-0.8558181120201853,1.0321665206805424,-0.8311166914580681,-1.28603732972041,1.7205801462309047,-0.5735012244843509,-0.5658020972047737,-0.5888984180666025
0.48254961548538133,-1.0238084013051667,-0.24862289596413417,0.17057780646151863,0.21502810451827858,-0.5227568998978103,-1.1040952952750323,-0.038696542881360096,1.4443598797995316,-0.23139466770008288,1.712385319000358,-0.5811993136097704,-0.5735012244843509,-0.5658020972047737,1.6980857297648633
-0.8039871831356383,-1.2737114835013192,4.114060074727558,1.5639096833020467,-0.5400081920837606,0.6706395903356164,-0.4127307931868358,0.7784250262574651,1.3413115400197841,0.9508073770170153,-0.4131403181899009,-0.5811993136097704,1.743675440098885,-0.5658020972047737,-0.5888984180666025
0.009432142817761217,2.9063071009804062,-0.07622701154845433,-1.1121500285033397,0.1044948498447523,1.6561667566844902,0.5090885429307593,0.7784250262574651,-1.2005475078806493,0.4645813713504104,-0.8691442121921026,1.7205801462309047,-0.5735012244843509,-0.5658020972047737,-0.5888984180666025
0.28336840089004317,0.12445238278031702,1.835129651855612,0.22495733389911474,0.7790018733885268,0.8312508802516624,-1.334550129304431,1.3620832899280546,-0.41051023623592003,0.832153894856295,-0.06437950709321717,-0.5811993136097704,1.743675440098885,-0.5658020972047737,-0.5888984180666025
1.8840150627491428,-0.4655569936377487,-0.08705608138643509,-0.8222679450564033,-0.08064886441563379,-0.31347380113656304,-0.09009402554567751,1.3620832899280546,-1.3722947408468948,-0.3756899388687624,-0.25823216742365024,1.7205801462309047,-0.5735012244843509,-0.5658020972047737,-0.5888984180666025
-0.8452444641373816,0.28207139742119963,-0.2740023416586056,-0.33691276566939343,0.31735816471364614,-1.9483469291055062,1.4146289528808007,-1.4394763756907747,-1.2005475078806493,-1.5307303139334223,-2.640766432166402,-0.5811993136097704,1.743675440098885,-0.5658020972047737,-0.5888984180666025
-0.4409856830494499,1.195951516854384,-0.004011877359141001,1.4862845631095967,0.11646675098678029,0.5839585795911494,0.8317253105719177,0.07803510985275779,0.9978170740872931,-0.5825252966691558,0.5815582409567237,-0.5811993136097704,-0.5735012244843509,1.7674024273509945,-0.5888984180666025
-0.05428598479858277,1.5099216513076106,-0.1578573038017962,-0.1466566300782256,0.06726693773526252,-0.6927957212307415,-1.2884591624985513,0.7784250262574651,0.1047314626628165,-0.005650307366802541,-0.764587897041614,1.7205801462309047,-0.5735012244843509,-0.5658020972047737,-0.5888984180666025
1.1938371035380944,1.2926091918510576,1.556331454207939,1.0995513319971701,-0.8589000923096893,0.050116858207982326,0.2325427420954808,-0.8558181120201853,-0.17006411008317632,0.03203521430644271,1.7462001049603673,-0.5811993136097704,-0.5735012244843509,-0.5658020972047737,1.6980857297648633
0.5570319313857652,0.4893416384386042,0.4777753660979633,-0.5874041890056063,-0.48042687640304205,0.7103668938536412,3.7192820424185924,-0.8558181120201853,-1.2348969544738986,0.6729039016423822,-2.0069871622827984,-0.5811993136097704,-0.5735012244843509,-0.5658020972047737,1.6980857297648633
1.0115071658928758,0.2437163405366647,0.8040076454807144,0.9066844449712526,1.41976328016383,1.1606763822511312,-1.297850808479842,1.7122782481304082,0.4482259285953075,0.36701837763677525,0.05363494489194545,-0.5811993136097704,1.743675440098885,-0.5658020972047737,-0.5888984180666025
1.3823242960589384,-0.2906982714597762,-0.8123839851070691,0.6590949466227316,0.017717012662070354,-0.10197063171276673,-0.22836692596331679,-0.038696542881360096,0.2077798024425638,-0.3773272148184781,1.7462001049603673,-0.5811993136097704,-0.5735012244843509,-0.5658020972047737,1.6980857297648633
2.7751982974958493,0.8247536842612553,-0.10233327685818587,0.6930679785629541,-0.706763738113238,0.7207564539798201,-0.044003058739797755,0.6616933735233472,-0.34181134304942185,-0.18283236475840395,-0.0016469253770674333,-0.5811993136097704,-0.5735012244843509,1.7674024273509945,-0.5888984180666025
2.279640406573055,-1.4866865667298899,-0.49753842344280735,0.43829115454136913,0.014579693084930546,1.2725972074845273,0.7395433769601581,-1.4394763756907747,-0.5479080226089165,-0.8155648617052521,1.7462001049603673,-0.5811993136097704,-0.5735012244843509,-0.5658020972047737,1.6980857297648633
-1.1168329249569786,-0.18626497104607698,-0.16842000531181262,0.05034680256215515,0.016182933741747226,0.2667588963504671,1.1954888773554229,1.5955465953962904,-1.6814397601861368,-0.7959203131654539,0.631552642964961,-0.5811993136097704,1.743675440098885,-0.5658020972047737,-0.5888984180666025
0.7428715100153321,-0.7030451894476565,-0.1547985463723673,4.4761727406787655,-0.41667197752912644,-0.7348164896353551,-0.22836692596331679,1.0118883317257008,0.3451775888155602,0.4348528357951597,0.6120678058582973,-0.5811993136097704,-0.5735012244843509,1.7674024273509945,-0.5888984180666025
0.527458698203408,1.1220544468823184,1.0962679627521237,-0.5303925334148768,-0.8385646536777303,-0.8289575806176714,0.32472467570724034,-0.2721598483495959,1.5474082195792789,0.26330972911393985,0.6051045587972255,-0.5811993136097704,-0.5735012244843509,-0.5658020972047737,1.6980857297648633
0.5540022973245298,0.49560880609543395,1.1937734308182173,1.4378920150515955,-0.6971151893094409,1.9037789085341463,0.1403608084837213,-1.6729396811590105,1.6848060059522751,0.5231639841033995,1.221903763014006,-0.5811993136097704,-0.5735012244843509,1.7674024273509945,-0.5888984180666025
0.29186237212552446,-1.2031517630742556,2.3875401854807867,-0.6279792562389048,2.9309090081050653,1.2430888586462625,2.398806857808648,1.3620832899280546,0.8947687343075459,-0.25784249868214254,0.4526217948750886,1.7205801462309047,-0.5735012244843509,-0.5658020972047737,-0.5888984180666025
1.2698964302522753,0.32920443714846803,-1.1395556122563093,0.3847024441800042,-1.5828018732300606,-0.33220364367895366,0.7856343437660379,-1.089281417488421,-0.03266632371017991,1.109031595088331,0.4935979606383986,-0.5811993136097704,-0.5735012244843509,-0.5658020972047737,1.6980857297648633
1.0434657218133236,-0.9131878416627165,-0.6508573595109627,-0.22295146571040522,-0.11902576699562195,-0.3050658445879184,-0.09009402554567751,1.0118883317257008,0.0703820160695674,2.1575364957276264,0.828813486109871,-0.5811993136097704,-0.5735012244843509,-0.5658020972047737,1.6980857297648633
-0.03674816436651622,0.824936865980865,-0.24630767470019366,-1.5830802161752242,-0.15569942511984286,-1.0745231240476472,0.8317253105719177,-0.6223548065519495,0.1734303558493147,0.19371096731458787,0.9222225808787105,-0.5811993136097704,-0.5735012244843509,-0.5658020972047737,1.6980857297648633
-0.9140013178755974,-0.1325479782783751,-0.22651928073622885,0.6628323484332106,-0.3292347461823611,-1.2361096878713278,1.4434412065989524,0.19476676258687567,1.3069620934265351,-0.0993122104516266,-0.43436426297294006,-0.5811993136097704,-0.5735012244843509,-0.5658020972047737,1.6980857297648633
-0.6318721272970921,2.9569704216453028,-0.2836488788905235,0.2091306564567674,0.9132228756053051,-0.42965355365366137,-1.2884591624985513,1.4788149426621724,-1.2692464010671476,-2.1988638807727723,-0.38235941600450324,-0.5811993136097704,-0.5735012244843509,-0.5658020972047737,1.6980857297648633
-0.8471840433857794,3.7816333478774546,0.36923610345629587,-1.803314887260497,-1.4053619615698711,-0.4295497789912965,0.6934524101542784,-1.4394763756907747,0.3108281422223111,-0.8116101178073502,0.0901967903467014,1.7205801462309047,-0.5735012244843509,-0.5658020972047737,-0.5888984180666025
-0.2281913114374985,-0.16670876126281728,0.4100408480037257,1.074229489666414,-0.23274354172109488,-0.9066969775582667,-0.09009402554567751,1.1286199844598188,0.0016831228830691885,0.9209893960668396,-0.7464993246240937,-0.5811993136097704,-0.5735012244843509,-0.5658020972047737,1.6980857297648633
1.797542069410357,0.11967495148802651,-1.0507624358983085,-0.9486259927406588,1.4288619237253242,-1.9483469291055062,-1.150186262080912,-0.038696542881360096,-1.406644187440144,0.935618624964402,0.4599998420579448,-0.5811993136097704,1.743675440098885,-0.5658020972047737,-0.5888984180666025
-0.427767893803,0.7517882567076626,0.7189347783373261,-1.1496240870222676,-0.2881963652163597,-0.5924087154328106,-0.36663982638095605,0.31149841532099354,0.8260698411210476,0.20359676452461842,0.3173286498456584,-0.5811993136097704,-0.5735012244843509,-0.5658020972047737,1.6980857297648633
0.57497968405094,-1.8073225020301866,0.25664512873860407,2.1509159720148285,-0.30625100357686486,0.448588511742339,-0.965822394857393,0.895156678991583,-0.719655255575162,2.1575364957276264,0.2375385996466477,1.7205801462309047,-0.5735012244843509,-0.5658020972047737,-0.5888984180666025
0.3859287760633131,-0.36592014536054446,-0.7714261572128225,0.2931052887475543,-0.19965341727403949,-1.1624840583523568,-0.09009402554567751,1.1286199844598188,0.6886720547480513,0.2932616024735472,0.8026020126529892,-0.5811993136097704,-0.5735012244843509,1.7674024273509945,-0.5888984180666025
1.14359126605512,-1.2440924957352069,-1.030042623757357,-1.751407768882492,0.4210845566422194,0.5563283531745388,-0.6431856272162346,1.4788149426621724,-0.20441355667642544,0.9289941286240148,-0.45083388730594975,-0.5811993136097704,1.743675440098885,-0.5658020972047737,-0.5888984180666025
-0.7285566670754188,0.1816673326363971,0.4288344222949588,-0.016825862990275373,-0.567239048464487,0.2475800086150107,0.2325427420954808,-0.5056231538178316,0.1390809092560656,-0.1054144609966783,0.3700975761095484,-0.5811993136097704,1.743675440098885,-0.5658020972047737,-0.5888984180666025
-0.9153942510577314,-0.561795955229054,-0.32050498668518573,-0.28314861513451445,-1.8671601896910253,-0.47439612552070726,-0.9197314280515132,1.7122782481304082,-0.6166069157954147,-0.05472039952004917,-0.08952202771560526,1.7205801462309047,-0.5735012244843509,-0.5658020972047737,-0.5888984180666025
-0.9436102083359529,0.15104895784480102,0.8262575330436092,-0.5166294594586771,2.9719164545384644,1.0944419609777356,0.22124748468847164,0.31149841532099354,-1.3035958476603968,0.5540259803596724,0.8172247892629624,-0.5811993136097704,1.743675440098885,-0.5658020972047737,-0.5888984180666025
0.9310293907658137,0.7360063162655939,-0.3698505999143066,0.03912653370263679,-0.22575131545360885,-1.5828215442423543,-1.1962772288867918,0.07803510985275779,0.2077798024425638,0.514478707857227,-0.7621636965200056,-0.5811993136097704,1.743675440098885,-0.5658020972047737,-0.5888984180666025
1.5001810117662946,-0.7652979654681853,-0.3418977920986958,-0.16391370911221437,-0.5879943276145299,-0.6154110804378251,-0.6431856272162346,0.7784250262574651,0.6886720547480513,1.3257985365161957,0.29299589747856797,-0.5811993136097704,1.743675440098885,-0.5658020972047737,-0.5888984180666025
2.6501437963931767,-0.19871266500564308,-1.0352701745594743,-0.6993211839928994,0.6586841850351074,-0.7642979125906747,-0.18227595915743702,-0.8558181120201853,-0.03266632371017991,-0.18094672076461812,1.4014427911551348,-0.5811993136097704,-0.5735012244843509,-0.5658020972047737,1.6980857297648633
-0.46036413301462076,-0.40613475943952687,1.7499905118979415,0.5608149224040986,0.73892435610034,-0.31040673775702743,0.7395433769601581,-0.8558181120201853,1.5130587729860296,-1.5564963374754646,1.100435573934848,-0.5811993136097704,1.743675440098885,-0.5658020972047737,-0.5888984180666025
-0.48170659284721107,-0.8390118705429845,2.584125426282526,3.006700931761194,-1.8425347154279539,0.24731827523998032,0.7856343437660379,0.19476676258687567,1.6161071127657771,2.1575364957276264,-0.19656534306042822,-0.5811993136097704,1.743675440098885,-0.5658020972047737,-0.5888984180666025
-0.1730768436237447,-0.32481963797371843,-0.14048071187864336,-0.9767002747385385,0.08939335789128072,0.3859000409408886,-0.9197314280515132,-1.206013070222539,0.1390809092560656,1.1924958760891826,-0.8830790849308475,1.7205801462309047,-0.5735012244843509,-0.5658020972047737,-0.5888984180666025
0.4399554255699401,0.8589747419076862,-0.6895450149771895,-1.342695373942417,-0.5919635644788503,0.37415100866532414,2.433651591264097,1.3620832899280546,-1.2692464010671476,-1.356810556931561,0.6567887307485692,-0.5811993136097704,-0.5735012244843509,1.7674024273509945,-0.5888984180666025
-0.47012174845359406,-1.7683601083824059,-0.11066717622564001,-0.16470573379521555,0.7996940665512268,-1.9483469291055062,1.8944045455338054,-1.206013070222539,-0.27311244986292366,-1.7891671676075152,0.9626682826872882,-0.5811993136097704,-0.5735012244843509,1.7674024273509945,-0.5888984180666025
0.46102512777357024,-0.3269712259653221,-1.5149388913844066,0.4436879443490222,-0.9755149648796977,-0.09111421083228625,0.6473614433483986,0.895156678991583,-1.5096925272198913,1.5502099533180276,1.7462001049603673,-0.5811993136097704,-0.5735012244843509,1.7674024273509945,-0.5888984180666025
-0.2035904715996976,-0.5667285499626583,2.4257480102636135,0.02531161904219708,0.32812997093378343,0.9835580656194997,0.32472467570724034,-0.155428195615478,-1.097499168100902,1.0074817402603833,0.4260475476765214,-0.5811993136097704,-0.5735012244843509,-0.5658020972047737,1.6980857297648633
-0.14510597002505837,0.24087650918524592,0.4874688199763664,-1.31627983830106,-1.0052513484539805,-1.9483469291055062,-0.09009402554567751,-0.2721598483495959,1.4443598797995316,-0.08710782746973242,0.7971917761010561,-0.5811993136097704,-0.5735012244843509,1.7674024273509945,-0.5888984180666025
0.20864068734482727,1.4316006967587864,0.34206060312787906,-0.8751611122039147,0.6466242489626294,0.8662220246302789,-1.150186262080912,-0.8558181120201853,-1.2005475078806493,-1.0062182418330978,1.2433852384476352,-0.5811993136097704,-0.5735012244843509,-0.5658020972047737,1.6980857297648633
1.1421123334595205,1.0039527491887095,0.5173381998501992,-1.6673787577762602,0.18816049693105172,0.39016131655995734,-1.334550129304431,0.7784250262574651,0.7917203945277985,-1.5454266056766928,0.5656477198775063,-0.5811993136097704,1.743675440098885,-0.5658020972047737,-0.5888984180666025
-0.40060728421377295,-0.28333784083807556,2.357801644029626,0.11943319623630773,0.6690518299280941,1.3678828200480355,0.04817887487196176,-0.7390864592860674,0.5856237149683039,0.5037723167999373,-0.747429293162516,1.7205801462309047,-0.5735012244843509,-0.5658020972047737,-0.5888984180666025
-1.7417535051959074,1.6793003904715014,0.17296277119874062,0.16094643033038736,0.7828566398966555,-1.1399264503267597,-0.1361849923515573,1.7122782481304082,1.5130587729860296,-0.3722810972868379,-0.6748119824855565,-0.5811993136097704,1.743675440098885,-0.5658020972047737,-0.5888984180666025
-0.6345500629014358,-1.3072984444628926,1.532117475332336,-1.803314887260497,0.6132761226811493,0.14112505999011607,-0.965822394857393,1.7122782481304082,0.1734303558493147,-0.10754275970435662,0.6512249170165587,-0.5811993136097704,-0.5735012244843509,1.7674024273509945,-0.5888984180666025
-0.1234076501265765,0.09623328469180989,-0.2910780075058119,0.639966948146207,0.6403534316809016,-0.11085725869927818,2.374041375304927,0.5449617207892293,1.5130587729860296,0.13396606239765,0.5347682840841267,-0.5811993136097704,-0.5735012244843509,-0.5658020972047737,1.6980857297648633
0.021335597095491116,0.7769477114573342,0.17928479782396922,-0.2663912586081719,0.8039006628953893,-1.6362411583548429,-0.8275494944397537,-0.5056231538178316,1.5130587729860296,-0.17090737375082998,-0.22450681954710971,1.7205801462309047,-0.5735012244843509,-0.5658020972047737,-0.5888984180666025
0.6539319827484604,-0.33146026471698103,-0.11455835827889421,-1.4424015398733945,-0.42995835887194733,-1.432964206171077,-0.4127307931868358,-0.5056231538178316,1.5474082195792789,0.15511289984868937,0.8123668059169225,-0.5811993136097704,1.743675440098885,-0.5658020972047737,-0.5888984180666025
1.4540742312879873,-0.27264994264632686,-0.09553789894573436,-1.2508302856480893,0.5723019921637462,0.5596184443077369,3.8077209501608835,-0.5056231538178316,-1.2348969544738986,0.6097127732806773,-0.7730270017034399,-0.5811993136097704,1.743675440098885,-0.5658020972047737,-0.5888984180666025
0.22155395734126834,-1.02227563450636,-0.024909824218283073,-1.7606350899943695,0.3445858311064772,-1.3565967629627351,2.3061896595743745,0.19476676258687567,-0.7540047021684111,2.1575364957276264,0.8217734041264957,-0.5811993136097704,1.743675440098885,-0.5658020972047737,-0.5888984180666025
-1.2871561921249386,0.4013638233191845,0.9377035241141336,-0.4406657145621089,-0.8416028153823765,-0.07207826771553881,0.37081564251312005,0.07803510985275779,-1.3722947408468948,0.6729955797184155,-1.6061269317805806,1.7205801462309047,-0.5735012244843509,-0.5658020972047737,-0.5888984180666025
-1.0208063297370262,0.41147063364437714,0.2677055625914242,1.2385570781316724,-1.187260634535083,-0.49485817275779537,-0.6892765940221144,-0.5056231538178316,-1.131848614694151,2.0400475722230076,-0.3218443564275473,-0.5811993136097704,-0.5735012244843509,1.7674024273509945,-0.5888984180666025
-0.7040689457744159,0.5931690988214525,1.5617542377753766,2.3865956333108596,0.16872299436361426,0.6226811941378386,-0.36663982638095605,-0.155428195615478,0.4482259285953075,2.1575364957276264,-1.9552570765998507,-0.5811993136097704,-0.5735012244843509,1.7674024273509945,-0.5888984180666025
0.046815361693696884,-1.8073225020301866,0.5319603669069348,-0.7716830294099722,0.7820580060822485,0.4824812063644599,0.6012704765425189,-1.4394763756907747,-1.3722947408468948,-0.02547124487832359,-2.0697115818204184,-0.5811993136097704,-0.5735012244843509,1.7674024273509945,-0.5888984180666025
0.7302732203978398,0.18327892419320324,0.28943089753496587,-1.0139073473094395,0.4474402822891581,0.3067095553542688,0.32472467570724034,0.42823006805511143,0.6543226081548021,-0.23611517549175498,1.7462001049603673,-0.5811993136097704,-0.5735012244843509,1.7674024273509945,-0.5888984180666025
2.7391434733945577,-0.5100069120187702,-0.6478802249170428,-0.5732975699565165,-0.11252617721827635,-0.16971191825475784,0.0020879080660820017,-0.038696542881360096,0.5856237149683039,0.7096604127214007,1.0672488319737294,-0.5811993136097704,-0.5735012244843509,-0.5658020972047737,1.6980857297648633
0.16982034881645272,-0.307391548037389,-0.8927095848949379,-1.0962362429756418,-0.2357903209201775,-0.6981043864383698,0.5090885429307593,0.31149841532099354,0.7917203945277985,-0.8352476273331069,0.15234692273341102,1.7205801462309047,-0.5735012244843509,-0.5658020972047737,-0.5888984180666025
-0.888737959104045,-0.10290347561686883,-1.8302463701959857,0.45793188736751156,1.6686767941697243,-0.2820079279830962,2.3207538607517324,-0.9725497647543032,-1.6127408669996386,0.9959726123851197,0.15464759242002923,-0.5811993136097704,1.743675440098885,-0.5658020972047737,-0.5888984180666025
-0.033980918760756394,0.38668350057206075,-0.8328100134664103,0.44079294609465086,-0.03660247742203768,1.5869145870177341,-0.45882175999271557,-0.038696542881360096,0.5512742683750549,-0.4752650660660278,1.2468035173841294,1.7205801462309047,-0.5735012244843509,-0.5658020972047737,-0.5888984180666025
-0.270139639719102,-1.2159864013888135,-1.3651959828773332,0.3052612580719264,1.9170485762620835,-0.7766952524420792,1.208131779026455,-0.38889150108371373,-0.37616078964267097,0.15436768690359504,0.09980771028912332,1.7205801462309047,-0.5735012244843509,-0.5658020972047737,-0.5888984180666025
-0.8194778742101183,-0.8963901150649011,-1.1055713440236834,-1.5846356190207387,0.019569855965278875,-0.767574344975865,2.461519569232793,-1.4394763756907747,-0.6509563623886637,-0.5573444044560821,-1.3026789133493744,1.7205801462309047,-0.5735012244843509,-0.5658020972047737,-0.5888984180666025
-0.27851001082445315,0.26216800600566326,-0.6469490947048272,0.48272896515077945,2.0653072078055055,1.0031544636058534,-0.8258226530408193,1.7122782481304082,-0.3074618964561727,-2.532850553159674,-0.6686853942579184,-0.5811993136097704,-0.5735012244843509,-0.5658020972047737,1.6980857297648633
1.1091144211003354,-1.3483273329310095,1.757431226610012,0.12560804112803475,0.2539037898459902,-1.3235779990067056,0.7395433769601581,-1.089281417488421,-0.8570530419481583,-1.7796645829563134,1.399374007324002,-0.5811993136097704,-0.5735012244843509,-0.5658020972047737,1.6980857297648633
-0.2611459862647948,0.3939421013453008,0.38168646790052696,0.8450392314545205,-0.3868793880568626,-0.7987371803705123,-0.6892765940221144,-0.5056231538178316,0.03603256947631829,-0.019338248142062895,1.0736360425311262,1.7205801462309047,-0.5735012244843509,-0.5658020972047737,-0.5888984180666025
0.043541373083960846,1.8219500782156053,-0.5833468516805197,-0.3854141982914412,0.5436715736877621,-1.5335192786065424,0.5090885429307593,0.895156678991583,0.3451775888155602,0.647614606434764,0.7183309238959437,1.7205801462309047,-0.5735012244843509,-0.5658020972047737,-0.5888984180666025
1.4813385796273073,0.8471129146889226,0.6635598564790482,0.32549468272237053,-1.3771754795309106,0.49291273401838814,0.0020879080660820017,1.2453516371939366,-0.10136521689667811,0.19012380714448,-0.2814865686203378,-0.5811993136097704,-0.5735012244843509,-0.5658020972047737,1.6980857297648633
1.5759403471224407,-0.04432727406394135,-0.9300591127172181,-0.4566111572510023,-1.0945502538330336,-1.4830730111657764,1.5880245979450411,1.1286199844598188,0.7573709479345494,-1.3147902395689919,-1.9659058764810542,-0.5811993136097704,1.743675440098885,-0.5658020972047737,-0.5888984180666025
-1.395324632463446,2.6938302640365546,-0.3918023124759822,-0.8186793287146836,0.23995443205768285,1.1598316462998162,0.7395433769601581,-0.38889150108371373,-1.2005475078806493,0.2620143727622306,-0.5223612535508558,-0.5811993136097704,-0.5735012244843509,-0.5658020972047737,1.6980857297648633
-0.18148634343987435,-1.1754715305583756,0.9107810269830838,-0.10948812286900193,3.781066098135244,-1.8401176250268416,0.0036220141376231995,0.31149841532099354,1.3069620934265351,0.15581675596087882,-0.45491481485221463,-0.5811993136097704,1.743675440098885,-0.5658020972047737,-0.5888984180666025
-1.923516507027461,0.7456180964079371,-0.18796368293463853,0.3576965922363749,0.0917647028452108,0.9655018160921465,-0.36663982638095605,-1.4394763756907747,0.0703820160695674,1.0091156963680172,1.0524311337452659,-0.5811993136097704,1.743675440098885,-0.5658020972047737,-0.5888984180666025
0.6374801854095727,0.6555933886452738,-1.204180127872,0.5393428464870393,-0.6958580467782102,0.6512112467996448,-0.2744578927691966,0.19476676258687567,-1.2692464010671476,0.16079597273132545,-0.22242091722757404,-0.5811993136097704,-0.5735012244843509,1.7674024273509945,-0.5888984180666025
-0.5340172772110507,-0.13055624497718238,-1.4533514669131304,0.19024602033168855,-1.1265725286024295,-0.5323180602363407,0.4430394327764558,1.4788149426621724,-0.6166069157954147,1.4825454764475108,0.15230308494217804,-0.5811993136097704,-0.5735012244843509,-0.5658020972047737,1.6980857297648633
-1.573872917908635,-0.034952336790871806,1.325317699148198,2.311158719251889,1.5800338327914563,0.6063333842174334,-1.2884591624985513,-0.038696542881360096,-0.5822574692021656,0.34423732401567286,-0.12478465548828267,-0.5811993136097704,-0.5735012244843509,1.7674024273509945,-0.5888984180666025
0.1483985796468095,-0.3973915353724873,2.210287590040911,0.10101108768114826,-0.09842593999082341,-1.3636542385992483,-0.4127307931868358,0.7784250262574651,0.48257537518855664,1.8197033290811953,-2.8618638720712046,-0.5811993136097704,1.743675440098885,-0.5658020972047737,-0.5888984180666025
-0.345890529313852,1.5130659317903146,-0.658861036616071,-1.1710035346620036,0.6115327214735575,-0.26906776157836787,-0.4127307931868358,-0.2721598483495959,-1.5096925272198913,0.4877714002336475,1.6175736972875936,1.7205801462309047,-0.5735012244843509,-0.5658020972047737,-0.5888984180666025
-0.10736844367719411,1.908626447206628,0.8021720543494064,-0.3244905063082534,-0.9823103031208175,0.34134102507067393,0.37081564251312005,1.4788149426621724,-0.7883541487616602,0.945953226164259,-1.2660988754459512,1.7205801462309047,-0.5735012244843509,-0.5658020972047737,-0.5888984180666025
0.9177048370538347,0.2429646263942727,0.2206789104078406,1.021382386087227,-0.6347748887962065,-1.9483469291055062,0.6473614433483986,-0.7390864592860674,1.5130587729860296,-0.7695129535114783,-0.2297967307045543,-0.5811993136097704,-0.5735012244843509,-0.5658020972047737,1.6980857297648633
-1.6184004580079572,-0.8766156068044868,-0.1127775920708476,-1.803314887260497,-1.5439201434288696,-0.5506337387703764,0.32472467570724034,0.07803510985275779,0.03603256947631829,0.7810907958964989,-0.11572255128453915,-0.5811993136097704,-0.5735012244843509,1.7674024273509945,-0.5888984180666025
-1.8442451959837378,-0.7792729008551023,-0.931928493563153,0.31402678324161143,0.8984131208465838,-1.0084831288562774,-0.7353675608279941,1.7122782481304082,1.272612646833286,0.5002675203307297,-1.0675796116263934,-0.5811993136097704,-0.5735012244843509,-0.5658020972047737,1.6980857297648633
0.05608167137568383,-0.007604720779720417,-0.6815898519301378,-1.7019569739440237,0.20786628657587633,1.2093379023131705,0.4169066093189998,-0.7390864592860674,-0.8570530419481583,-0.6935742991565198,-0.42282468737589424,1.7205801462309047,-0.5735012244843509,-0.5658020972047737,-0.5888984180666025
1.0993827203533657,-0.30188679992487283,0.4355122744449708,0.8835030091566671,-0.2245473989863091,-1.3238774406717368,0.6657498099128135,-1.6729396811590105,1.5817576661725279,-0.8469686133811081,0.7083894580100015,-0.5811993136097704,1.743675440098885,-0.5658020972047737,-0.5888984180666025
-1.4440766584449451,-0.015056903031572493,0.29589486793239356,-0.4060834782812886,1.2382972517434447,0.6254353013156994,-0.965822394857393,-1.206013070222539,-0.34181134304942185,-0.019250275015063555,-1.6899374586896694,-0.5811993136097704,-0.5735012244843509,-0.5658020972047737,1.6980857297648633
-0.42700495968716096,3.2222622360795112,0.23917676732010906,-0.39974707239314783,-0.2816948750911314,-1.0325552344152151,-1.0580043284691525,-1.5562080284248927,1.6848060059522751,-0.5622595022446282,-1.983108652722938,-0.5811993136097704,1.743675440098885,-0.5658020972047737,-0.5888984180666025
-0.7382014244362779,0.2879059715022822,-1.0933169589271419,1.136904301148046,0.597270338362747,0.9869582709125648,-0.5049127267985953,-0.9725497647543032,-1.2348969544738986,0.3971793548660476,-0.7188171109033711,-0.5811993136097704,-0.5735012244843509,1.7674024273509945,-0.5888984180666025
0.7958948689692202,1.5031283087152676,0.41697216169971013,-0.8729113496359061,-0.5683429110412345,1.3028853540413488,0.7856343437660379,0.7784250262574651,1.1008654138670404,-0.8312358484840885,-0.2707577611119145,-0.5811993136097704,-0.5735012244843509,-0.5658020972047737,1.6980857297648633
1.3354524609983571,1.298446866637614,3.3064848973118495,4.146315331461776,-1.2260609828551912,2.2859706840205423,0.37081564251312005,0.31149841532099354,0.5169248217818058,0.47032731463838845,-0.34372241697678363,1.7205801462309047,-0.5735012244843509,-0.5658020972047737,-0.5888984180666025
-0.7701790728187023,-1.3020065341958464,-0.27412143329338523,0.3246426868493541,0.9456478430939665,0.2507459767500703,0.2786337089013606,-0.155428195615478,0.6886720547480513,2.1575364957276264,-0.9189962960510648,-0.5811993136097704,1.743675440098885,-0.5658020972047737,-0.5888984180666025
3.0149230143793777,0.9101563777384538,0.45628795012790074,-0.2383104639311819,0.7789565406916712,1.4243767524173316,-0.8275494944397537,-1.206013070222539,-0.5479080226089165,-1.467225726839039,0.9147244266962163,-0.5811993136097704,-0.5735012244843509,-0.5658020972047737,1.6980857297648633
-0.6069604041674821,-0.9324691215683496,-0.08468033299087914,1.0090498590432173,-0.7715326663251665,0.220616883453971,-0.6892765940221144,-0.155428195615478,1.0665159672737914,1.634117301282799,1.0408341257735776,-0.5811993136097704,-0.5735012244843509,1.7674024273509945,-0.5888984180666025
0.18143935445894652,-1.8073225020301866,1.504262349168246,-0.8886038436715098,-0.8177812832279564,-0.7701348866053951,0.6473614433483986,-0.7390864592860674,-1.6127408669996386,-0.3783665194009382,0.9586673320953314,-0.5811993136097704,-0.5735012244843509,-0.5658020972047737,1.6980857297648633
0.6875858503209645,-0.7950604252174738,0.1497771631387751,0.2983424146552896,-0.7528285016862121,0.719887381571816,1.3742221818542528,1.5955465953962904,-0.5479080226089165,-0.4609490024069848,-1.459346277576504,-0.5811993136097704,1.743675440098885,-0.5658020972047737,-0.5888984180666025
0.031754851319278805,0.5985184859006454,-1.8302463701959857,-0.7037068001746697,-0.09572362897514886,0.8837126130025929,-1.0580043284691525,0.07803510985275779,1.1695643070535386,-0.6427277790818722,-0.6971846509786078,-0.5811993136097704,1.743675440098885,-0.5658020972047737,-0.5888984180666025
0.7555046330948334,-0.3629729588380383,0.6179986040978285,-1.5058610289487422,-0.3121143611550363,-0.9145823844052672,-0.6513346402723903,0.5449617207892293,1.272612646833286,-0.3787992253523845,0.19440707738442883,-0.5811993136097704,1.743675440098885,-0.5658020972047737,-0.5888984180666025
-1.0039787023318112,1.9910757942119501,-1.453091606359121,-0.9126003925093079,-0.6591019576756885,1.8602659517738567,0.6012704765425189,-1.089281417488421,0.619973161561553,1.3002408072991058,0.6627869405656655,-0.5811993136097704,-0.5735012244843509,1.7674024273509945,-0.5888984180666025
-1.137255368926155,1.2939904528168804,-1.1602105752333058,-0.7099901677410736,0.38480322795853694,-0.15543436766315938,0.7856343437660379,-1.6729396811590105,1.6848060059522751,-0.832003860193405,0.3131274478658944,-0.5811993136097704,1.743675440098885,-0.5658020972047737,-0.5888984180666025
-1.1988200804058502,-0.8581989988092583,-0.2711355928828482,-1.803314887260497,-0.33442507236830865,-0.9819127272374043,-1.0580043284691525,-1.6729396811590105,1.6848060059522751,-0.33908889316846835,-0.6444214735947346,1.7205801462309047,-0.5735012244843509,-0.5658020972047737,-0.5888984180666025
0.36030191657162497,0.2519567304776196,0.5555033028114739,-0.9566912607022519,-0.21698580572747891,-0.6644034646473113,-1.0119133616632727,-0.038696542881360096,-0.23876300326967453,-1.2632098364666389,1.7462001049603673,-0.5811993136097704,-0.5735012244843509,-0.5658020972047737,1.6980857297648633
0.5070077282032328,2.4181901136545156,0.1490196691847858,-0.5318726213101929,0.23357001137467104,0.6143171154172296,-1.1040952952750323,-0.38889150108371373,0.4138764820020584,-0.5499773164543701,-0.7856397528821861,1.7205801462309047,-0.5735012244843509,-0.5658020972047737,-0.5888984180666025
-0.5995357349343756,0.21228855804425095,-0.4282518914083012,-1.3267241845567117,1.3619511807578668,-1.571733015267318,1.6315383325514858,1.4788149426621724,-0.8570530419481583,0.25377542703340594,0.9928077285016507,-0.5811993136097704,-0.5735012244843509,-0.5658020972047737,1.6980857297648633
-0.035920054438686476,1.8685836411946213,0.8318272049193693,-1.803314887260497,0.050418326623650395,0.838166826391688,-0.1361849923515573,-0.2721598483495959,-1.3379452942536458,-1.3118129247018455,0.6737920306595628,-0.5811993136097704,1.743675440098885,-0.5658020972047737,-0.5888984180666025
1.7131330741714692,2.207894542295139,-1.3934379843473064,-1.0488457284468506,-0.5605531266954862,1.9849964391485546,-1.150186262080912,0.19476676258687567,-1.6470903135928878,-0.21004984483663505,-0.8063982964606271,-0.5811993136097704,-0.5735012244843509,1.7674024273509945,-0.5888984180666025
0.26605948180609135,-0.014346461153103904,0.3998890073701738,0.6929867826809463,1.1520285504678724,-0.9977008308820203,2.2934787377185706,0.19476676258687567,1.5130587729860296,0.5577779332347971,-0.8554875864347559,-0.5811993136097704,1.743675440098885,-0.5658020972047737,-0.5888984180666025
1.3699439116822028,-1.661157885926734,-0.11350157602598104,0.0753011257504065,0.14038498891809453,-1.3888153584110106,-1.3806410961103108,1.0118883317257008,-1.1661980612874003,0.3425445269323548,0.8078352610227247,1.7205801462309047,-0.5735012244843509,-0.5658020972047737,-0.5888984180666025
0.02234213062566966,0.7455561341119789,-1.8302463701959857,-0.9217223085713493,0.7339347897827825,-1.1158813962059582,0.5551795097366391,-0.6223548065519495,1.4787093263927806,2.1575364957276264,1.7462001049603673,-0.5811993136097704,-0.5735012244843509,-0.5658020972047737,1.6980857297648633
0.6678515586712457,-0.8615236413376199,-0.9899128613664956,-1.0259077486457902,-0.044002297874344586,-1.8048661095693415,-1.1040952952750323,-1.6729396811590105,0.0016831228830691885,-0.006560431521616709,-0.21687522558358088,-0.5811993136097704,-0.5735012244843509,-0.5658020972047737,1.6980857297648633
-0.7918214116779513,-1.8073225020301866,1.0705573069735421,-0.25756797809279447,0.6171778122288204,-1.2678426976673127,0.5090885429307593,-1.5562080284248927,0.8604192877142968,-0.43263556667236613,-1.470795548701672,-0.5811993136097704,-0.5735012244843509,1.7674024273509945,-0.5888984180666025
-0.3642452823039652,-0.719111441087035,0.5330296362112387,-0.8881780934170348,-0.2891077616962653,-0.3346463546961582,-1.150186262080912,-1.089281417488421,0.8604192877142968,2.0081219757115156,1.4977922880440866,-0.5811993136097704,-0.5735012244843509,-0.5658020972047737,1.6980857297648633
-1.3891991106969108,-1.5713652088224492,1.5196105737002068,0.7588867232291838,-0.5259010544516732,1.5112062459091324,-0.6431856272162346,-0.8558181120201853,-1.131848614694151,1.3048044035697726,-1.2821454051173446,-0.5811993136097704,1.743675440098885,-0.5658020972047737,-0.5888984180666025
-1.4127221682842628,-1.6940973354968136,0.16928971972231135,-1.3812047671475267,-1.598093043295312,-0.25843664802599287,0.4169066093189998,0.42823006805511143,0.1047314626628165,-0.47289377840566493,1.7462001049603673,-0.5811993136097704,1.743675440098885,-0.5658020972047737,-0.5888984180666025
0.2340626571043133,-0.337419371680878,-0.47648999203248793,1.4361301707535803,0.4560844572443702,-0.28672345173689345,0.37081564251312005,0.6616933735233472,-0.7540047021684111,1.8326290742545348,1.3047501170593272,-0.5811993136097704,-0.5735012244843509,-0.5658020972047737,1.6980857297648633
-0.6595425024348981,0.40949910410616364,0.1650582293552172,0.036907010766804194,1.2994631061162305,-0.5578560061110173,0.4291244405444575,-1.206013070222539,-1.6127408669996386,0.009269858776368087,-1.618715785192064,1.7205801462309047,-0.5735012244843509,-0.5658020972047737,-0.5888984180666025
-0.7687958334065804,-1.672777501688622,0.19253485520233748,0.6230478853779646,1.562950208161139,-1.4845253338845912,1.6249179031878982,1.4788149426621724,1.4443598797995316,-0.21407976923581967,-0.48969087388530763,-0.5811993136097704,1.743675440098885,-0.5658020972047737,-0.5888984180666025
1.2486622679035366,1.4030499635598377,-0.3889005685945374,0.0180461112077194,-0.05292472480238915,1.660721250519659,-0.044003058739797755,-0.5056231538178316,1.6161071127657771,-0.7352321800579875,0.7838174592660885,-0.5811993136097704,1.743675440098885,-0.5658020972047737,-0.5888984180666025
1.9282350319019517,-0.7378752230056975,0.3998990849896608,-0.6421047033143906,1.7801930363578151,-0.8779030582272879,-1.0117607625465217,0.19476676258687567,-1.3379452942536458,-0.9229612569920441,-1.6829913655631419,-0.5811993136097704,1.743675440098885,-0.5658020972047737,-0.5888984180666025
0.18534440037273833,0.3146198482190884,-0.887230622838133,-0.25755486119755966,-1.1022400521028848,0.021334022398480486,-1.2884591624985513,0.42823006805511143,-0.03266632371017991,0.453857633688828,-0.23561990382541148,-0.5811993136097704,-0.5735012244843509,1.7674024273509945,-0.5888984180666025
0.17923764661202424,-0.16912509717116572,-1.153069146074386,-0.40489465811223735,-0.41565673421589516,0.89029432512176,0.6934524101542784,0.07803510985275779,-0.20441355667642544,-1.4666357535379864,-0.04782195661427946,-0.5811993136097704,1.743675440098885,-0.5658020972047737,-0.5888984180666025
0.21635553282633074,-0.9698114708397488,0.08924351712786198,-1.003663701587431,-0.44248457569038074,-0.6897956976375325,-0.8275494944397537,0.7784250262574651,1.5817576661725279,0.7678916131923281,-1.708400010729388,-0.5811993136097704,1.743675440098885,-0.5658020972047737,-0.5888984180666025
0.08766271305538292,0.3403939740249748,1.2991165225492642,-1.5745805862575886,0.9810781928711314,-1.436716829340504,0.04817887487196176,1.7122782481304082,-1.1661980612874003,0.9883820269369064,-0.44965646810224075,-0.5811993136097704,1.743675440098885,-0.5658020972047737,-0.5888984180666025
0.5415164853799131,-0.1377368640272666,0.5302348495352998,-0.7281933888588693,1.1292058681754353,-0.5426977550658585,0.5298079084911812,0.07803510985275779,-1.5096925272198913,-1.8720812276983307,-1.52984662756497,-0.5811993136097704,1.743675440098885,-0.5658020972047737,-0.5888984180666025
0.2374278241240392,-0.39766384321682074,-0.5608210604442533,0.6207520749950741,0.884954982219454,-1.0276969613480595,3.464129479112214,-0.7390864592860674,-1.063149721507653,1.51299028100639,-0.558561076038373,-0.5811993136097704,1.743675440098885,-0.5658020972047737,-0.5888984180666025
-0.21367826311291505,-0.4526755978315211,-0.534157873482418,-0.2528646507123134,-0.6160770180037457,2.8476072108514088,0.7395433769601581,1.1286199844598188,-1.2692464010671476,0.6067573371465237,-2.096109948245366,-0.5811993136097704,1.743675440098885,-0.5658020972047737,-0.5888984180666025
0.5746554288408554,0.9307747720393394,1.4881039090694037,1.7502571152058295,-0.41703198288798154,-1.1001488061232678,-1.1962772288867918,0.5449617207892293,0.276478695629062,-1.22997713345751,1.0341538727191795,-0.5811993136097704,1.743675440098885,-0.5658020972047737,-0.5888984180666025
-0.8904018895324886,-1.1308442922765998,-0.8122784160089513,1.5891136203601623,-0.43434529484906503,-0.9727978743774255,0.5551795097366391,0.6616933735233472,-0.03266632371017991,-0.1242116172534034,-1.0629521691072519,-0.5811993136097704,1.743675440098885,-0.5658020972047737,-0.5888984180666025
-0.16254290665244248,-1.2632082035718226,0.08639087922764975,0.8142102039018005,0.31512515173479233,-1.2282092581934352,0.6012704765425189,0.7784250262574651,-0.44485968282916916,1.8752511525360616,-0.7890108927905696,-0.5811993136097704,-0.5735012244843509,1.7674024273509945,-0.5888984180666025
0.9195771520865648,0.19128436082815473,-1.0582945621021738,-0.7717730110215474,-0.9380734789930383,-0.3402972736791863,2.0276336334569445,-1.5562080284248927,-1.1661980612874003,0.4915082321261221,-0.5647777749244218,-0.5811993136097704,-0.5735012244843509,-0.5658020972047737,1.6980857297648633
-0.7789568097061913,0.14533628483985087,-1.0661055253225546,-1.803314887260497,3.3736291967246492,-0.1906025645358701,0.9276015219044849,1.1286199844598188,0.5856237149683039,0.42649145701616525,-1.3048480362441894,-0.5811993136097704,-0.5735012244843509,1.7674024273509945,-0.5888984180666025
0.3931106519035161,-0.0544974017697962,-1.8302463701959857,-1.764687698337309,0.4851446658919935,0.41005435087287545,2.6443264897701217,-0.5056231538178316,0.7917203945277985,0.30359979701692236,0.008962733423356089,-0.5811993136097704,-0.5735012244843509,-0.5658020972047737,1.6980857297648633
-0.5229117225816877,-0.17404778268521315,0.8518041987554378,0.24506356667983165,-1.33043998158391,1.7073077242181158,0.6012704765425189,-0.38889150108371373,1.4443598797995316,0.6086772406114951,0.04461814075313662,-0.5811993136097704,-0.5735012244843509,-0.5658020972047737,1.6980857297648633
-0.06071974669537312,-0.6497862985416595,1.1592005007616124,-1.803314887260497,0.43355932918866336,0.1821489997676561,0.6934524101542784,1.3620832899280546,-0.27311244986292366,-0.32869543472611873,1.7462001049603673,1.7205801462309047,-0.5735012244843509,-0.5658020972047737,-0.5888984180666025
0.27809330580736424,0.6163460366404523,0.5530996461264404,1.9565134868519574,-1.2557948234785241,-1.3549397557527085,0.18645177528960105,1.1286199844598188,0.0703820160695674,-0.9860685833729206,1.7462001049603673,-0.5811993136097704,-0.5735012244843509,-0.5658020972047737,1.6980857297648633
0.08072978540425844,-0.5289891174067903,-0.530067973085884,0.3412270188532689,0.7467687915974809,0.8628046910455709,0.04817887487196176,-0.38889150108371373,0.6886720547480513,1.5560437329568622,1.0122600564100896,1.7205801462309047,-0.5735012244843509,-0.5658020972047737,-0.5888984180666025
-0.47929449107596905,-0.41755752598607543,-0.4093431286375271,-0.6095495894402598,-0.5702277355362718,0.5328578284558876,0.6473614433483986,0.07803510985275779,0.5512742683750549,-1.6366312536507004,-0.5322966228646016,-0.5811993136097704,-0.5735012244843509,-0.5658020972047737,1.6980857297648633
0.4051510291184569,1.3119580318276856,-0.9127354778496232,-0.4715163467118608,0.014547820013715773,-0.02348813718989541,-0.8275494944397537,1.5955465953962904,-0.7883541487616602,-0.571023324223626,0.6906541752335009,1.7205801462309047,-0.5735012244843509,-0.5658020972047737,-0.5888984180666025
-0.3284842694394514,-0.731133025323054,-1.3133484066468237,0.20857732961525507,0.5554807588395926,1.3427629645606418,-0.7353675608279941,1.1286199844598188,0.7230215013413004,-1.0628349130717751,0.8863639045881043,-0.5811993136097704,-0.5735012244843509,-0.5658020972047737,1.6980857297648633
-0.013547461001715652,1.8233377153533112,1.1991113048147337,0.17226437697900826,-1.1161517560344452,0.8062225805123675,0.5090885429307593,-0.2721598483495959,-0.5479080226089165,-0.17245398385072386,0.2762050828473307,1.7205801462309047,-0.5735012244843509,-0.5658020972047737,-0.5888984180666025
-0.5824999814569655,-1.1244739996270652,-0.20881043088677356,0.5216862279079879,-1.0603821811291525,-1.373809621273332,0.5090885429307593,0.42823006805511143,0.4482259285953075,-0.24300161711665957,-1.9603351426714146,-0.5811993136097704,-0.5735012244843509,-0.5658020972047737,1.6980857297648633
0.17331772870522547,-0.8869633621376527,0.15457846856396454,0.22569474283042187,1.6958517698019633,-0.7390068415633556,-0.1814861395646324,1.4788149426621724,0.1734303558493147,-0.8130218245666387,0.8574465846885699,-0.5811993136097704,1.743675440098885,-0.5658020972047737,-0.5888984180666025
0.0754943275399764,-0.7411800802083347,0.19399620501217346,0.004848161682370909,0.6195021215994235,0.6018993278244444,-0.044003058739797755,1.2453516371939366,-0.5135585760156673,0.5757987756895553,0.41843612303986283,-0.5811993136097704,-0.5735012244843509,-0.5658020972047737,1.6980857297648633
-0.8246613853553182,0.05131628360390366,-0.0505076212978059,-1.0053477598879803,0.3016368381914842,-1.2770841254091347,0.8317253105719177,0.6616933735233472,-1.715789206779386,-1.1076761554331873,-0.9130342763328909,-0.5811993136097704,-0.5735012244843509,-0.5658020972047737,1.6980857297648633
0.23298917416508985,0.0744663662331245,-0.8829494977653556,0.9393550785400069,0.10082815118803863,-1.1695401201863922,-0.965822394857393,-1.322744722956657,-0.37616078964267097,-0.6907911204278301,0.15586709283547492,-0.5811993136097704,-0.5735012244843509,-0.5658020972047737,1.6980857297648633
0.47783618980152687,0.20242531814267234,-0.09207412624476626,0.16110130915756277,0.5684838522031224,-1.9483469291055062,1.161496113067543,1.4788149426621724,1.6161071127657771,-0.15204411289069508,-0.2799394489125887,-0.5811993136097704,-0.5735012244843509,1.7674024273509945,-0.5888984180666025
-0.32114618608115714,-0.47402176259804435,-0.13904418386585277,1.0857088869882439,0.6802610826062925,-0.6282106667345484,0.09426984167784153,-0.7390864592860674,-1.097499168100902,-0.4295768793719605,0.42528122331089113,-0.5811993136097704,1.743675440098885,-0.5658020972047737,-0.5888984180666025
-0.32623897929732615,0.33585641972362745,0.9456096663080676,1.8775276237045375,-1.2961726869815462,-0.5984491582110829,-0.1361849923515573,-0.38889150108371373,1.3069620934265351,-0.9987561688784318,0.04481859056275268,-0.5811993136097704,1.743675440098885,-0.5658020972047737,-0.5888984180666025
2.5713123899803323,-0.943801750779369,-0.5184457183065294,0.9394041518422304,-0.7486933635135624,0.7509385727174316,-1.1040952952750323,1.0118883317257008,0.6543226081548021,-0.6367073573968022,-0.800128362516568,-0.5811993136097704,1.743675440098885,-0.5658020972047737,-0.5888984180666025
-0.5125225387270497,0.22776947685416904,-0.11524918527299298,0.4074815029787532,0.5818788464031327,-1.013556505975449,1.9416291861769608,-0.9725497647543032,1.0321665206805424,-0.7368497775077386,-1.2571756698480612,-0.5811993136097704,-0.5735012244843509,1.7674024273509945,-0.5888984180666025
-1.0595328763389158,-0.018157797518940016,1.539350701829659,-1.0830907343998597,-0.27163095183470126,-0.04082540475646638,0.32472467570724034,0.6616933735233472,1.2382632002400369,-1.1177066388062191,-1.715332688921641,-0.5811993136097704,-0.5735012244843509,-0.5658020972047737,1.6980857297648633
1.008470834545954,-0.5401491060901604,-0.7045567658674079,-0.08087443268140625,-0.987656552949705,-0.15679335048208196,0.04817887487196176,1.3620832899280546,-1.440993634033393,-0.3849607610899448,0.47552023724391473,-0.5811993136097704,-0.5735012244843509,-0.5658020972047737,1.6980857297648633
0.3098879815463609,-0.1853853034138991,-1.4275849758791281,-0.058731316709532445,0.9315707852327926,-0.054014414801145764,-0.18227595915743702,-1.4394763756907747,-1.1661980612874003,1.4733421126472708,0.599724942510273,-0.5811993136097704,-0.5735012244843509,1.7674024273509945,-0.5888984180666025
0.8236719047152814,-1.095210612887858,0.2346248067454476,-0.12951099503217947,-0.45711225660491855,0.15035792796151706,-0.8275494944397537,0.5449617207892293,0.0016831228830691885,1.5774493965868388,-1.1541442644120552,-0.5811993136097704,-0.5735012244843509,-0.5658020972047737,1.6980857297648633
1.978212557625948,0.21109014065137563,0.06294153472251494,-1.803314887260497,0.8442956811296776,0.007225622182027101,-1.2423681956926715,1.3620832899280546,1.3756609866130334,-0.14710235727364146,-0.3008469445209419,1.7205801462309047,-0.5735012244843509,-0.5658020972047737,-0.5888984180666025
-0.1880356532587232,-0.5081495912042828,0.3936491823102063,-0.46743104046289724,0.83811454896806,0.198334796708715,1.2326576808643133,-0.038696542881360096,-1.406644187440144,-0.7142531030136134,-0.25488572638814194,-0.5811993136097704,-0.5735012244843509,-0.5658020972047737,1.6980857297648633
0.2671653665465941,0.0767319494706601,-0.01965785003547768,0.474870266594108,-0.614096260215338,-1.1341925322851232,-0.044003058739797755,0.7784250262574651,-0.5479080226089165,-1.3852237232762985,-0.05265616056845001,-0.5811993136097704,-0.5735012244843509,-0.5658020972047737,1.6980857297648633
-0.4889920812133686,1.0874754704814253,0.38887271065862183,-1.5806983635281389,-0.12265684257418594,0.006534166002037339,-0.22836692596331679,-1.4394763756907747,-1.131848614694151,0.2022673911343549,0.294834501912949,-0.5811993136097704,-0.5735012244843509,1.7674024273509945,-0.5888984180666025
-1.3473932346075075,0.10336337222254344,-1.8302463701959857,-0.24015387594683762,-0.06528412633869086,-0.018362770693821622,1.8819530334507275,-1.4394763756907747,-1.097499168100902,0.42847768161888844,0.14383726192636473,-0.5811993136097704,-0.5735012244843509,-0.5658020972047737,1.6980857297648633
1.3293163598496345,0.2251717264867134,-0.1119301891455892,-0.5139264623333935,0.3530856674537466,-0.3031708121381561,-1.1962772288867918,-1.322744722956657,0.929118180900795,1.2676553653950189,0.7264061815724366,-0.5811993136097704,-0.5735012244843509,-0.5658020972047737,1.6980857297648633
0.1448331255096856,0.5141547526242137,0.5072743433588085,-0.9584165220862065,-1.686450756288888,0.05674310736453578,-1.2884591624985513,1.3620832899280546,-1.440993634033393,0.015709971441545137,0.12721707744623623,-0.5811993136097704,-0.5735012244843509,1.7674024273509945,-0.5888984180666025
1.345011104959907,0.6578388655866216,0.7424030630776651,0.6037964463856658,-1.1944840249179083,0.31392674141732424,-1.1040952952750323,-1.089281417488421,0.48257537518855664,-1.9767789020546838,1.4725916402138488,1.7205801462309047,-0.5735012244843509,-0.5658020972047737,-0.5888984180666025
1.6074261754651749,-1.8073225020301866,1.1430765389410316,-1.0062337027304136,1.4928637456939373,1.764412900360312,-1.150186262080912,1.5955465953962904,-0.06701577030342902,-0.17153724685636396,0.6055303567322112,-0.5811993136097704,1.743675440098885,-0.5658020972047737,-0.5888984180666025
0.20926558184802732,0.8053018449894854,0.4554251013825379,-0.8805594620950821,0.19129934343440946,-0.11565035272743354,0.987196995248914,0.42823006805511143,1.1008654138670404,1.3790203316280938,-0.8394283981124789,-0.5811993136097704,1.743675440098885,-0.5658020972047737,-0.5888984180666025
-0.39721926671311447,-0.2754153399150833,-1.2051537599911295,-0.04036161520383178,-1.3639188657072232,-0.7883372250871169,-1.2089960747920425,-0.155428195615478,1.4100104332062824,1.3110857938591995,0.03460806682242958,-0.5811993136097704,1.743675440098885,-0.5658020972047737,-0.5888984180666025
3.1218772311750893,1.0246586088374252,-1.3064346017337627,2.1357830895561736,1.0175246329116152,-0.4200798187823063,0.09426984167784153,0.31149841532099354,-1.4753430806266423,-1.998227919736436,1.5056521253515909,-0.5811993136097704,-0.5735012244843509,1.7674024273509945,-0.5888984180666025
0.1035175761725226,-0.6432847490169433,0.215049730234176,-1.000070818527861,0.3465261932089815,-0.6483339601183041,-0.044003058739797755,-0.2721598483495959,-1.5096925272198913,-2.532850553159674,-0.24619635297483253,1.7205801462309047,-0.5735012244843509,-0.5658020972047737,-0.5888984180666025
0.41634442008444356,-1.711645370750431,0.5120143091396023,0.716250279216208,-0.8240719655534098,-1.4629513247114516,0.4629975761248796,1.4788149426621724,-1.715789206779386,-0.5507720141387393,-0.9346104405391625,1.7205801462309047,-0.5735012244843509,-0.5658020972047737,-0.5888984180666025
1.0626731806375649,0.2257125219916104,1.3336127095101904,-0.8726104904638057,-0.2621206503702078,1.3404383060800449,0.6473614433483986,0.7784250262574651,1.0665159672737914,0.6941016294881897,-0.74826109967533,-0.5811993136097704,1.743675440098885,-0.5658020972047737,-0.5888984180666025
1.8349920829734014,-1.0122581428234259,-1.4429104938585735,-0.9038130641623743,-0.8742109586223735,0.10406705536034246,2.095200426064947,-1.6729396811590105,-0.8227035953549093,0.7005723186431237,-0.23471495051066726,-0.5811993136097704,1.743675440098885,-0.5658020972047737,-0.5888984180666025
-0.3166851510278583,1.3180249366650159,-0.1035399058715568,-0.5195779093706315,-1.762028050303184,-0.947594763440825,0.4169066093189998,-0.9725497647543032,-1.3379452942536458,-1.070327789937749,1.6053966941001125,1.7205801462309047,-0.5735012244843509,-0.5658020972047737,-0.5888984180666025
1.2624972059088548,0.7199256129184805,-1.5617068732804724,0.7232427911617136,-1.4807724422057076,0.8696983043453171,-0.4127307931868358,-1.4394763756907747,-0.23876300326967453,-0.3143393190358828,-0.38884334926889785,1.7205801462309047,-0.5735012244843509,-0.5658020972047737,-0.5888984180666025
0.8976300836656442,-0.6780541978219355,-0.7024700217253572,-0.4248903808194374,0.7973344512561928,-0.043967752237426556,-0.10922921619703119,-0.6223548065519495,-0.3074618964561727,0.07040194758204786,0.3647692059067884,-0.5811993136097704,-0.5735012244843509,1.7674024273509945,-0.5888984180666025
0.6163563872236864,-0.35964346163644323,-1.8302463701959857,-1.803314887260497,0.24772758906909628,-0.24102701723117514,-0.8245691978397455,0.7784250262574651,0.7230215013413004,0.29803988193616077,-0.9705763194616105,1.7205801462309047,-0.5735012244843509,-0.5658020972047737,-0.5888984180666025
0.6524385442619495,1.3520027812958209,-0.6501443791350604,-1.2003165174711747,-0.9845596992091367,-0.020279522902409988,-0.6431856272162346,-0.9725497647543032,-0.6853058089819128,-0.5669013168758709,-1.5358570878739575,-0.5811993136097704,1.743675440098885,-0.5658020972047737,-0.5888984180666025
0.7831431459225673,0.18688293079903187,-0.18804538606391988,1.8074138967237006,0.6455336331401457,1.3863271303014948,-1.3806410961103108,-1.206013070222539,-1.406644187440144,1.5279348381578755,0.8670381888302183,-0.5811993136097704,-0.5735012244843509,-0.5658020972047737,1.6980857297648633
0.41993971359494614,-1.221269434088566,-1.8302463701959857,-0.1132029210111052,-0.3189385469834709,0.6854558894675603,-0.7353675608279941,0.7784250262574651,1.1695643070535386,-1.018467535963603,-0.30544130886522314,-0.5811993136097704,1.743675440098885,-0.5658020972047737,-0.5888984180666025
-0.5659447153691535,-0.14046493372961533,-0.8868153975595863,-0.2654031509631876,-0.9733797366620212,-0.8456671443470528,0.6934524101542784,-0.8558181120201853,-0.9944508283211548,0.2057181088140074,-0.5924895976503278,1.7205801462309047,-0.5735012244843509,-0.5658020972047737,-0.5888984180666025
-0.4353068793633409,-0.0858285115906991,0.9567484390844029,0.3993553422850768,0.8738042745200265,0.556771997478652,-0.9197314280515132,-1.5562080284248927,-0.3074618964561727,1.198232796236867,-0.06617596965184919,1.7205801462309047,-0.5735012244843509,-0.5658020972047737,-0.5888984180666025
0.7330528902849345,-0.07979653501304691,-1.2203320787512668,1.8461128513709382,-0.05252463649271243,-0.1104209635793446,-1.1040952952750323,0.31149841532099354,-1.1661980612874003,-0.28938804133582746,-0.387796365135322,-0.5811993136097704,-0.5735012244843509,1.7674024273509945,-0.5888984180666025
0.2854017053931508,0.464293919900192,0.43822536179839594,-0.1676836759395911,-0.12108381714531655,0.15696379745704,-0.7353675608279941,1.4788149426621724,1.0321665206805424,1.56470245890863,1.617360073959075,-0.5811993136097704,1.743675440098885,-0.5658020972047737,-0.5888984180666025
1.0227409682907382,-1.1957914459362797,1.19340775868357,-0.378615988769032,-0.20830669345345063,0.9668190116340224,2.0918756115990798,1.0118883317257008,0.4138764820020584,0.8965097202654222,-0.21481837264510123,1.7205801462309047,-0.5735012244843509,-0.5658020972047737,-0.5888984180666025
1.2821961192750682,0.9794567343788166,0.8854688042587535,0.7992684077692767,0.46278324830718814,-1.2620238135760289,0.7395433769601581,-0.8558181120201853,0.37952703540880933,-0.1550407825236654,-0.3004675347002453,-0.5811993136097704,-0.5735012244843509,1.7674024273509945,-0.5888984180666025
-0.9581120856873989,-0.7996030165917501,-0.6043202907509536,-1.0965961653094172,-0.7602827676172068,0.6815698440057352,-1.0638564462376658,1.2453516371939366,-0.4792091294224183,-0.7415361770553212,-0.45891800951219697,-0.5811993136097704,-0.5735012244843509,-0.5658020972047737,1.6980857297648633
-1.9442903689258062,-0.5078948292795721,-0.8834134943291944,0.38441956300917773,0.9344003307330746,-0.41684074326384357,-1.302832875338961,-1.089281417488421,1.1695643070535386,0.7809443864967638,-2.40519229329406,-0.5811993136097704,-0.5735012244843509,1.7674024273509945,-0.5888984180666025
0.6711298038050572,-1.1490639939258838,-0.6849431418057488,-0.8381923366641325,-0.44814785567516385,0.36222794677619574,-0.6389155362238546,0.895156678991583,0.5512742683750549,-0.9367309698704984,-1.0872434614694826,-0.5811993136097704,-0.5735012244843509,1.7674024273509945,-0.5888984180666025
-1.1043802980690305,0.30512231487293595,-1.0237466078142277,0.48849950957272564,0.22908232875350834,0.6967498051957259,0.6012704765425189,-1.089281417488421,0.619973161561553,0.30827250850635707,-2.100637026383698,1.7205801462309047,-0.5735012244843509,-0.5658020972047737,-0.5888984180666025
-1.9442903689258062,-0.7058573858365096,0.24954993551009233,2.7460645750173933,-1.8671601896910253,0.9698496736667638,0.0020879080660820017,1.1286199844598188,-0.41051023623592003,0.6892751540146091,-0.543835748367897,-0.5811993136097704,-0.5735012244843509,1.7674024273509945,-0.5888984180666025
1.0921952359133766,0.7377673151749742,0.7760178442571594,0.527123479934647,2.024410634832924,1.099860092913721,2.4051204199818583,1.2453516371939366,0.276478695629062,-1.2513864703873432,-1.332983504594731,-0.5811993136097704,-0.5735012244843509,1.7674024273509945,-0.5888984180666025
1.9522179997270712,-0.6604041018878194,-0.6442754385065943,1.3338662299020494,-0.01770512570146991,-1.0680434605772802,-0.5970946604103549,1.3620832899280546,-0.20441355667642544,1.3324870255125936,1.0735091137191595,-0.5811993136097704,-0.5735012244843509,1.7674024273509945,-0.5888984180666025
-0.6639184471503506,0.7349300366633646,-0.2399636423832864,1.4968110193833477,-1.093708373383879,-0.017573567462875347,-0.044003058739797755,-1.4394763756907747,-0.5822574692021656,0.9911652857858927,1.7462001049603673,-0.5811993136097704,-0.5735012244843509,-0.5658020972047737,1.6980857297648633
-1.9442903689258062,1.6698431326350502,0.8786685252714511,-0.4582183199225749,1.0668147743272176,0.10777113118322049,-0.5049127267985953,-0.155428195615478,1.3756609866130334,-0.12248117741513694,1.4230997510951793,-0.5811993136097704,-0.5735012244843509,1.7674024273509945,-0.5888984180666025
-0.6035531724069545,-0.24502815726967508,0.6043709630695031,-0.3968550249190888,0.23147787396035555,1.127402905183526,-1.0119133616632727,-1.6729396811590105,0.1390809092560656,-0.08395339699338203,0.9596228948601883,-0.5811993136097704,-0.5735012244843509,1.7674024273509945,-0.5888984180666025
0.8030211287577479,-1.1327059744408798,0.3940278435628471,-0.7781266882480146,-0.10058186917889635,-0.30320571784346456,-0.6892765940221144,-0.38889150108371373,-1.715789206779386,-0.19392204722628373,-0.005446982381075537,-0.5811993136097704,-0.5735012244843509,-0.5658020972047737,1.6980857297648633
0.3192452217915058,-0.6511803636092665,-0.3482298379370402,-1.282930469185493,-0.37545349541299966,-0.38805444780765247,-1.1962772288867918,-1.5562080284248927,-0.27311244986292366,0.41423710738028574,-0.9890626012370305,1.7205801462309047,-0.5735012244843509,-0.5658020972047737,-0.5888984180666025
0.04018532217313186,-0.4749767388456922,-0.26646426420880664,-1.2805510025262952,-0.9061239098029552,0.4889537938870163,1.8210283853119276,0.31149841532099354,1.2382632002400369,-0.889406289241644,-0.5670214105238544,-0.5811993136097704,-0.5735012244843509,-0.5658020972047737,1.6980857297648633
0.3854887658483404,0.057676165591456295,-1.788638381715447,0.9708901035438057,-0.1313208328928707,0.23803275534858606,0.0020879080660820017,0.895156678991583,-1.6814397601861368,0.5579025426412185,1.7462001049603673,-0.5811993136097704,-0.5735012244843509,-0.5658020972047737,1.6980857297648633
1.1599241891936394,0.04089178102901463,-0.7224784103683994,0.47948396922368486,0.05831602365895261,-0.05872940067343456,-1.0119133616632727,-0.38889150108371373,0.8947687343075459,0.8327148647255789,1.5007391128297245,-0.5811993136097704,-0.5735012244843509,-0.5658020972047737,1.6980857297648633
-0.9059875286667863,-0.6955728095190128,0.5986286767851958,-0.6044531025675085,-1.3872393008467587,0.4937730967030037,0.8317253105719177,-1.089281417488421,-0.9601013817279057,2.1575364957276264,-0.7525169572960063,-0.5811993136097704,-0.5735012244843509,1.7674024273509945,-0.5888984180666025
-0.24013539594908628,0.5243074089830791,0.6890742555199766,-0.604007655411288,-0.5090493113418771,-0.35751694692816854,0.2325427420954808,0.31149841532099354,0.8947687343075459,0.07721162695377422,1.3851469197086632,-0.5811993136097704,-0.5735012244843509,1.7674024273509945,-0.5888984180666025
1.671949612723775,0.7612408445714358,1.5087541425046251,-1.1649625919510074,0.3138936527365892,-1.9483469291055062,-0.18227595915743702,0.07803510985275779,1.0665159672737914,1.9984088404762805,-0.9101924630178906,1.7205801462309047,-0.5735012244843509,-0.5658020972047737,-0.5888984180666025
0.15776105463638437,0.880187919399133,-0.16307029023473693,3.2912744166839554,-0.09230144480982543,0.6575172987105292,0.5090885429307593,-0.6223548065519495,-0.7540047021684111,2.1575364957276264,-0.5652933221778598,-0.5811993136097704,-0.5735012244843509,-0.5658020972047737,1.6980857297648633
-0.961382782019854,1.5396204407277922,-0.2555199902243429,0.6143662575901612,-0.11314957950838624,-0.34651517768655854,-0.965822394857393,0.5449617207892293,-1.6127408669996386,-0.09588820663163353,0.09321963726870636,-0.5811993136097704,-0.5735012244843509,-0.5658020972047737,1.6980857297648633
1.6279175604171578,-0.10115309591807457,-0.8585430220896509,0.5997279855603855,-0.45909606565252353,0.09744925789636205,-0.5049127267985953,1.2453516371939366,-0.9601013817279057,-0.6064658892610663,0.9747545486297573,-0.5811993136097704,-0.5735012244843509,-0.5658020972047737,1.6980857297648633
-0.7581913137792089,-0.48974300473837706,0.3509673106753817,-1.209957044235931,-1.6340466438597052,0.15082026372699167,-1.1962772288867918,0.895156678991583,-1.3379452942536458,0.36872174803851027,-0.49851551970906793,-0.5811993136097704,1.743675440098885,-0.5658020972047737,-0.5888984180666025
0.039429216085601355,1.1005262641682902,-0.34182623792713046,-0.1316086570428431,-1.1729183725575574,-1.9483469291055062,-0.18227595915743702,0.19476676258687567,-0.7540047021684111,-0.7722484047245127,-0.7925814483960429,1.7205801462309047,-0.5735012244843509,-0.5658020972047737,-0.5888984180666025
0.08719544075607318,-1.0756726235390444,0.11408819177282266,0.020217324673367922,-0.4807477547066502,-1.9483469291055062,0.04817887487196176,-0.6223548065519495,0.2421292490358129,1.1627972661686374,-0.23455617134519074,-0.5811993136097704,-0.5735012244843509,1.7674024273509945,-0.5888984180666025
-0.6836515044136579,-0.5067829635945194,0.8602745882235031,-1.803314887260497,-0.03322693121964683,-0.28750302772538955,0.6473614433483986,1.4788149426621724,-0.9257519351346566,1.5795035439280232,-0.36552604656511617,-0.5811993136097704,1.743675440098885,-0.5658020972047737,-0.5888984180666025
-0.5986359045306742,0.5800064832068679,-0.49925818283821444,0.3716552732401546,0.05507846354288808,0.4834496617948087,1.0367318603923377,-0.7390864592860674,-0.8227035953549093,-0.4284932100869072,1.01373059374325,-0.5811993136097704,-0.5735012244843509,-0.5658020972047737,1.6980857297648633
1.0023774313502716,-0.7632879749678235,-0.9703150446156347,-0.9306777985123663,-0.6419974497272927,0.09965205828088997,-1.3806410961103108,-1.4394763756907747,-1.440993634033393,0.4385893418142598,-2.3007086744825513,1.7205801462309047,-0.5735012244843509,-0.5658020972047737,-0.5888984180666025
0.5146374037073107,-1.392539838133198,0.13527301526194566,-0.2884526416395721,1.2944981915582556,1.3649931900586687,1.7004278559164163,-0.6223548065519495,0.3451775888155602,0.12186985631464214,1.1097059470772823,1.7205801462309047,-0.5735012244843509,-0.5658020972047737,-0.5888984180666025
1.4956819092416334,0.003576255073655367,-0.46066586489039396,0.9387189357839926,-0.7152216631973236,-0.2081925126258971,-1.334550129304431,-1.4394763756907747,-1.2348969544738986,0.18271471336051423,-1.834930746000547,-0.5811993136097704,-0.5735012244843509,-0.5658020972047737,1.6980857297648633
1.4513792496885,1.5857779061443233,-0.611110232472262,-1.262459740308576,-1.3414277694778425,0.6327224345553596,-0.7353675608279941,1.3620832899280546,-1.4753430806266423,0.6503718574232095,-0.24506636078225252,1.7205801462309047,-0.5735012244843509,-0.5658020972047737,-0.5888984180666025
-0.49786923979627107,-0.18659453106677773,0.36367756661445344,-0.01912954738166771,0.36248682422023226,0.7039250224159906,0.3292608968358901,1.3620832899280546,0.6886720547480513,-1.0362336113834332,-0.24405662731612804,-0.5811993136097704,-0.5735012244843509,1.7674024273509945,-0.5888984180666025
-0.8070059118873868,-0.12454821414855,0.07656886505235963,0.8828142630209792,0.32232301074950703,-0.20912765328813537,-0.2744578927691966,0.31149841532099354,1.0321665206805424,1.4105709275298828,1.5000313932159628,1.7205801462309047,-0.5735012244843509,-0.5658020972047737,-0.5888984180666025
1.0437906304935645,-0.3583308737995816,0.12215075539136877,-0.8534519364058677,0.3314982128487452,0.6471978707873747,0.6473614433483986,-0.7390864592860674,0.2421292490358129,-0.9670892858542397,0.3407031598615509,1.7205801462309047,-0.5735012244843509,-0.5658020972047737,-0.5888984180666025
-0.13769921867271326,-0.900319153277411,-0.4212643568929825,-0.25945602694972825,0.7400511951818501,2.242085162341195,0.1403608084837213,-1.206013070222539,-0.23876300326967453,-0.38906957715020657,0.2721697433135536,-0.5811993136097704,-0.5735012244843509,-0.5658020972047737,1.6980857297648633
0.6414028481243864,0.17653421208302006,-0.5160402266951835,0.08487019521353116,-0.5198395290886421,-1.1647636898608251,-0.1361849923515573,1.0118883317257008,1.1695643070535386,0.5428076644328257,1.1864838056351015,-0.5811993136097704,-0.5735012244843509,1.7674024273509945,-0.5888984180666025
-0.30117946762016273,0.10843720631754887,-0.41697370248203935,0.4100923914680303,2.5621641672472517,0.9459858343365188,-0.743134237936875,0.19476676258687567,-0.44485968282916916,-0.28359078163553814,1.42589860460991,-0.5811993136097704,1.743675440098885,-0.5658020972047737,-0.5888984180666025
0.9717421492829174,0.9982411040597307,0.6194364563120371,-0.740568205962188,-0.13238430629865494,0.34114671519408213,0.4068412317398826,1.3620832899280546,1.5817576661725279,2.1575364957276264,1.1050959550156272,1.7205801462309047,-0.5735012244843509,-0.5658020972047737,-0.5888984180666025
-1.3914648454381697,0.1891493969634076,0.01728673027263817,0.9012814513281882,1.2460839429490744,0.13452833051907948,2.429705300498373,-0.8558181120201853,1.3756609866130334,-0.8279324272811295,1.1559350239888506,-0.5811993136097704,-0.5735012244843509,1.7674024273509945,-0.5888984180666025
0.16754768062977682,-0.4436255408010116,0.10145644795175933,0.6310221270308587,0.5713686861282155,0.4153986678644404,2.412349762877402,-1.6729396811590105,0.3451775888155602,-0.5369204654460328,-0.6674797834160295,-0.5811993136097704,-0.5735012244843509,-0.5658020972047737,1.6980857297648633
-0.5005267105730057,0.37244118492118755,0.11690997250351853,-0.19587619619546165,-0.15177891606061622,0.5402022667204205,-1.1717212753575628,-0.038696542881360096,-1.3035958476603968,0.8619692968952555,0.733480696748661,-0.5811993136097704,1.743675440098885,-0.5658020972047737,-0.5888984180666025
0.3387418180877542,0.5052332528428775,-0.36961297311048646,-0.04687024790428372,-0.6647477100279492,-1.5851996794672552,2.4718871610647972,-0.155428195615478,-0.8914024885414075,0.15295740848889894,-0.5725199075223167,-0.5811993136097704,-0.5735012244843509,1.7674024273509945,-0.5888984180666025
-1.0678318432143432,1.3724554463151875,0.10864156441188497,-0.8570499789951588,0.48039887358839406,-0.031147601683436107,-0.09009402554567751,-0.038696542881360096,-0.6509563623886637,1.229108761131761,-0.6812466037882221,-0.5811993136097704,-0.5735012244843509,-0.5658020972047737,1.6980857297648633
-1.5803750505444711,-0.440698706082789,1.9692909228501367,1.474481723083511,-1.350701407983341,0.23714341587415622,-0.6431856272162346,0.31149841532099354,1.0321665206805424,1.1093710148112983,1.3684416219941418,1.7205801462309047,-0.5735012244843509,-0.5658020972047737,-0.5888984180666025
-0.3326684680845956,1.0072940286763856,1.5719546004997287,2.204341299040471,-0.5838520603008203,2.2219088891404266,-1.150186262080912,-0.9725497647543032,0.1734303558493147,-0.34792607311355467,-0.3993972852228774,1.7205801462309047,-0.5735012244843509,-0.5658020972047737,-0.5888984180666025
-0.7365283851437922,-1.1504302326322133,1.0421231295670434,0.4579145961580413,4.057265075455572,1.4782495356811653,-1.0062419695693554,-1.089281417488421,-0.6166069157954147,-1.8362561919058138,-0.15317007838724062,-0.5811993136097704,-0.5735012244843509,-0.5658020972047737,1.6980857297648633
2.3562885893584826,-0.8650744711728569,-1.3307479519683392,-0.40182044565674047,1.6281215536558777,1.9968735211676096,-1.1962772288867918,0.31149841532099354,-0.4792091294224183,-0.4095435291685954,-1.4943281908132438,1.7205801462309047,-0.5735012244843509,-0.5658020972047737,-0.5888984180666025
-1.2887018595577262,-0.48665353953601265,1.6221586767205527,-1.461252137640328,0.9876758875341801,-0.10807405203803272,2.7359479970523117,0.07803510985275779,0.1390809092560656,-1.0905554426909643,-0.25019316411756115,1.7205801462309047,-0.5735012244843509,-0.5658020972047737,-0.5888984180666025
-0.47000559697442523,-0.3345949962340739,0.6358862508451344,0.4639984144657961,0.03484447208439499,1.3767041040346568,0.7856343437660379,-1.4394763756907747,1.5474082195792789,2.1575364957276264,-0.35599371493580423,1.7205801462309047,-0.5735012244843509,-0.5658020972047737,-0.5888984180666025
-0.10566861485244282,-0.5398270728049921,1.553156318097786,1.7863746618984768,-0.3603797951552785,-0.21560281407679513,-0.5049127267985953,0.19476676258687567,1.0321665206805424,-0.9975083210115403,0.48361834991140995,-0.5811993136097704,1.743675440098885,-0.5658020972047737,-0.5888984180666025
-1.3349887329233041,1.0735645005659946,0.9802320075303815,-0.5370200872374042,-0.03854452046830254,0.04457668545508997,0.7856343437660379,-1.5562080284248927,0.2077798024425638,0.19170912494817538,-0.777587142662227,1.7205801462309047,-0.5735012244843509,-0.5658020972047737,-0.5888984180666025
0.3007942974759021,-0.10638752059631151,-1.7142092308679417,-1.2482865470528088,-1.0197539658433412,-0.10629944824694279,-1.150186262080912,-0.155428195615478,1.3069620934265351,-1.610788973619685,1.7462001049603673,1.7205801462309047,-0.5735012244843509,-0.5658020972047737,-0.5888984180666025
0.7959539928222854,0.21019862219114857,-0.28683284540448506,0.6083441859196461,0.4801195701577264,-0.24731343092926003,-0.18227595915743702,-1.6729396811590105,0.2421292490358129,-0.38298604880639897,1.6713400121872566,-0.5811993136097704,-0.5735012244843509,-0.5658020972047737,1.6980857297648633
0.7092520643304899,0.8146871578600793,-0.32537995278480236,1.6967432691111386,-0.8125123136652067,-1.9483469291055062,0.0020879080660820017,-0.6223548065519495,-0.17006411008317632,1.0778325498271033,-0.5000286572980419,-0.5811993136097704,1.743675440098885,-0.5658020972047737,-0.5888984180666025
0.5954706282889364,0.16948327621054224,0.943273267949242,-1.124670529907162,-0.7500990302796288,0.1394064726857863,0.4169066093189998,0.7784250262574651,-0.5135585760156673,0.42412693169334337,0.17828634787791284,1.7205801462309047,-0.5735012244843509,-0.5658020972047737,-0.5888984180666025
-0.6884164982589115,1.1289239233580015,-0.22153646830925827,-0.9124966661944487,-0.31688324211591223,0.36269747189477075,0.7856343437660379,-0.2721598483495959,-0.9257519351346566,-0.8868936748993681,0.9435440868313134,-0.5811993136097704,-0.5735012244843509,-0.5658020972047737,1.6980857297648633
0.0687059709148915,-0.6056593027227155,0.9004260604997976,1.1824444251481407,0.7409050261357648,0.3858274080083072,0.04076244312030809,-0.038696542881360096,-1.5096925272198913,-0.08287928845820797,-0.12479598472109069,-0.5811993136097704,1.743675440098885,-0.5658020972047737,-0.5888984180666025
0.7549001458332792,-0.8914205750309508,-1.4128636059324238,0.5130762914214014,2.440940505321186,0.5406083969281373,3.0460910036660658,-0.8558181120201853,0.963467627494044,4.668798299750917e-05,-0.2662791940176826,-0.5811993136097704,1.743675440098885,-0.5658020972047737,-0.5888984180666025
0.1061849667969748,-0.29172740903782685,-0.46511047656522697,-0.9448117218290969,-0.7366125490042686,-0.04852669863873907,-0.6431856272162346,-0.038696542881360096,-0.7883541487616602,-0.052524884492984474,-0.2226850829065011,-0.5811993136097704,-0.5735012244843509,-0.5658020972047737,1.6980857297648633
-0.18526377046675135,-0.6066317063954971,-0.6665459892275291,0.5575501485774046,0.36816498090086885,-1.1258895050004616,1.3651692097381687,-0.7390864592860674,1.4100104332062824,-1.8709840190079998,1.1349977304305114,-0.5811993136097704,1.743675440098885,-0.5658020972047737,-0.5888984180666025
0.20541957960393567,-0.9345111958624969,0.8410923479559478,0.9408830908640112,0.29841027812117477,-0.0392781238631134,0.7395433769601581,-0.038696542881360096,-1.715789206779386,-0.21424622455659456,-0.982120789937894,-0.5811993136097704,-0.5735012244843509,1.7674024273509945,-0.5888984180666025
-0.0999497895092057,-0.08863061448552956,-1.5763917359371287,-0.5373961436692364,0.0368193278827046,-1.1730665807424143,0.7395433769601581,-0.5056231538178316,0.276478695629062,-0.22660409778623603,0.6920446800862405,-0.5811993136097704,-0.5735012244843509,1.7674024273509945,-0.5888984180666025
-1.3553449016500005,-0.6144818109962583,-1.7780718569386373,0.41879714510343696,1.107147715057363,0.5194647688596575,-0.7029535956063695,-0.2721598483495959,-0.9944508283211548,-2.127430735212083,-1.3959677624115239,-0.5811993136097704,-0.5735012244843509,-0.5658020972047737,1.6980857297648633
-1.7013849622865593,-0.9482524875477372,-0.7017790975732006,1.0772214803634883,0.5590106448482548,-0.48051297146030897,0.4169066093189998,1.5955465953962904,-0.5822574692021656,0.8400113168845835,-0.8068426863496816,-0.5811993136097704,-0.5735012244843509,1.7674024273509945,-0.5888984180666025
-0.6269844656568047,0.7425238991244486,0.919975942247664,-1.5446247193378806,-1.0946097612860077,0.3119541970291725,0.37081564251312005,0.5449617207892293,-0.8570530419481583,0.7355450622111129,-1.1873655427220653,1.7205801462309047,-0.5735012244843509,-0.5658020972047737,-0.5888984180666025
0.1836828373067424,-1.8073225020301866,-0.6498956005750405,-0.8780996340036058,-0.5341191815200573,0.7638672793451847,0.6934524101542784,-1.322744722956657,-0.9257519351346566,-0.43514833171642003,1.0302096598118726,1.7205801462309047,-0.5735012244843509,-0.5658020972047737,-0.5888984180666025
-1.2902617151650975,-1.027377563517867,1.875338020950412,0.032884748033178576,0.6627144019451895,-1.2242183332197674,-0.1361849923515573,-0.6223548065519495,1.2039137536467879,0.15356320164626341,-0.5424967730196805,-0.5811993136097704,-0.5735012244843509,1.7674024273509945,-0.5888984180666025
-1.5334837570447537,1.7454337745992712,-0.23246088324742176,0.8134157871375833,0.5766723878095361,2.2227354124680443,0.32472467570724034,0.19476676258687567,-0.06701577030342902,-0.5071700197255371,0.40397264762277457,-0.5811993136097704,1.743675440098885,-0.5658020972047737,-0.5888984180666025
1.1250772684832357,-0.03658563325512705,-0.05709827243581195,0.4420498694240853,-0.6153038865660458,-0.683691054795903,0.8778162773777974,-0.038696542881360096,-0.8570530419481583,-0.8174638562657225,-0.05495518701788434,-0.5811993136097704,1.743675440098885,-0.5658020972047737,-0.5888984180666025
-0.9775965846834168,-1.1145904195993819,-0.7293148718672319,1.440462958180459,0.7451526825000054,0.43728721238234386,0.2077673630644916,-0.155428195615478,0.48257537518855664,-2.466955584759127,1.0158843080978612,-0.5811993136097704,1.743675440098885,-0.5658020972047737,-0.5888984180666025
1.108503440816954,-1.0880465302220252,0.25762818656776354,0.14183020634047494,-0.8233837765937481,-0.20560290305217171,-0.5049127267985953,-1.322744722956657,-0.9601013817279057,1.261884993159239,1.259374045066003,-0.5811993136097704,-0.5735012244843509,-0.5658020972047737,1.6980857297648633
0.5799423799842357,-0.369396287960111,-0.7012794454688491,0.22759380954243125,1.4952237454869537,0.04045498142795935,-1.150186262080912,-0.9725497647543032,-0.41051023623592003,-0.1485568298135879,1.4402062080011113,-0.5811993136097704,1.743675440098885,-0.5658020972047737,-0.5888984180666025
-1.3046962906851822,-1.8073225020301866,1.634303688225907,1.1736419114121353,1.2449163644541892,-0.10323435698135999,0.6012704765425189,-1.322744722956657,-0.8914024885414075,1.020377351846825,0.6057688077773616,-0.5811993136097704,-0.5735012244843509,1.7674024273509945,-0.5888984180666025
-0.27196770085699123,-1.155433800097486,0.47213947013718716,0.18336821504714002,1.3869241487260824,-0.12060733010242188,-0.1361849923515573,-0.2721598483495959,-1.3379452942536458,2.004874526145834,0.7611028146704343,-0.5811993136097704,1.743675440098885,-0.5658020972047737,-0.5888984180666025
-0.36070255691107034,-1.000852551020441,-0.4552925392535068,-0.7676304634057609,-0.058388905890470535,-1.9483469291055062,0.0020879080660820017,1.7122782481304082,-0.4792091294224183,2.1575364957276264,0.28257470393493367,-0.5811993136097704,-0.5735012244843509,1.7674024273509945,-0.5888984180666025
-0.08946896510326127,4.325883122813745,-0.3963208315613967,0.7334783531994372,-1.0923554705033296,-0.7571213955244035,0.2325427420954808,1.5955465953962904,-0.20441355667642544,0.35964882261502323,-1.2436247883245295,-0.5811993136097704,1.743675440098885,-0.5658020972047737,-0.5888984180666025
1.1028900795693124,1.5873829756773836,0.7117831537471824,-0.3032982941167189,-0.43255670890010567,0.30264409474747184,-0.8275494944397537,-1.5562080284248927,1.1352148604602896,0.9544972659951729,1.4194294933465386,-0.5811993136097704,1.743675440098885,-0.5658020972047737,-0.5888984180666025
0.4001721641570187,-0.6430609681007861,-1.0507775381192765,-0.10785778953747516,0.781558115554221,-0.9506151744526404,-1.3806410961103108,0.6616933735233472,0.5512742683750549,-2.5164754606778743,1.7462001049603673,-0.5811993136097704,-0.5735012244843509,-0.5658020972047737,1.6980857297648633
2.663741481811582,0.2779270474932089,-0.1412101689607868,-1.0355064944402763,-0.6701306141996303,-1.582612043053333,-0.965822394857393,1.5955465953962904,1.6161071127657771,0.7411566667288492,0.772934799874761,-0.5811993136097704,-0.5735012244843509,1.7674024273509945,-0.5888984180666025
-0.3630845244516068,0.12419176594981404,-0.08114737278714168,-0.29990836812626853,-1.32385627717013,1.187844673003379,0.2325427420954808,0.42823006805511143,0.8604192877142968,0.4176244785848642,-0.33519302900222625,-0.5811993136097704,-0.5735012244843509,-0.5658020972047737,1.6980857297648633
-0.8915976429943189,-1.8073225020301866,0.35769447916133024,3.2822387836650773,1.2889771347271084,0.6076147101108077,-1.2423681956926715,-0.6223548065519495,-1.0288002749144038,1.8618481371739064,-1.4764519273517198,1.7205801462309047,-0.5735012244843509,-0.5658020972047737,-0.5888984180666025
-1.6922267153519028,-1.4081347420858477,-0.3741846784005143,-0.4767245281167507,0.3343367294398244,-1.142467606823057,0.1403608084837213,0.19476676258687567,-0.3074618964561727,0.2783214394988079,0.32181177800509303,-0.5811993136097704,1.743675440098885,-0.5658020972047737,-0.5888984180666025
-1.4686481953919095,0.5407685976545046,-1.648266208509476,-0.6098175429641406,-0.6312957620852535,1.395893697716321,0.0020879080660820017,0.07803510985275779,1.6848060059522751,-1.3533309156232418,0.6012478535562016,-0.5811993136097704,-0.5735012244843509,1.7674024273509945,-0.5888984180666025
2.358106401834302,0.9903915183714141,-0.006602424779402533,-0.4926473566744231,-1.0843178292337612,1.0499009281490705,-0.45882175999271557,1.3620832899280546,0.1047314626628165,-1.1336906738334467,1.7462001049603673,-0.5811993136097704,1.743675440098885,-0.5658020972047737,-0.5888984180666025
-0.698385931179779,0.39453409289355196,-1.2938554894128829,0.41247761873100125,-0.8720887011745362,-0.3950928387003438,-0.4127307931868358,0.5449617207892293,0.4138764820020584,0.048616010964227345,-0.9696792622740082,1.7205801462309047,-0.5735012244843509,-0.5658020972047737,-0.5888984180666025
-0.8241675065792614,-0.49819130977887766,0.39268859222471514,0.2334979684180893,0.3825184352899485,-0.14621709801035251,0.6934524101542784,0.19476676258687567,-0.13571466348992722,-0.484250424923085,0.07398802384134846,-0.5811993136097704,-0.5735012244843509,1.7674024273509945,-0.5888984180666025
-0.6987551135959627,0.50662000117794,-0.6148225022447397,-0.3253326361845028,-0.5241403987633739,-0.6955544212245584,-1.334550129304431,-0.6223548065519495,1.0321665206805424,1.9403694252788601,0.8298921942644979,1.7205801462309047,-0.5735012244843509,-0.5658020972047737,-0.5888984180666025
1.8417416892387808,0.1347465353529752,0.5832247111147041,-1.3876453709905907,-0.5884409219529908,-0.03337029756275106,-1.0119133616632727,0.7784250262574651,-0.6166069157954147,-1.883008974861878,0.9847985485761428,-0.5811993136097704,-0.5735012244843509,-0.5658020972047737,1.6980857297648633
-1.3073453525505432,2.3338619963565392,0.2267631003526289,-0.09559212499921327,-0.37048961059474267,0.4295979099141454,-1.2884591624985513,-0.2721598483495959,1.4100104332062824,-0.16736957510659864,-0.27832727199031787,1.7205801462309047,-0.5735012244843509,-0.5658020972047737,-0.5888984180666025
-0.09551460838193368,-0.81230022208823,-0.40711668256485256,1.3441355935204307,0.047917499289437754,0.3162544425559259,0.5090885429307593,0.895156678991583,-0.7883541487616602,0.7943965422761401,-0.6796094218946311,1.7205801462309047,-0.5735012244843509,-0.5658020972047737,-0.5888984180666025
-0.663252875336177,-0.8714009907961423,0.13259351978969897,-0.4130079706219295,0.4717829425843276,0.8089662403821019,-0.3440366487675055,-1.322744722956657,0.03603256947631829,-0.7960205191064074,-0.8790970696645265,-0.5811993136097704,-0.5735012244843509,1.7674024273509945,-0.5888984180666025
0.2692741401955769,-0.8218997923232912,0.5208659744778559,-0.8852421286055615,1.2927280607683351,-0.84527694277364,3.6269463187165623,-0.7390864592860674,-1.6814397601861368,-0.9605027130011929,-2.3395068531657475,-0.5811993136097704,1.743675440098885,-0.5658020972047737,-0.5888984180666025
0.7380519408454234,1.2770909627043512,1.1017633426342257,0.9505964571420169,0.22866810173432364,-1.3451489643428647,-1.150186262080912,-0.7390864592860674,0.2421292490358129,1.9368879462744577,-0.2967591358417763,1.7205801462309047,-0.5735012244843509,-0.5658020972047737,-0.5888984180666025
1.4608313434779039,-1.0677715327213597,-0.6670100322947436,-0.1372385207117769,0.7558157412586789,0.3296501587986481,0.7395433769601581,1.3620832899280546,0.2421292490358129,0.7845531799411516,0.9332842124688006,-0.5811993136097704,1.743675440098885,-0.5658020972047737,-0.5888984180666025
3.2282262786669524,0.7567709704417582,0.7943202684960641,-0.18922435997515868,-0.3331951165032991,-0.8393449597760595,0.2325427420954808,1.4788149426621724,-0.6166069157954147,-1.0248582539478528,1.6633847132131054,-0.5811993136097704,1.743675440098885,-0.5658020972047737,-0.5888984180666025
-0.5362059204504996,-1.2831250632214404,-0.5911719332321057,0.033508173153840665,0.8058217308538266,-1.0073542186207562,2.2112181335970047,-0.8558181120201853,0.7230215013413004,0.8387561623022183,-1.2481239268534263,-0.5811993136097704,1.743675440098885,-0.5658020972047737,-0.5888984180666025
-0.7498248020236498,0.6879519729602727,-1.4046298863138906,0.19644712981946316,0.4591959821238626,-0.9083642992908202,-0.5510036936044751,-1.5562080284248927,-1.3035958476603968,-0.5547296308983708,0.31334780337323165,1.7205801462309047,-0.5735012244843509,-0.5658020972047737,-0.5888984180666025
0.43752091924126646,1.927086725432504,-0.9926589240155993,-0.48382294174555085,-0.3636824519865872,1.1461387645583043,0.8778162773777974,-0.38889150108371373,1.4100104332062824,0.05930637795250476,-1.685478470426597,1.7205801462309047,-0.5735012244843509,-0.5658020972047737,-0.5888984180666025
-0.27126374725454405,0.3487216107801567,-0.4623675382824925,-0.8499693607678876,-1.3566916313707575,-0.28873609635103537,0.8778162773777974,-0.38889150108371373,1.1008654138670404,0.30077902235516296,1.446310467782873,-0.5811993136097704,1.743675440098885,-0.5658020972047737,-0.5888984180666025
-0.8164863535480823,1.4400985962327313,-0.35252543172098777,-0.7346382114687772,0.1409744068448921,0.2400212857297591,-1.3806410961103108,0.7784250262574651,-0.719655255575162,0.2692678689965476,-0.45799798890626797,1.7205801462309047,-0.5735012244843509,-0.5658020972047737,-0.5888984180666025
-1.3371588630146192,1.0865677331005326,-1.463461385917892,0.7346937562052874,2.681307063243928,0.08737067389683834,1.2961143786978593,-0.6223548065519495,-0.5822574692021656,-0.04505446159665398,0.48217615883504134,-0.5811993136097704,-0.5735012244843509,-0.5658020972047737,1.6980857297648633
0.12158270367829749,0.016349311807829423,-0.3018227604104372,-0.7431748029633867,0.477018477711196,0.5721683594991578,0.6012704765425189,0.7784250262574651,0.8947687343075459,-5.824466629753171e-05,1.7462001049603673,1.7205801462309047,-0.5735012244843509,-0.5658020972047737,-0.5888984180666025
-0.021764675000029914,0.1702465929170366,-0.9290430453246918,2.4052590165619523,-0.2058618214347943,-0.9944899749877926,-0.6431856272162346,0.19476676258687567,1.4787093263927806,0.46569697553843364,0.41771344734716076,-0.5811993136097704,-0.5735012244843509,1.7674024273509945,-0.5888984180666025
2.0930726675924354,0.3309652321737581,-0.3858554180391059,-1.2875268149265673,0.14720627017952118,-0.12892485039625484,0.4169066093189998,-0.155428195615478,0.8260698411210476,0.3677814040880762,0.20557705658496453,-0.5811993136097704,-0.5735012244843509,-0.5658020972047737,1.6980857297648633
-0.5750521721783339,-1.8073225020301866,0.10343107129973121,-0.09186263527019409,0.8602014933316975,1.340495721930353,-1.150186262080912,-0.155428195615478,-1.0288002749144038,-0.16959062650829182,0.5050937683538799,-0.5811993136097704,-0.5735012244843509,1.7674024273509945,-0.5888984180666025
-0.07209538060854727,-0.8658377902844103,-0.22171157799694774,1.6450910449660807,-0.3011635933896278,1.238385335939262,-0.9197314280515132,1.2453516371939366,-1.6127408669996386,0.6799690512099505,-0.18934875292524758,1.7205801462309047,-0.5735012244843509,-0.5658020972047737,-0.5888984180666025
0.25721803636029433,0.4514281619436356,-1.621453352472217,-0.5850848493988708,1.9019507883661775,-0.4681230826660659,0.11052701325975979,-0.38889150108371373,-0.7540047021684111,0.28479312241873783,0.20330575298959164,-0.5811993136097704,-0.5735012244843509,-0.5658020972047737,1.6980857297648633
-1.005399388018655,-1.6424682048050105,2.0442606659566707,1.0281560165975765,-0.03797345051193146,0.7464438395777885,0.5090885429307593,-0.038696542881360096,1.1008654138670404,1.0926071704121196,1.0848812400660786,-0.5811993136097704,-0.5735012244843509,-0.5658020972047737,1.6980857297648633
-1.3056142393499997,-1.2998948745681913,-1.8302463701959857,1.8502709173957947,-0.13282266244572316,-0.007801575300250916,-0.3205488595750763,-1.4394763756907747,-1.3379452942536458,0.6884723060305546,1.1094535934926117,-0.5811993136097704,1.743675440098885,-0.5658020972047737,-0.5888984180666025
-0.5009760335979018,0.7241234302359351,0.7202727039032173,-0.5946889821073114,0.5767066451565395,1.0946155711630554,-1.150186262080912,-0.038696542881360096,-1.131848614694151,-0.9366863217155869,-1.05088472189997,-0.5811993136097704,1.743675440098885,-0.5658020972047737,-0.5888984180666025
1.4965180407359182,-1.0136684251225243,-0.9757852431004855,-1.2331233111549875,-0.06852371931210126,1.5767116621423432,0.8778162773777974,1.4788149426621724,-1.3379452942536458,1.4931734454003651,-0.39979066352256043,-0.5811993136097704,-0.5735012244843509,1.7674024273509945,-0.5888984180666025
1.239989172520098,0.1704064847534699,0.9088585659493569,-1.775010019390078,-0.43097958563674194,0.11118402460652493,-0.6892765940221144,0.895156678991583,-1.131848614694151,-1.2559235765334382,0.7425287570463545,-0.5811993136097704,-0.5735012244843509,1.7674024273509945,-0.5888984180666025
0.17488899164653315,0.0008682135164069217,0.041181667884908325,0.4740298162501774,0.11910706123222672,-1.4671263692528127,-0.45882175999271557,-1.5562080284248927,-1.6470903135928878,-0.3211320225333606,1.2292579172636782,-0.5811993136097704,1.743675440098885,-0.5658020972047737,-0.5888984180666025
0.2476070663098028,-1.2788204632717308,-0.19791432469282086,-0.8938974401733953,-0.8582337441084107,-0.13662616406692982,1.9529497504683049,0.07803510985275779,-0.7883541487616602,-0.2386329441208128,1.5899853698719655,-0.5811993136097704,-0.5735012244843509,-0.5658020972047737,1.6980857297648633
0.3603050825934743,0.3274381264257811,-0.3711956905211731,-0.45867764808953726,-0.9327642764092126,-0.8590018903015936,-0.1940393356638319,-0.038696542881360096,1.1352148604602896,-2.344724310258756,1.7462001049603673,1.7205801462309047,-0.5735012244843509,-0.5658020972047737,-0.5888984180666025
0.43578181059813137,-0.8426585370966277,0.832648514330644,-0.0890737541289838,1.2659302229012492,-1.0500282377002292,2.863182434929131,-0.155428195615478,-0.10136521689667811,0.876989801660097,-0.3020093035389695,-0.5811993136097704,-0.5735012244843509,-0.5658020972047737,1.6980857297648633
-0.7628314559735264,0.15107504832418361,0.0106707654447603,-1.6663603957063604,-0.4080517891630317,0.6466829405082188,-1.1962772288867918,0.5449617207892293,0.7917203945277985,-0.6812408771147608,-0.8277957848155936,1.7205801462309047,-0.5735012244843509,-0.5658020972047737,-0.5888984180666025
-0.08896142878697368,-1.4226029595789054,1.4751248292048285,0.516361763028876,-0.5599189595370155,-0.07535655211765752,-0.4127307931868358,0.6616933735233472,-0.20441355667642544,0.05562938088358818,1.7462001049603673,-0.5811993136097704,-0.5735012244843509,-0.5658020972047737,1.6980857297648633
0.3990549493590093,-0.8647700406610623,0.12020678955239293,-1.3018622312854866,1.034021456124891,-0.8059156142859436,0.6473614433483986,-1.089281417488421,1.6504565593590261,-0.4200595142395977,1.0332114739417975,-0.5811993136097704,-0.5735012244843509,1.7674024273509945,-0.5888984180666025
-1.3962706178888349,0.1955439530732889,-0.06758265659351477,-0.650244734097251,-1.2961683975419536,-0.5765472943265755,-1.2423681956926715,-0.8558181120201853,-1.440993634033393,0.8023575497482524,1.7374359027592612,-0.5811993136097704,-0.5735012244843509,1.7674024273509945,-0.5888984180666025
0.3068511699128384,0.212438557204078,0.7507262793224472,0.2043424945586541,-0.17144913833799072,-0.7324038062792996,-0.18227595915743702,1.4788149426621724,-0.17006411008317632,0.21185857394761126,-1.6638501359152107,-0.5811993136097704,-0.5735012244843509,1.7674024273509945,-0.5888984180666025
-0.891221392112585,-0.6515989816288371,0.38036473049588954,1.4288132054479001,1.4368450793381553,0.6057199658808369,0.4169066093189998,0.6616933735233472,0.6543226081548021,-1.4915864955317268,-2.1447882034813293,1.7205801462309047,-0.5735012244843509,-0.5658020972047737,-0.5888984180666025
0.7026481216222467,0.05413495188188911,-0.08684660317876763,0.5865261829481364,0.26414693606192025,-0.6058594441334324,-0.6431856272162346,1.5955465953962904,0.3451775888155602,0.9239501125154546,0.6708121863072448,1.7205801462309047,-0.5735012244843509,-0.5658020972047737,-0.5888984180666025
0.25831387843964787,0.14423295242721842,-0.5435713652767618,-1.106757545213417,0.6804306441067681,-1.4695929010180893,-0.6431856272162346,-0.9725497647543032,-1.3035958476603968,-0.20394956421315444,1.1304350298583752,-0.5811993136097704,-0.5735012244843509,-0.5658020972047737,1.6980857297648633
-0.8274613463812306,-0.26839593366814996,0.9260115197449356,0.6025298475478557,1.018653034311784,-0.17935340270505773,-1.334550129304431,-0.6223548065519495,1.4443598797995316,2.1575364957276264,-0.4278810057600237,-0.5811993136097704,-0.5735012244843509,1.7674024273509945,-0.5888984180666025
-1.502779511607369,0.00990532500587751,-0.6476240706520634,-0.004538524230724024,-1.8671601896910253,0.4169649175649045,2.345568583405516,-0.38889150108371373,-1.1661980612874003,-0.7403525855515378,-1.6012859028821642,-0.5811993136097704,1.743675440098885,-0.5658020972047737,-0.5888984180666025
-0.03311624270815684,-1.0089698556098303,-1.306925936518927,-1.357145307622672,-0.6064729853221301,-1.010396552502974,0.32472467570724034,0.31149841532099354,-1.6127408669996386,-2.233768245936178,1.2229143156068993,-0.5811993136097704,-0.5735012244843509,-0.5658020972047737,1.6980857297648633
-0.17706821012426266,0.2769431499446755,-0.4799342645032537,-1.227346146089755,0.28082724920441027,-0.6754723669846323,1.5680525631842483,1.1286199844598188,-0.8914024885414075,-0.17079735801518203,-0.5293691021100043,-0.5811993136097704,-0.5735012244843509,-0.5658020972047737,1.6980857297648633
-0.283383267330758,-0.03505054527742113,-0.8509104337125352,-1.422075361724463,-1.623119733634335,1.134165215328242,-0.9849459577005635,1.5955465953962904,1.4100104332062824,0.45806577681659083,-0.17453014571147527,-0.5811993136097704,-0.5735012244843509,1.7674024273509945,-0.5888984180666025
0.04612262261677223,0.6350290187034666,0.7230685865329309,1.6073299626821456,-0.4124234806161051,0.6417105890001812,-0.45882175999271557,1.5955465953962904,-1.406644187440144,-1.0712811420826085,1.7462001049603673,-0.5811993136097704,-0.5735012244843509,1.7674024273509945,-0.5888984180666025
1.0546704379033056,-1.7374066223936024,1.0807191381257073,-1.0578867240444443,-0.5327079317862737,0.4053742190069002,0.09426984167784153,-0.038696542881360096,1.4443598797995316,1.646590323399733,-0.30053314090968175,-0.5811993136097704,-0.5735012244843509,-0.5658020972047737,1.6980857297648633
-1.6163547393937108,0.47940158475423184,0.7918000892436511,1.2933311331104222,0.16435143054977736,0.4605538288999967,-0.044003058739797755,-0.38889150108371373,-1.3722947408468948,-0.6944866772646543,-0.6491602257399449,-0.5811993136097704,-0.5735012244843509,-0.5658020972047737,1.6980857297648633
-0.0022036465398378173,1.3596007179181042,-0.4642171410795451,-0.7179807518589721,-0.6143102894935276,-0.42784030179870763,-0.4127307931868358,-1.322744722956657,1.1695643070535386,0.274925383930632,-0.69200983460582,-0.5811993136097704,1.743675440098885,-0.5658020972047737,-0.5888984180666025
-0.46603305689099983,-0.6515855464108404,-0.5263926766095656,-1.248468079135956,0.4279896999889852,0.5416908683781119,-0.45882175999271557,-1.5562080284248927,-0.03266632371017991,-1.1426551710492538,-1.1396885200619395,-0.5811993136097704,1.743675440098885,-0.5658020972047737,-0.5888984180666025
-1.0115601872095044,0.6320003533336984,1.7497748365189199,-1.803314887260497,0.5690341369246597,-0.5630431788535386,-0.2744578927691966,0.6616933735233472,-1.1661980612874003,-0.6704761116967497,-0.5433171035310892,-0.5811993136097704,1.743675440098885,-0.5658020972047737,-0.5888984180666025
-1.9337642576992866,-0.5724219326073876,-0.4325028831164149,0.8597729514397539,2.42778473503554,-1.0756294666543404,2.303054250698946,-0.9725497647543032,1.1352148604602896,0.41768147058624167,0.3367317267184807,1.7205801462309047,-0.5735012244843509,-0.5658020972047737,-0.5888984180666025
1.3960541185364503,-0.7199692369662238,1.1684243603598679,0.5213360816715455,1.9363567455031774,-0.8833127659106537,0.4629975761248796,-0.038696542881360096,-0.6166069157954147,-0.34170226989942437,1.0559088698112216,-0.5811993136097704,1.743675440098885,-0.5658020972047737,-0.5888984180666025
0.48685518299040403,-0.7437227610566423,-0.9197994639351311,-0.36133597636355885,0.561277976557107,0.05011319336131282,0.1403608084837213,-1.089281417488421,-0.8914024885414075,-0.42097885413034714,1.0031679628611354,-0.5811993136097704,1.743675440098885,-0.5658020972047737,-0.5888984180666025
0.9141137240579036,-1.8073225020301866,0.2621143453138051,0.1086854889323131,-0.3553395455378336,1.547574953295564,0.4169066093189998,-1.4394763756907747,-0.03266632371017991,-1.293646704780967,-1.878559229592416,-0.5811993136097704,-0.5735012244843509,1.7674024273509945,-0.5888984180666025
-0.18096948758998888,0.9300628383713613,-0.29429698171687646,-0.05269047621404465,-1.4919235422882584,-1.1765490831726622,-1.0580043284691525,0.5449617207892293,-1.5440419738131403,-0.33381800894903,-1.9337894261893849,1.7205801462309047,-0.5735012244843509,-0.5658020972047737,-0.5888984180666025
-0.0026147123378642916,-1.217816356507303,2.186252242212321,0.8756288906052493,0.5598197868018877,0.09140315705461732,0.1403608084837213,-0.7390864592860674,0.48257537518855664,0.9037350300429732,-0.62666899183938,-0.5811993136097704,-0.5735012244843509,1.7674024273509945,-0.5888984180666025
0.9744630175376459,1.1718216984054972,0.3636113838394478,-0.8754129955498365,0.45553233802601467,-0.09380891169210141,1.1280105027273397,-0.6223548065519495,0.3108281422223111,-1.0775378046603006,1.0373854941255094,-0.5811993136097704,-0.5735012244843509,-0.5658020972047737,1.6980857297648633
-0.42793607372184844,-0.02007987577657374,1.1948229729600053,1.3148010293211265,-1.3370493863648658,-0.3081583523302323,0.8778162773777974,-1.206013070222539,1.5130587729860296,-0.18380608652852212,0.7424754629041879,-0.5811993136097704,-0.5735012244843509,1.7674024273509945,-0.5888984180666025
-1.5081240083043983,1.0838678754783695,1.9925365711737808,-0.5732102987762958,-0.3425663990428241,-0.4663475490882171,-0.965822394857393,-1.206013070222539,-0.9601013817279057,-0.7409688654511833,1.440224207427347,-0.5811993136097704,-0.5735012244843509,-0.5658020972047737,1.6980857297648633
1.407468889306706,-0.07645426252675078,0.15228388028811382,-1.3919622778679022,1.433716653466894,-0.8589107982777704,2.029893694296982,-1.206013070222539,0.1047314626628165,0.42764589883859716,-0.9646840475639088,1.7205801462309047,-0.5735012244843509,-0.5658020972047737,-0.5888984180666025
-0.047018957500250806,-1.8073225020301866,-1.757356121223505,-0.10013772452282985,0.4365229432165029,1.648087863354771,-0.36663982638095605,-0.6223548065519495,1.5130587729860296,-0.4607911842986051,-0.5398998170680347,-0.5811993136097704,-0.5735012244843509,-0.5658020972047737,1.6980857297648633
0.8654996288974364,0.6728904423860583,0.805797447906933,0.3382386363965344,-0.569927862274482,-1.2874410542765982,0.5090885429307593,-0.6223548065519495,-0.37616078964267097,0.08184939608638213,1.1222749513153725,-0.5811993136097704,-0.5735012244843509,1.7674024273509945,-0.5888984180666025
-0.8727966592490056,-0.8634051074947228,-1.2925388833881475,-0.6555475217920281,-0.5650133125371539,1.2814824524091042,0.772006901698481,0.19476676258687567,-1.3379452942536458,-0.44069459827808793,0.4921347872984971,-0.5811993136097704,1.743675440098885,-0.5658020972047737,-0.5888984180666025
-0.3969493543986444,0.3556985044648192,2.2237997450667573,1.9124386447287258,-0.4584797562955423,0.006408408039117548,-0.3205488595750763,-0.155428195615478,0.5856237149683039,1.5161417853925503,0.27904259709313156,-0.5811993136097704,-0.5735012244843509,1.7674024273509945,-0.5888984180666025
-0.27555444158031545,0.7255616666740057,0.7814091470085441,0.4358997130142848,-0.7176709050497111,-1.505213319938214,0.7395433769601581,-1.206013070222539,-0.8570530419481583,-0.8298513330910219,1.2814451362533128,-0.5811993136097704,-0.5735012244843509,1.7674024273509945,-0.5888984180666025
0.6081492261356749,0.4667465043542801,0.3982943088690943,-1.0274712443195548,-1.207479137316821,-1.5093712715415777,2.6246787621739576,0.31149841532099354,-0.7540047021684111,0.21758918848250425,-0.5477872574325364,-0.5811993136097704,1.743675440098885,-0.5658020972047737,-0.5888984180666025
1.0204891558199873,-0.11316834218394929,2.297964986545538,1.64747326725674,-0.5621895657957822,1.5997976681644768,-0.5049127267985953,0.31149841532099354,-1.6470903135928878,-0.0006430972623973478,0.4124091431946237,-0.5811993136097704,-0.5735012244843509,-0.5658020972047737,1.6980857297648633
1.1280806431599142,0.5336301626448053,2.0042749189765465,-0.37732729964625844,-1.2141536174465515,0.14549929920802607,0.4629975761248796,-0.5056231538178316,-0.34181134304942185,1.79828932662132,0.6545258475341569,-0.5811993136097704,-0.5735012244843509,-0.5658020972047737,1.6980857297648633
0.31052355255379627,-0.0977554634597226,-0.6769501641153195,1.2015774628641063,-1.6150462676510453,-0.00954473339191905,2.328547692524767,-1.089281417488421,1.6848060059522751,0.6874180631708183,-0.21847689784196142,-0.5811993136097704,-0.5735012244843509,-0.5658020972047737,1.6980857297648633
-0.17215885329420338,-0.9530455810133541,-1.8302463701959857,-0.5225418231930021,-1.2462498423390738,-0.5391692540629757,-0.22836692596331679,-1.4394763756907747,0.8947687343075459,-0.974186392150463,0.04930946039593703,-0.5811993136097704,1.743675440098885,-0.5658020972047737,-0.5888984180666025
-0.6287968262462917,-0.13556688664807345,0.934183944343735,1.1904133229745673,-1.4818084079596223,-1.0587714037876432,2.9746967217630123,0.31149841532099354,-1.4753430806266423,0.6447074644605411,-0.1810413936561088,-0.5811993136097704,1.743675440098885,-0.5658020972047737,-0.5888984180666025
-1.3994713710459465,-0.05908580895919377,-0.4893528797768423,0.9771672077427065,-1.8671601896910253,0.0335509925860318,-0.9643115354796998,1.2453516371939366,-0.5135585760156673,0.7090142131612418,-0.41726331009457673,-0.5811993136097704,-0.5735012244843509,-0.5658020972047737,1.6980857297648633
0.6042939611420529,-1.5135203653431026,-0.18935350938338782,-1.803314887260497,0.17740437103505113,1.173638830790446,0.02197503231050216,-0.9725497647543032,1.6504565593590261,0.4339865685777941,-1.9955144548814425,-0.5811993136097704,1.743675440098885,-0.5658020972047737,-0.5888984180666025
0.18411865178967587,0.3272821213684868,-0.7007730419198805,0.09313937019763763,-0.8704161241273515,1.6379586784969402,0.4629975761248796,0.5449617207892293,-1.3035958476603968,0.37047988404293114,-0.15313659479972183,-0.5811993136097704,-0.5735012244843509,1.7674024273509945,-0.5888984180666025
0.19710907447642714,-1.5432599590131404,0.4390276379740332,-0.8885161922227259,-0.21959914510421286,-0.3586729456055715,0.6473614433483986,-1.089281417488421,1.3413115400197841,-1.1750051298790236,1.7462001049603673,-0.5811993136097704,1.743675440098885,-0.5658020972047737,-0.5888984180666025
-1.1354756642174317,-1.6288470235756367,-0.3268929354439276,-1.6390145552022057,1.5352198412009614,-1.194424770845504,1.0431904526077875,-0.038696542881360096,-0.9601013817279057,-0.02408673363319009,0.3830500151572279,-0.5811993136097704,-0.5735012244843509,1.7674024273509945,-0.5888984180666025
1.6573170016930092,-1.0555807068868903,0.07455322117071737,-0.48013324402424656,-0.3978904220505822,0.3156206795167212,-1.2884591624985513,-0.8558181120201853,-0.5135585760156673,-1.1292877026123265,-0.4434783354940249,-0.5811993136097704,-0.5735012244843509,-0.5658020972047737,1.6980857297648633
-0.010899894447692359,2.3287623820569756,-1.2265113889049841,-0.39373494385489377,-0.22344000383669457,-0.30726899402488395,-0.36663982638095605,-0.6223548065519495,-0.41051023623592003,1.1777130390529078,1.1235921650992318,1.7205801462309047,-0.5735012244843509,-0.5658020972047737,-0.5888984180666025
-0.834350699067455,-1.3269418467579552,-0.3764606942712796,0.3772421121529989,0.6153557709323744,-0.8007140228186032,-0.020567447969256022,-0.8558181120201853,-1.6127408669996386,0.44203650012590334,-1.052909102534375,-0.5811993136097704,-0.5735012244843509,1.7674024273509945,-0.5888984180666025
1.5175704015988507,1.1006106618642744,1.4670507529511772,1.0115704280369398,0.39968457559685994,-0.9983410422590703,-1.2423681956926715,0.42823006805511143,1.6848060059522751,1.1452165882677061,-0.6076715670464267,-0.5811993136097704,-0.5735012244843509,-0.5658020972047737,1.6980857297648633
-0.2740743873366047,0.049916926004674046,2.3610291910021304,1.5972924284191778,0.06417102098578899,-0.6593601619154588,-1.0580043284691525,0.07803510985275779,1.1352148604602896,1.1017621340652253,-0.1987297272390483,-0.5811993136097704,-0.5735012244843509,1.7674024273509945,-0.5888984180666025
0.5403661810254906,1.053679648409793,-1.8302463701959857,-1.2347309716701786,1.4814580841492861,1.4155216935118804,-1.01108627054114,-0.8558181120201853,-0.20441355667642544,0.8835303169167781,1.5169858044130922,-0.5811993136097704,1.743675440098885,-0.5658020972047737,-0.5888984180666025
-0.33558212968725454,-0.6371747093864,-0.3421557339706765,0.6791424165879454,0.09080385257660903,1.3201981830933474,-0.044003058739797755,-0.155428195615478,1.0321665206805424,-1.9053835586449384,-2.6384283147595213,-0.5811993136097704,-0.5735012244843509,1.7674024273509945,-0.5888984180666025
0.24366945974960336,-0.6330259767191652,-0.8170457619873944,-1.3853040757825577,1.5096856070984501,-0.8645884482679413,-1.2674016396537586,-0.155428195615478,-1.2005475078806493,1.4186201698523475,0.31708843461422187,-0.5811993136097704,-0.5735012244843509,-0.5658020972047737,1.6980857297648633
1.10270235383735,0.07191065207820078,0.9128694360028755,0.8619033465546082,-0.8887639916827914,0.3698919405534225,-0.6892765940221144,0.895156678991583,1.5817576661725279,0.22967008079541562,0.8943549338839227,-0.5811993136097704,1.743675440098885,-0.5658020972047737,-0.5888984180666025
-1.5235730806724022,-0.49232531580499694,0.9654572179576075,-0.7413519722832156,-0.055081717093332656,-0.20669334056476363,-0.36663982638095605,1.0118883317257008,0.8260698411210476,-1.5718960116775362,0.811112930528551,1.7205801462309047,-0.5735012244843509,-0.5658020972047737,-0.5888984180666025
0.23786404306254544,-1.3114035583253032,0.5896150428744141,-1.2842148928886015,-0.14099014940398186,0.38108487580145556,-0.1361849923515573,-1.6729396811590105,1.0321665206805424,0.6762241695474673,1.7462001049603673,1.7205801462309047,-0.5735012244843509,-0.5658020972047737,-0.5888984180666025
-1.663661542994401,-0.040835045351291344,0.8543508642368037,-0.6315618153311514,-0.4070827039908083,0.6101812312713291,-0.18227595915743702,-0.38889150108371373,-0.03266632371017991,-0.7040234956554716,-0.16382035409198692,-0.5811993136097704,-0.5735012244843509,-0.5658020972047737,1.6980857297648633
-0.2236761989554445,0.4728501664631411,-1.2781257993556165,0.1434451067547096,2.6123663806193598,0.6431734651488605,1.258944933243073,-0.155428195615478,0.9978170740872931,1.2387843265152807,-1.4116661987488786,-0.5811993136097704,-0.5735012244843509,1.7674024273509945,-0.5888984180666025
0.35296062055082744,1.5117818028612424,0.3684930596114952,-0.09267686139839601,0.06294895173840605,-0.8775189029778584,-0.044003058739797755,0.42823006805511143,1.272612646833286,0.3505815464723005,-0.9485767353188639,1.7205801462309047,-0.5735012244843509,-0.5658020972047737,-0.5888984180666025
-0.012675076554895299,0.27094720810819856,-1.2310062140999387,-0.4039722627702906,0.33372273219564136,0.36025493970217154,3.5259810045336897,0.5449617207892293,1.6504565593590261,1.139572541742867,-0.8049714838229934,-0.5811993136097704,-0.5735012244843509,1.7674024273509945,-0.5888984180666025
0.6719426335979608,-0.4261783551412561,-0.7710737034350672,0.7244606527161709,0.31594786126382635,-1.1209736487884319,-1.3806410961103108,1.0118883317257008,1.5474082195792789,0.7895070021061544,1.3288623026696946,-0.5811993136097704,-0.5735012244843509,1.7674024273509945,-0.5888984180666025
1.8201821868115395,1.8851260993795145,-0.13430512639974052,0.4054946475867448,-0.21835018151389168,0.2008081673755425,-0.1361849923515573,-0.038696542881360096,0.0016831228830691885,-1.1879881403553418,-0.6985221047424719,-0.5811993136097704,1.743675440098885,-0.5658020972047737,-0.5888984180666025
0.688026810863295,0.09146061222065957,1.393670574936015,0.6231870351090867,-0.4268781645935059,0.686653208467701,0.2786337089013606,0.31149841532099354,0.619973161561553,1.6515662519253829,-0.3970137976614355,-0.5811993136097704,-0.5735012244843509,1.7674024273509945,-0.5888984180666025
-1.1568779373782876,-1.1281967454650301,0.6775879879731775,0.6574371889725527,0.5928984431260808,1.2753797036995855,1.7008011912926448,-0.038696542881360096,-1.3379452942536458,1.0982518240845935,0.07968080983323163,-0.5811993136097704,1.743675440098885,-0.5658020972047737,-0.5888984180666025
1.7843335395011102,0.4030691753989119,1.2000171112605784,1.1922241693380229,1.129372310354253,0.4711407239608596,0.7856343437660379,1.4788149426621724,-0.719655255575162,-0.6417049031254504,-1.858752555856989,-0.5811993136097704,-0.5735012244843509,1.7674024273509945,-0.5888984180666025
0.46915544972215634,-0.06588337588235198,1.0389150888826526,-0.33194334573890616,-1.6048542484141053,1.6433855532738688,-1.1040952952750323,1.1286199844598188,0.6543226081548021,0.7504119431110553,-1.2197567257782114,-0.5811993136097704,-0.5735012244843509,1.7674024273509945,-0.5888984180666025
0.6206690161346895,1.369597056917819,0.9820171767287373,1.4168469513884738,-1.5100204530549732,-1.0177620616694576,-0.18227595915743702,-0.8558181120201853,0.03603256947631829,0.356656527992785,-2.080637731512976,1.7205801462309047,-0.5735012244843509,-0.5658020972047737,-0.5888984180666025
-0.4378835452692113,0.4932920299036661,-1.134349535162011,0.4387235687224404,0.16201731101464203,-0.7297479456367246,-1.009906238377835,0.42823006805511143,-0.34181134304942185,-0.5700742083255372,-1.7065366792571655,1.7205801462309047,-0.5735012244843509,-0.5658020972047737,-0.5888984180666025
-0.24644608672615959,-1.4517542113679973,-0.2894191954030714,-0.02105531131543929,1.453487104692186,-0.4072269760479585,2.696795102702676,-0.038696542881360096,-1.406644187440144,0.6109677840865991,0.05814427084414254,-0.5811993136097704,1.743675440098885,-0.5658020972047737,-0.5888984180666025
-1.184925584085394,0.889497476057467,0.412769200339921,-0.6585041862861938,-0.7163312315819543,-0.6058671285250938,-0.3205488595750763,-1.5562080284248927,0.7917203945277985,0.3118957228754144,1.7462001049603673,-0.5811993136097704,-0.5735012244843509,-0.5658020972047737,1.6980857297648633
-1.175699655307615,1.726324328535364,-1.170076743696154,0.5152237743732948,-1.0386173018437639,-0.7398896327860206,-0.6892765940221144,0.42823006805511143,-0.3074618964561727,-1.655611614357038,-2.0493984999339423,-0.5811993136097704,1.743675440098885,-0.5658020972047737,-0.5888984180666025
0.04261567315017927,0.24832671912136856,-0.12423412464080581,-1.330093123177165,-0.27472744461001786,-0.19672893135604086,1.7684527660461347,0.31149841532099354,-0.44485968282916916,-0.3592532426788565,-0.006009215256654002,-0.5811993136097704,1.743675440098885,-0.5658020972047737,-0.5888984180666025
1.3384144485008629,-0.36073898137306704,0.04080267729431108,-1.4808776515288558,0.7352496941244981,-1.9261239957908356,-0.5970946604103549,-0.5056231538178316,-1.6127408669996386,1.2786389045157058,0.2863013180994245,-0.5811993136097704,1.743675440098885,-0.5658020972047737,-0.5888984180666025
0.40830691250410356,0.7270355230095792,0.3996535936887321,1.1702747764471042,0.7174703776223378,0.5893546463364132,-0.6605848748517901,-0.38889150108371373,-1.131848614694151,-0.9189300909674772,-0.037798082507325644,-0.5811993136097704,-0.5735012244843509,-0.5658020972047737,1.6980857297648633
-0.5126037526074037,1.0738560598401894,0.18970363894170328,0.6115342335514535,-0.4473907232350588,-1.7466463227868376,-0.5049127267985953,1.1286199844598188,1.3069620934265351,-0.4987176619544478,-0.5250035972601336,-0.5811993136097704,1.743675440098885,-0.5658020972047737,-0.5888984180666025
1.029029622345335,-0.5892142296528236,0.07236059279302612,-0.22643777882679875,-0.04961439158403095,-1.5054129585747331,-0.9197314280515132,-1.6729396811590105,0.5856237149683039,-0.7406697333877861,-0.8534082747179763,-0.5811993136097704,1.743675440098885,-0.5658020972047737,-0.5888984180666025
-1.0760946776186242,-1.0993256801928697,1.1192448318374744,1.1581634717454605,-0.325930227303199,-1.5493889368899738,-1.150186262080912,-1.4394763756907747,-1.6470903135928878,0.12001901401702261,-0.759905587149485,1.7205801462309047,-0.5735012244843509,-0.5658020972047737,-0.5888984180666025
0.08516958276617674,-0.546268762536556,0.432086798277297,-0.7543120176894774,0.8418694090696065,-1.6850029787284615,0.4169066093189998,1.5955465953962904,-1.3722947408468948,-0.02876785043750997,1.2353784477507022,1.7205801462309047,-0.5735012244843509,-0.5658020972047737,-0.5888984180666025
0.2095214088435183,-0.8679173263888237,-0.2946516267855375,1.3517803400986392,-1.4377331925723447,-0.5867521169562611,-0.5049127267985953,0.5449617207892293,1.3413115400197841,-1.0624699242937614,-0.8666855811218173,-0.5811993136097704,1.743675440098885,-0.5658020972047737,-0.5888984180666025
-0.23702186871766012,-0.2833769337188749,0.4777810758309757,-0.426255526399396,0.8830706543405424,0.81949623625443,-0.965822394857393,0.19476676258687567,-1.3722947408468948,1.8431798037146887,1.7462001049603673,-0.5811993136097704,1.743675440098885,-0.5658020972047737,-0.5888984180666025
0.2093182191075567,3.48871623412603,0.7058592732291653,-0.26685515306441426,-0.04086584490156478,0.16301972864267858,-0.1361849923515573,0.7784250262574651,1.2039137536467879,0.5318954534168525,-1.3742587173177097,1.7205801462309047,-0.5735012244843509,-0.5658020972047737,-0.5888984180666025
0.22437085213594857,0.6658697476752481,-0.01672838215364669,0.17176545035005247,-1.4072839290233026,0.4911432855460473,0.0020879080660820017,1.2453516371939366,-1.063149721507653,-1.250130342103269,-2.7814310209307354,-0.5811993136097704,-0.5735012244843509,-0.5658020972047737,1.6980857297648633
-1.1586173847076064,2.5602603350031043,-0.6367207022161984,-0.8826696594996779,0.5186397243321269,0.6007136685985167,0.09426984167784153,-1.6729396811590105,0.8604192877142968,-1.5742421132653674,0.08594543173953019,1.7205801462309047,-0.5735012244843509,-0.5658020972047737,-0.5888984180666025
-0.27846045679561243,0.8870449278428398,0.9367412761897496,0.37908187783974273,0.9522496759331653,-0.5550831552662857,0.8317253105719177,0.07803510985275779,0.929118180900795,-0.11161015036759973,-0.7805806017320304,-0.5811993136097704,-0.5735012244843509,1.7674024273509945,-0.5888984180666025
-0.9052156829806455,1.49180729048446,0.01747665164447551,-0.13880319483407366,-1.0483011605359782,0.38354901382843776,0.37081564251312005,-0.038696542881360096,-1.3379452942536458,0.23995399990529337,0.5939038099727129,-0.5811993136097704,1.743675440098885,-0.5658020972047737,-0.5888984180666025
-1.5638113881378326,0.13567286513708635,-0.06717488210040107,0.5366379049037333,-0.4348262085367027,0.3497754814109962,-0.2744578927691966,0.7784250262574651,0.37952703540880933,1.2868470533228842,0.6532424555837149,-0.5811993136097704,1.743675440098885,-0.5658020972047737,-0.5888984180666025
-0.09844927296414967,0.5659060985397028,-1.0549946765703208e-05,0.043913815732269525,0.24382102710832218,-1.9483469291055062,-0.9144493643146292,1.3620832899280546,-1.6814397601861368,-1.070366540639603,0.9811613827336273,-0.5811993136097704,1.743675440098885,-0.5658020972047737,-0.5888984180666025
-1.8095494765393036,0.11686005384202083,0.24764285190946872,-1.5723386122861953,-0.030197696032751267,1.0264443418337559,0.039416265054951986,1.1286199844598188,-1.406644187440144,0.8836785851022249,-1.1691176927102216,-0.5811993136097704,-0.5735012244843509,-0.5658020972047737,1.6980857297648633
-0.14007041617874144,0.5763272989214169,0.5863081093631316,0.18720440328065913,0.4490589881568744,0.5388163703208366,0.09426984167784153,-1.5562080284248927,-0.7883541487616602,0.17900920195479292,-0.23838389987514436,-0.5811993136097704,1.743675440098885,-0.5658020972047737,-0.5888984180666025
1.3176539701057823,-0.9894365797536067,-1.1332000440238785,-0.1672309269516622,1.0372902050632458,0.9989663826445284,-0.18227595915743702,0.07803510985275779,-0.8570530419481583,-1.992580905573428,0.46450643996416363,1.7205801462309047,-0.5735012244843509,-0.5658020972047737,-0.5888984180666025
-0.7982661964529891,-0.522176365273978,0.8913616609145737,0.2546087284312368,0.13753077531219057,-0.24239818780944014,0.6934524101542784,0.42823006805511143,1.4100104332062824,1.472690465829882,0.44206323918794516,-0.5811993136097704,-0.5735012244843509,1.7674024273509945,-0.5888984180666025
0.6434477773427475,0.6761935279637153,-0.5480186374730615,-0.13417292166167485,1.2797524916696599,-0.8596966538727722,0.5824880580539766,1.2453516371939366,-1.715789206779386,0.2541465401985213,-2.0638350633370837,-0.5811993136097704,-0.5735012244843509,-0.5658020972047737,1.6980857297648633
-0.04691645174814594,-0.3154240091941434,3.2623434945707688,-0.6814363920116502,-0.7274035837937646,-1.8832781414722404,0.2786337089013606,0.5449617207892293,1.6848060059522751,0.24266636464550737,0.8815448397913931,1.7205801462309047,-0.5735012244843509,-0.5658020972047737,-0.5888984180666025
0.7611384098351139,-0.14059876889693126,0.18867921979519667,-1.803314887260497,-0.578343864594193,0.047822815230093976,-0.12448277449454617,-0.38889150108371373,0.6543226081548021,0.05228840016815773,0.2857559261464309,-0.5811993136097704,1.743675440098885,-0.5658020972047737,-0.5888984180666025
-0.38501200244811107,1.3426633957893888,-1.4156756851421974,0.40288784082858276,-1.1903122306878369,0.6891649525961042,1.2826552004634055,0.19476676258687567,-0.03266632371017991,-0.4260736527218737,1.7462001049603673,-0.5811993136097704,-0.5735012244843509,1.7674024273509945,-0.5888984180666025
0.034527446486613926,-1.1863804430048617,-0.36543606113333155,-0.47286145189477796,-0.013383263756865427,0.19442634721310456,-1.3806410961103108,1.0118883317257008,0.6543226081548021,-0.501169063791699,1.4006057184036584,1.7205801462309047,-0.5735012244843509,-0.5658020972047737,-0.5888984180666025
0.3162741180166794,-0.0037592747916280447,-0.1410130619787874,-0.4857464972607966,-0.9143520467989298,0.21703792610705416,-0.965822394857393,-0.7390864592860674,0.03603256947631829,-0.6180609956761862,-0.11385705140546397,-0.5811993136097704,1.743675440098885,-0.5658020972047737,-0.5888984180666025
1.0222374129402345,-0.3114832009475872,-0.014798380484274495,-1.207598014965211,-0.7709971213350105,1.750904605701676,0.4629975761248796,1.3620832899280546,0.1047314626628165,-0.10646151944030202,-0.48503105161130355,-0.5811993136097704,-0.5735012244843509,1.7674024273509945,-0.5888984180666025
1.3129368052574872,-0.6118964943631491,0.30502640945373194,-0.6112306033178388,0.1473776944942005,1.140743712104608,-1.0580043284691525,0.07803510985275779,-0.719655255575162,-0.6450958874847784,0.6452604464777437,1.7205801462309047,-0.5735012244843509,-0.5658020972047737,-0.5888984180666025
1.5733394961946894,0.6538318301098156,-0.6989838977862726,-0.9331051073595074,0.4396431195847104,2.0142597331504115,0.7395433769601581,-0.8558181120201853,-0.13571466348992722,-0.18610370796321882,-1.056208556756726,-0.5811993136097704,-0.5735012244843509,-0.5658020972047737,1.6980857297648633
0.012777370370963466,0.9442609415389046,1.0801762404829764,-0.6552399192156232,-1.4952142133602164,1.2155555332334624,0.2325427420954808,0.07803510985275779,-0.5479080226089165,-0.337610401893234,0.5931135587603907,-0.5811993136097704,1.743675440098885,-0.5658020972047737,-0.5888984180666025
0.8809610783454355,-1.8073225020301866,-0.7261134425460948,-1.4727656818203836,1.4358218851888507,-1.9483469291055062,0.6012704765425189,-1.5562080284248927,-1.6470903135928878,-0.27691557460524585,1.6305803236476042,-0.5811993136097704,-0.5735012244843509,-0.5658020972047737,1.6980857297648633
-0.7622047563892219,1.450378708682837,-0.3710047480016298,0.2572837593312012,-0.0954158905270883,0.7553671415906652,0.045257683834574576,-1.322744722956657,0.4138764820020584,1.3645499390730496,-1.5600171063157084,-0.5811993136097704,-0.5735012244843509,-0.5658020972047737,1.6980857297648633
0.05523839267221795,0.5555279797968605,0.29147552108957736,0.2530293844230447,1.3295783521312963,-0.4498411223783498,-0.5496915447157794,-0.7390864592860674,0.6543226081548021,0.4023365422157858,-1.7337398173208205,-0.5811993136097704,1.743675440098885,-0.5658020972047737,-0.5888984180666025
-0.30672948915633036,1.1575315164868856,0.23276147617609927,1.0224190729129308,0.18975543014779053,-0.443459328189017,-0.36663982638095605,1.2453516371939366,-0.03266632371017991,1.1199520843192072,-0.2503874509776179,-0.5811993136097704,-0.5735012244843509,-0.5658020972047737,1.6980857297648633
1.5874854619261765,-0.9908866317219837,1.2942688920494547,4.358439016545806,0.5654671315523089,-0.18526883136404784,-1.1040952952750323,-0.8558181120201853,-1.0288002749144038,0.008761696439083609,-1.243916656001752,-0.5811993136097704,1.743675440098885,-0.5658020972047737,-0.5888984180666025
0.873882026790348,-0.42716722379899147,-0.6147400154954376,0.6327477763729468,-0.237379609699486,-0.6601034952912489,0.6473614433483986,-0.038696542881360096,-0.7540047021684111,-0.3482288601767142,0.18028413405629318,-0.5811993136097704,-0.5735012244843509,1.7674024273509945,-0.5888984180666025
-0.22866165506755928,-0.8368139447327728,0.3950706427925532,-0.43886417786542464,-1.390072221710605,0.6159311051708232,-0.5970946604103549,1.5955465953962904,0.929118180900795,0.041660168178525074,0.1800958695823621,-0.5811993136097704,-0.5735012244843509,-0.5658020972047737,1.6980857297648633
0.8474635444390861,0.7366723125436823,0.2858234019812698,1.249981519969709,-0.6992901024488665,0.11684085999876834,0.7395433769601581,-1.089281417488421,0.3451775888155602,0.6546036499461553,1.6410417562973885,-0.5811993136097704,-0.5735012244843509,1.7674024273509945,-0.5888984180666025
-0.4588606550690452,-1.0819354240643055,0.3453585502147496,-0.9878713514124364,1.0186207442339623,-0.8122377081468792,1.5039762245069068,0.07803510985275779,0.7917203945277985,-0.5175546915283579,-1.2420368633638985,-0.5811993136097704,-0.5735012244843509,1.7674024273509945,-0.5888984180666025
1.084943999713643,0.3902098712164918,-0.0500713458327993,0.7214718674093665,0.8124579351406825,0.585698574836967,-0.15343440975948638,0.5449617207892293,-1.063149721507653,-0.900269184851486,-0.005033949929376003,-0.5811993136097704,1.743675440098885,-0.5658020972047737,-0.5888984180666025
-0.12654507079504945,1.160543127882484,-1.1043482015987796,-1.1054734931887618,1.1283298534097048,-0.7078111623585477,2.322453826375012,-0.2721598483495959,0.5512742683750549,0.32928002524010347,0.12057255109261815,-0.5811993136097704,1.743675440098885,-0.5658020972047737,-0.5888984180666025
0.20363864603188303,0.24028141270233988,0.26942092347888674,1.7951383944545412,-0.5346374499150489,-0.7377060894023236,0.8317253105719177,-0.038696542881360096,1.1008654138670404,-0.619370062881975,-0.1871010371274359,-0.5811993136097704,-0.5735012244843509,-0.5658020972047737,1.6980857297648633
-1.9442903689258062,0.0837790507961266,0.7370679736973708,-0.3948588536724019,-0.49452201997195055,1.6283949462642024,-1.150186262080912,1.0118883317257008,0.8604192877142968,-1.1185378986406895,-0.47984755357006104,-0.5811993136097704,1.743675440098885,-0.5658020972047737,-0.5888984180666025
0.53165060045494,0.28196211231656376,-0.07618868267902036,-1.1088215621679525,0.8741990384876894,0.5554873622176387,2.5519927969247083,0.5449617207892293,1.2039137536467879,-1.2121500447948028,-0.07996424361270256,1.7205801462309047,-0.5735012244843509,-0.5658020972047737,-0.5888984180666025
0.37762586297400824,0.4858690069530007,0.24580595462682744,0.36222552666594515,-0.9195455816369302,0.8655924452935838,0.5090885429307593,0.5449617207892293,1.5817576661725279,0.9007455334898417,-0.8372222316123707,1.7205801462309047,-0.5735012244843509,-0.5658020972047737,-0.5888984180666025
0.39204416471491516,0.6528423239339923,0.7783924463426346,0.7338348138006108,-0.06887274441116055,1.442163316593326,-0.09009402554567751,0.42823006805511143,0.6543226081548021,-2.532850553159674,-0.9060138434565448,1.7205801462309047,-0.5735012244843509,-0.5658020972047737,-0.5888984180666025
-0.4219840298756314,0.4935825367818895,-0.5636351778590794,-0.18408733319571136,0.28800718647805423,0.7568018076575658,1.5029303008083996,-1.089281417488421,-1.440993634033393,0.9687375813706554,-0.16313687851763883,1.7205801462309047,-0.5735012244843509,-0.5658020972047737,-0.5888984180666025
0.5272634727512727,-0.09278593983940542,-0.9774732521514028,-1.2609800134152167,-0.8587697867796272,0.3832825365244137,0.32472467570724034,-1.4394763756907747,1.1352148604602896,-0.6461890774528098,-0.8467098728277849,-0.5811993136097704,-0.5735012244843509,-0.5658020972047737,1.6980857297648633
1.1371580348597519,-0.06272890963491003,2.311071518310084,1.5170071421472342,-1.2969341952942715,0.20047361888000267,0.6934524101542784,-0.9725497647543032,-0.3074618964561727,0.754080565628208,0.5596429091235791,1.7205801462309047,-0.5735012244843509,-0.5658020972047737,-0.5888984180666025
0.6985472398504367,0.1658575451317499,-1.1300086939948986,0.19400632152823463,0.9621515921167509,0.5378798393804255,-0.7353675608279941,1.3620832899280546,0.5856237149683039,-0.2231976870756059,1.7462001049603673,-0.5811993136097704,-0.5735012244843509,-0.5658020972047737,1.6980857297648633
-1.2192343587125867,0.7724637764292313,-1.7516097854511468,0.354424517781443,1.1859988286904597,-0.012447654686909856,0.7251877624556012,0.31149841532099354,-0.7540047021684111,-0.578559029403187,-1.0787910161936447,-0.5811993136097704,-0.5735012244843509,-0.5658020972047737,1.6980857297648633
1.3057193440360981,-1.8073225020301866,0.8508530168076397,1.1254740076262486,0.11313418780079385,0.5667793496170167,-0.4127307931868358,-0.5056231538178316,0.48257537518855664,-1.0366568788105552,-0.09559908713049697,-0.5811993136097704,-0.5735012244843509,1.7674024273509945,-0.5888984180666025
0.7001271651196661,0.4437365315613843,-0.7892333937744814,0.8921160535826848,-1.1044682512096786,-1.8406130499240847,-0.4127307931868358,-0.038696542881360096,-1.3379452942536458,-0.4502869334045857,0.3888971445557446,-0.5811993136097704,-0.5735012244843509,1.7674024273509945,-0.5888984180666025
1.2115431545184216,-0.5016027297770252,0.5222934349653001,-0.345645047953887,-1.3769639450927822,-0.3805850235608777,-1.0580043284691525,1.2453516371939366,0.963467627494044,0.8638149434131465,0.5431869080965627,1.7205801462309047,-0.5735012244843509,-0.5658020972047737,-0.5888984180666025
0.7445032013681447,2.2642981103474615,-1.4985195379030185,0.5738829817109111,0.4535210791979741,-1.32018492235827,-0.044003058739797755,-0.38889150108371373,-0.8227035953549093,-0.6893917864440486,0.7206956265812464,-0.5811993136097704,-0.5735012244843509,-0.5658020972047737,1.6980857297648633
0.18609931101461175,2.5932367545304715,0.39014714206228296,-1.1847636995871715,0.22024481246544228,-0.2481875926268923,-0.22836692596331679,0.7784250262574651,-0.27311244986292366,-1.5638484379372493,-0.8755906844704273,-0.5811993136097704,-0.5735012244843509,1.7674024273509945,-0.5888984180666025
1.5077253915429258,-1.1038901948409758,-0.5922457095552927,-0.36722267718794077,0.04234080111060882,-0.43844031899513025,-0.3205488595750763,1.4788149426621724,-1.2005475078806493,2.1575364957276264,1.2522509184545356,-0.5811993136097704,-0.5735012244843509,1.7674024273509945,-0.5888984180666025
-0.6607668190084218,0.9713408310308829,0.05779113117163563,-1.008608866556446,0.39883189698900945,-0.5020561058587052,-0.5970946604103549,-0.6223548065519495,0.03603256947631829,0.5037274625710294,0.06524494795629693,1.7205801462309047,-0.5735012244843509,-0.5658020972047737,-0.5888984180666025
0.02537954594415198,0.6482518468379944,1.4560083629714928,1.3852629978768987,1.7370143774548477,1.4507245218158469,0.2786337089013606,-0.9725497647543032,1.1695643070535386,-0.04137204565188689,-0.9782193898988436,-0.5811993136097704,1.743675440098885,-0.5658020972047737,-0.5888984180666025
-1.834882496082744,1.5983366326984607,1.0175047241325317,-0.032751086186443845,0.1613701067695253,-0.4901985503270026,-1.334550129304431,1.5955465953962904,0.5512742683750549,-0.8588930845838183,0.02785394884552163,-0.5811993136097704,-0.5735012244843509,-0.5658020972047737,1.6980857297648633
-1.1273748466833382,1.064465081446893,-1.2801247860136584,0.5878629334554697,-0.18900458798140493,2.7614743586966752,0.18645177528960105,-0.038696542881360096,1.5474082195792789,0.6792185503671414,0.485379259450243,-0.5811993136097704,-0.5735012244843509,-0.5658020972047737,1.6980857297648633
1.1528341949059036,-1.1477522809398921,1.5504942956581012,1.873559690064669,0.05969499026716915,-0.45012795296394553,-0.5049127267985953,0.07803510985275779,-1.6814397601861368,-0.42135181438988284,0.2502063717704813,-0.5811993136097704,1.743675440098885,-0.5658020972047737,-0.5888984180666025
-1.2633985516470116,0.025692019906868566,-0.44987104530376737,-0.54335168573564,-0.7763694152240753,-0.2427671787934589,0.6012704765425189,0.5449617207892293,1.4787093263927806,0.06710809814572202,-0.12087065893392356,-0.5811993136097704,-0.5735012244843509,-0.5658020972047737,1.6980857297648633
1.1229656890278727,-0.37508061263037373,-0.3754423360580417,-0.36157963328881226,-1.053376663893438,-0.5643966687382467,-0.9197314280515132,-1.6729396811590105,0.963467627494044,-0.9718332486722513,1.1731927689972466,-0.5811993136097704,-0.5735012244843509,-0.5658020972047737,1.6980857297648633
-0.42315908135337593,3.8112592430494447,-0.8753357815166601,-0.5611101061574573,-0.2626497731958036,1.199823883427779,-0.7814585276338739,-0.9725497647543032,1.3413115400197841,-1.2746946269356962,-0.47272429488721174,-0.5811993136097704,1.743675440098885,-0.5658020972047737,-0.5888984180666025
0.9798878461709835,1.1441359615656823,1.1079931299074945,-0.08081734752062007,-1.3414976503444158,-0.27994688406743495,0.2325427420954808,1.2453516371939366,1.6161071127657771,-0.4187375062052893,0.2245541454135472,-0.5811993136097704,-0.5735012244843509,1.7674024273509945,-0.5888984180666025
-0.41703659399607534,0.9786769187100512,-0.7690453963994408,0.48356011540418076,-0.6873952957980763,1.6876694432677828,0.6473614433483986,0.07803510985275779,1.6161071127657771,0.8745161789966074,0.8460463951046138,1.7205801462309047,-0.5735012244843509,-0.5658020972047737,-0.5888984180666025
1.104073555376061,0.1206404836870296,1.2253738795988494,0.74372743688272,0.8542341286345919,0.18163046935656382,0.04817887487196176,0.19476676258687567,-1.063149721507653,-0.522121426653013,0.08267503969709053,-0.5811993136097704,1.743675440098885,-0.5658020972047737,-0.5888984180666025
-0.9678046316783683,-0.5557329267319814,-0.5240750830080187,-0.22545133780990634,1.30341973198098,0.2549490721944999,2.892042583517551,-1.6729396811590105,0.276478695629062,-1.8727034977226433,-0.4773922294376506,-0.5811993136097704,-0.5735012244843509,1.7674024273509945,-0.5888984180666025
-0.6465765376203033,-1.1545881404102316,-0.9069482546910353,0.7282033699488237,0.5206370996583208,0.5049128747013553,-0.6431856272162346,1.1286199844598188,-1.2692464010671476,-0.8331313277326547,-0.8234754100942998,-0.5811993136097704,-0.5735012244843509,-0.5658020972047737,1.6980857297648633
0.9260684856501885,-0.029883646943246654,-0.7965473781065792,-0.9020083353832828,-1.468968791481909,-1.4606100449396002,0.8778162773777974,1.3620832899280546,-0.6853058089819128,-0.9819453026658325,0.627762049220621,-0.5811993136097704,-0.5735012244843509,-0.5658020972047737,1.6980857297648633
-0.39488099967782303,-0.6135331499143012,-0.017054173888978272,-0.01460887345895943,1.324328092738617,1.9573968344796682,-1.0580043284691525,-1.6729396811590105,1.6161071127657771,0.8018738798620714,-0.9279437439115685,1.7205801462309047,-0.5735012244843509,-0.5658020972047737,-0.5888984180666025
-1.644029200189644,-0.7671704945076747,0.19355819455391016,-1.0497920849092697,0.6773763720982099,2.4764517185993085,0.7856343437660379,1.7122782481304082,1.5474082195792789,-0.14684055283196176,0.2199018545806563,-0.5811993136097704,-0.5735012244843509,1.7674024273509945,-0.5888984180666025
-0.9301100075223316,1.338186870143053,0.5506556823846428,0.07223078523765165,-1.7633981467463777,-0.6929267618893836,0.2325427420954808,1.0118883317257008,-0.44485968282916916,0.03802634533443604,0.13092400592536807,-0.5811993136097704,-0.5735012244843509,-0.5658020972047737,1.6980857297648633
1.1559072794805365,0.48701813135391386,0.8292816036053122,0.4273983555470602,1.750341816482745,0.2986275924624722,1.2769126785489064,-0.38889150108371373,-0.10136521689667811,-0.7176252934905742,1.5142964030260635,1.7205801462309047,-0.5735012244843509,-0.5658020972047737,-0.5888984180666025
-0.2637396682377272,-1.1326915463394482,-0.21855110329378782,-0.8133721546769406,2.929945376397719,1.4001088974844256,2.9087443245572815,-1.322744722956657,-1.6470903135928878,-0.17714291339762572,1.0792797433355248,-0.5811993136097704,-0.5735012244843509,1.7674024273509945,-0.5888984180666025
-0.464639846975459,1.3482400526225218,-0.22974120078689728,-0.6862400903777811,-1.8671601896910253,0.808828706320505,0.6473614433483986,-0.038696542881360096,0.7573709479345494,-1.2145629058812137,0.7786842724287503,1.7205801462309047,-0.5735012244843509,-0.5658020972047737,-0.5888984180666025
2.5546285457150684,0.15536122268790867,-0.625277100310608,0.15786168119900704,-0.447703291886574,0.12138352995496798,0.2786337089013606,0.07803510985275779,-0.8914024885414075,-1.0539051061320046,1.4043205702314143,-0.5811993136097704,-0.5735012244843509,1.7674024273509945,-0.5888984180666025
2.5041426465878014,-1.7035317322477403,1.6980451936325558,0.7007245002525198,-0.16917118133781836,0.14082488700472584,-1.3806410961103108,1.1286199844598188,0.7573709479345494,0.0008268376564083854,-0.2514189625267654,-0.5811993136097704,-0.5735012244843509,1.7674024273509945,-0.5888984180666025
-0.24999476118152153,-0.7135557802044827,0.25946914368032026,-0.1098062101094903,0.8886240184011436,0.4500495138872559,0.2786337089013606,-0.9725497647543032,0.1390809092560656,0.1889499619998383,1.4145129041141946,-0.5811993136097704,-0.5735012244843509,1.7674024273509945,-0.5888984180666025
1.9883408595877186,0.4413485224879056,1.2000814057695257,-0.3584541404127036,-0.1587118421669778,-0.38194907881809387,0.7856343437660379,0.7784250262574651,0.7573709479345494,1.2295262058287066,0.5315938660345891,-0.5811993136097704,1.743675440098885,-0.5658020972047737,-0.5888984180666025
1.0728857657052187,-0.9055698440246234,-0.24587868844695304,-0.43093121724377403,0.5736547844866137,1.0657911502919901,0.2786337089013606,1.4788149426621724,-1.4753430806266423,-0.79057963671356,1.2093204806387157,-0.5811993136097704,-0.5735012244843509,-0.5658020972047737,1.6980857297648633
3.7508548641708135,-1.1787785052598605,-1.4697808125064575,-0.38406447867351673,0.6675096288523236,-1.5463145043223232,-1.2423681956926715,0.7784250262574651,0.3451775888155602,-0.24263500256067597,-1.6031933785620716,-0.5811993136097704,1.743675440098885,-0.5658020972047737,-0.5888984180666025
-0.2903239372212959,-0.3804906097817613,0.13916497060249422,-0.7365625858657066,-0.6777768633910723,1.002793968763255,0.7856343437660379,-0.8558181120201853,-0.23876300326967453,-1.0638264908089115,-0.8156155485188948,1.7205801462309047,-0.5735012244843509,-0.5658020972047737,-0.5888984180666025
-0.28213711806667385,-0.8371593790675343,-0.47404214766808567,-1.0202451245102981,-0.07083963144825417,-0.062312141978411936,-0.9197314280515132,0.42823006805511143,0.4138764820020584,-0.21784994220906131,0.48096599123552997,-0.5811993136097704,-0.5735012244843509,-0.5658020972047737,1.6980857297648633
0.030668862735545796,-0.43592415744297364,-0.31097963382175264,1.3828511097207896,0.10745006331443314,-1.0243699510937376,-1.2884591624985513,-0.7390864592860674,1.2382632002400369,1.305026089753124,1.7462001049603673,-0.5811993136097704,1.743675440098885,-0.5658020972047737,-0.5888984180666025
-0.41475848702281803,-0.9123276063862844,1.1019987936169546,2.535038070889001,-1.0542028394385992,0.1091574945423114,-0.7814585276338739,0.42823006805511143,-1.5440419738131403,1.1464631207448472,-1.872571118641835,-0.5811993136097704,1.743675440098885,-0.5658020972047737,-0.5888984180666025
-0.4530934213990458,0.6065714556144501,1.879800610804837,0.39134070664776194,0.5335022456593641,-1.674964797037821,0.31663082842610557,1.3620832899280546,0.48257537518855664,0.6150889445321983,-0.767269423960748,1.7205801462309047,-0.5735012244843509,-0.5658020972047737,-0.5888984180666025
0.9695595517211719,-0.9738137532899882,-0.46688853441622613,-0.1651310932023025,-1.0270363631570436,-0.18231711249366983,0.09426984167784153,0.31149841532099354,-0.44485968282916916,0.06236091034514133,0.3195473982911778,-0.5811993136097704,-0.5735012244843509,-0.5658020972047737,1.6980857297648633
1.0740973582392248,-0.05648521800745332,0.22653659365690976,1.4824031146079686,-0.8676688608580807,0.49069069610746935,0.1403608084837213,-0.9725497647543032,-1.5440419738131403,0.6687168717637587,-0.6436908787685897,1.7205801462309047,-0.5735012244843509,-0.5658020972047737,-0.5888984180666025
0.41453452868358664,-0.7169535923693849,0.13655043434600528,1.1236344663922908,0.2717365098319433,1.6836705442699476,0.1403608084837213,-0.5056231538178316,-1.2692464010671476,0.17427339191280586,-1.0374780546836377,-0.5811993136097704,-0.5735012244843509,-0.5658020972047737,1.6980857297648633
0.4112382129072073,1.6961837778211082,-1.8302463701959857,-0.38273345850139323,-0.2292908165999134,1.1790051084534936,-0.5970946604103549,-1.089281417488421,0.2077798024425638,0.9588557220036454,-0.12984547184698828,-0.5811993136097704,1.743675440098885,-0.5658020972047737,-0.5888984180666025
1.9973047127454757,-0.2924684038454958,-0.10524316217421752,-0.3539793211315368,-0.38034368347959085,-1.117921056994038,-1.150186262080912,-1.322744722956657,-0.20441355667642544,0.7801940016910421,0.5360592486868981,-0.5811993136097704,1.743675440098885,-0.5658020972047737,-0.5888984180666025
-0.4073431607446662,0.8451960014441569,0.36129740118607545,-0.11706300249686555,-1.1874503561078629,-1.9483469291055062,-0.9197314280515132,1.5955465953962904,0.6543226081548021,-0.7388934514729558,0.7858886343531107,-0.5811993136097704,-0.5735012244843509,1.7674024273509945,-0.5888984180666025
2.0808566074607366,0.6118544232961747,-1.0904373942856007,0.3053035642415198,-0.5860518043263575,0.46350197013457123,0.0020879080660820017,1.1286199844598188,-0.23876300326967453,-0.5320661188604571,-0.13899516290830125,1.7205801462309047,-0.5735012244843509,-0.5658020972047737,-0.5888984180666025
-0.01284405223571514,-0.6898083308440434,1.0645366454385212,0.9492934580410094,0.09269472523117431,-0.602181329906709,1.3503481685603633,-0.5056231538178316,0.276478695629062,-0.5636997438514989,0.9809115128178932,-0.5811993136097704,1.743675440098885,-0.5658020972047737,-0.5888984180666025
-1.9442903689258062,-0.34148391159556574,0.6053243548545065,-0.4552226869779539,-0.45852413810599585,1.4422543507766656,0.32472467570724034,-1.206013070222539,0.03603256947631829,-1.3994724187832872,0.3048380847434665,-0.5811993136097704,1.743675440098885,-0.5658020972047737,-0.5888984180666025
-0.7583159889415456,-0.9763726964755833,1.3521738754716282,-1.1686899606811547,0.04567875245297607,1.0034131520504712,0.2786337089013606,-0.7390864592860674,-0.17006411008317632,0.8225859579984022,0.10189728515601802,-0.5811993136097704,-0.5735012244843509,-0.5658020972047737,1.6980857297648633
-0.5794674640219288,0.1869144998312493,-0.46679301274541335,-0.19264992537177916,0.3707475157693719,3.5403328864919614,0.3254907916202851,-1.4394763756907747,1.4787093263927806,-0.6764788125754189,0.6196879665038314,-0.5811993136097704,1.743675440098885,-0.5658020972047737,-0.5888984180666025
-0.29956507501110274,-0.815928036829367,-0.4223800986414147,-0.1416753818287584,0.39641485360675277,-0.0675338001566722,0.18645177528960105,1.7122782481304082,-0.3074618964561727,1.0834892834769647,-1.1431665165299003,-0.5811993136097704,-0.5735012244843509,1.7674024273509945,-0.5888984180666025
-0.81731811047129,-0.4366627565934763,4.565595244452126,1.6064496671519666,-1.8671601896910253,0.002126516376458472,-0.044003058739797755,1.7122782481304082,1.0665159672737914,0.9072481088874211,-1.86432904674097,1.7205801462309047,-0.5735012244843509,-0.5658020972047737,-0.5888984180666025
-0.9415691862164073,-0.2742261550924416,0.8941206162350629,0.6339964301944739,0.8398172497444161,0.9616934501868214,0.4169066093189998,0.7784250262574651,-0.6509563623886637,0.5306733724723224,0.357202317139818,-0.5811993136097704,1.743675440098885,-0.5658020972047737,-0.5888984180666025
-0.3862050468967953,-1.3021113588110338,-1.5604071492673153,0.3791542679518742,1.636464532592239,-0.8882195550798951,-0.1563768569831259,1.1286199844598188,-0.10136521689667811,0.3967755439103974,1.3498011339522245,1.7205801462309047,-0.5735012244843509,-0.5658020972047737,-0.5888984180666025
-0.43678469853053553,-0.2132871404791605,1.8781543656347455,1.8866044252163077,-0.7867798933079878,1.9425527618554732,0.6934524101542784,-1.206013070222539,0.2421292490358129,0.9325320381928017,-1.126923023665765,1.7205801462309047,-0.5735012244843509,-0.5658020972047737,-0.5888984180666025
-0.0443359301126095,-1.5200608365335961,0.6302546683026818,-0.5499587458877905,0.7326695567002074,-1.9483469291055062,2.038425060226017,-1.6729396811590105,-1.2348969544738986,1.6180861818701844,0.6685285725646596,-0.5811993136097704,-0.5735012244843509,-0.5658020972047737,1.6980857297648633
0.14115286404114158,-0.8382180571736215,0.21619112336243304,-1.803314887260497,-0.860767127672601,-0.34476300373750535,0.2325427420954808,-0.2721598483495959,-0.9601013817279057,-0.5260257721928321,1.1903279974696312,-0.5811993136097704,-0.5735012244843509,-0.5658020972047737,1.6980857297648633
-0.9800745528978174,1.7757990627520301,-0.5587330866720148,0.32254197603175366,-0.6689323175453233,-0.7041099651181963,-1.0119133616632727,-0.6223548065519495,1.272612646833286,-1.2395040835295843,-0.5732616779990756,1.7205801462309047,-0.5735012244843509,-0.5658020972047737,-0.5888984180666025
0.11189618089794033,-0.6143196292312559,-1.6181964011205436,-0.6480764080233766,-0.4512074381681606,0.7608364866974167,-0.044003058739797755,-0.38889150108371373,0.4482259285953075,-0.3289160537306752,0.19571667152344102,1.7205801462309047,-0.5735012244843509,-0.5658020972047737,-0.5888984180666025
1.6131430647048517,1.5114247444322213,-0.6641396040125987,0.5365369903507787,-0.2102560710718551,0.5112163089143,-0.09009402554567751,1.4788149426621724,-0.8914024885414075,-0.24845312542625908,0.7381565327658078,-0.5811993136097704,-0.5735012244843509,-0.5658020972047737,1.6980857297648633
-0.3429405228687936,-0.006314403859509289,-0.8209453511727981,-0.1493874273277941,-0.01705206871149572,-0.142354477133495,-0.6431856272162346,1.7122782481304082,1.5817576661725279,-1.0414938734370975,0.5203497568018216,-0.5811993136097704,1.743675440098885,-0.5658020972047737,-0.5888984180666025
0.37452596011402034,-0.7672603440379183,-0.011477409457209755,0.5544303848889489,0.4088607047666574,0.13993992977459685,0.3906827588547177,-0.6223548065519495,0.7230215013413004,2.097485586877369,0.14456206397027035,1.7205801462309047,-0.5735012244843509,-0.5658020972047737,-0.5888984180666025
0.48786784812906214,0.02670019522053278,-1.8302463701959857,0.07840644041746304,-1.34006490930375,1.0146189584324203,0.0020879080660820017,-0.38889150108371373,0.619973161561553,0.20193728610443937,0.8937809523044835,-0.5811993136097704,1.743675440098885,-0.5658020972047737,-0.5888984180666025
1.0374093971241125,0.696257598010417,0.9292620321651306,-1.803314887260497,1.1098512826565479,-0.37066893383162264,-1.0119133616632727,1.7122782481304082,-0.5479080226089165,0.5499515790395089,-1.325345078167495,1.7205801462309047,-0.5735012244843509,-0.5658020972047737,-0.5888984180666025
0.755945029850264,-1.7877909782155212,-1.0039208432529643,1.1010503164444752,1.0647179452104967,-0.4135296286488307,2.268314651035251,0.5449617207892293,0.48257537518855664,-0.9057376692216251,-0.5938897546727974,-0.5811993136097704,-0.5735012244843509,-0.5658020972047737,1.6980857297648633
0.9123793382289631,-1.7825602338022726,-0.5383767018455565,0.5405784896249798,0.6597229615657803,1.3017801127071655,-0.8736404612456334,-0.9725497647543032,-0.7883541487616602,1.6313017126300262,0.5618895932398583,1.7205801462309047,-0.5735012244843509,-0.5658020972047737,-0.5888984180666025
0.2326297147141579,-1.210041882427966,-0.39185168786036995,0.5781885267045984,1.0442520891175413,-0.31407497028608694,0.30131987652846154,-0.38889150108371373,-1.5096925272198913,1.1941155904317033,0.28646385779063394,-0.5811993136097704,-0.5735012244843509,-0.5658020972047737,1.6980857297648633
0.15533098092606096,-0.5517424463300634,-1.0199719220284202,-0.16315446901503003,-0.030772345807913302,-0.5466432585392005,-0.8736404612456334,0.5449617207892293,-0.9944508283211548,-1.3099164625805673,1.0668521392866641,-0.5811993136097704,-0.5735012244843509,-0.5658020972047737,1.6980857297648633
-1.059886703367275,1.1563051139790723,1.4025489615686004,-1.803314887260497,-0.23533894910300748,-0.2460270197091316,-0.4127307931868358,0.31149841532099354,1.5130587729860296,2.1575364957276264,0.7104295137235368,-0.5811993136097704,1.743675440098885,-0.5658020972047737,-0.5888984180666025
2.4061352602857013,-0.09542312964877661,0.3166968837863803,1.5162063517869775,-1.0664748677606595,0.42530403850154513,0.7856343437660379,-0.5056231538178316,0.1047314626628165,0.06676032951653733,0.10866504570833799,-0.5811993136097704,-0.5735012244843509,1.7674024273509945,-0.5888984180666025
0.41569362240131263,-0.01729100516438141,0.21543421461824622,0.4885361634143789,1.3913689404115779,-0.1655023712213607,-1.2735115435292477,-0.2721598483495959,1.6161071127657771,0.6829463553792049,-1.3577261965999678,-0.5811993136097704,1.743675440098885,-0.5658020972047737,-0.5888984180666025
2.156692227731083,1.2167297633237892,-1.620473123899948,0.7603832402192154,2.0295406449211115,-0.5350145416467965,0.6012704765425189,-1.5562080284248927,-0.5479080226089165,0.5231562264420213,0.9836191089424389,-0.5811993136097704,-0.5735012244843509,-0.5658020972047737,1.6980857297648633
-0.08815696839223836,-0.15028366097945284,-0.8204303338690091,-0.27297363644502054,0.4258255587194152,0.4561588440940837,0.7517383858977188,-1.322744722956657,0.9978170740872931,1.3965889190139622,1.403519237324625,-0.5811993136097704,1.743675440098885,-0.5658020972047737,-0.5888984180666025
-0.5613871596123396,0.4813594756558984,-0.1424369052373509,-1.803314887260497,0.8117661209504891,0.018880612807463008,-1.1561275178547976,-1.5562080284248927,1.5130587729860296,-0.6332031838498766,-1.3007435566457686,1.7205801462309047,-0.5735012244843509,-0.5658020972047737,-0.5888984180666025
-0.5550091124519235,2.0226709974786274,1.1473509545994376,1.2340299475006027,-0.314890799035281,-0.8717773765715363,0.0020879080660820017,0.6616933735233472,1.272612646833286,-0.3082478500762398,-0.35697884156926907,-0.5811993136097704,-0.5735012244843509,-0.5658020972047737,1.6980857297648633
0.4003732160182181,-0.010216170925753,0.0005199043446877982,0.9674628771709247,-0.03548071269255675,-0.14798355480431546,0.2325427420954808,1.3620832899280546,-0.9257519351346566,0.5956276905108451,-0.38863857136503926,1.7205801462309047,-0.5735012244843509,-0.5658020972047737,-0.5888984180666025
-0.5409719318737711,-0.9066617484836162,2.4463021109264744,-0.9621939736453262,-0.6069787168835664,-1.9483469291055062,-0.6892765940221144,0.31149841532099354,-1.097499168100902,1.0964159942328453,-1.4103433607886482,-0.5811993136097704,-0.5735012244843509,-0.5658020972047737,1.6980857297648633
0.4932933101692062,-0.6630653198472972,-0.16125386645194478,0.04366232927767673,0.09565613499852996,-0.1570057216075162,-0.965822394857393,1.2453516371939366,0.8260698411210476,-0.5688512112949156,0.6012285673092059,-0.5811993136097704,1.743675440098885,-0.5658020972047737,-0.5888984180666025
-0.6483067656080366,0.311583965518216,-0.5831800200240146,0.7028688763343806,-0.11141850995288358,-0.8748329222361855,1.1960939603307854,-0.8558181120201853,1.0665159672737914,-0.3135032342140884,0.21324280460985703,1.7205801462309047,-0.5735012244843509,-0.5658020972047737,-0.5888984180666025
0.3134849402365103,-0.9437362651024062,-0.5887001444404435,-0.4248195276783421,-1.6643813698550443,0.4869736609283438,0.5551795097366391,-1.089281417488421,1.3413115400197841,0.893884477664379,-0.35993105581263085,1.7205801462309047,-0.5735012244843509,-0.5658020972047737,-0.5888984180666025
-0.11541639006095898,1.6829968009822986,0.41438221014947363,1.0643391638116277,-0.5658595294758202,0.08549127690373344,0.8778162773777974,-0.038696542881360096,1.5817576661725279,0.19743011893757628,-1.1971510350987378,-0.5811993136097704,1.743675440098885,-0.5658020972047737,-0.5888984180666025
0.8259225053312208,0.14635327650127528,0.026929429522023526,-0.6458576161622327,-1.5393103579685428,0.8518663148329954,-1.0580043284691525,-0.38889150108371373,1.0321665206805424,-1.34071460801237,-1.7528335289173362,-0.5811993136097704,-0.5735012244843509,1.7674024273509945,-0.5888984180666025
0.8219902107221303,0.4929705602377408,-0.8700805911229222,0.9021590866203094,1.3856162866583803,0.7275578724276353,-0.42097770344285856,-0.38889150108371373,0.03603256947631829,-1.3767430384760724,0.5182226152105286,-0.5811993136097704,1.743675440098885,-0.5658020972047737,-0.5888984180666025
-0.4982624904029204,-0.17903501459726867,-0.17905331025910518,-1.4585131672136533,-0.09965205198882728,-0.8526160823771074,-0.3205488595750763,0.7784250262574651,0.8260698411210476,-2.532850553159674,1.4388555298144834,-0.5811993136097704,-0.5735012244843509,1.7674024273509945,-0.5888984180666025
1.2441351690738935,-0.36440033749170486,1.1045763230466468,-1.4623703331896405,2.5927346453709146,0.8458185060302851,0.4169066093189998,-0.6223548065519495,-1.2348969544738986,0.8168397711696993,0.22026128219113833,-0.5811993136097704,1.743675440098885,-0.5658020972047737,-0.5888984180666025
0.0045614441462893205,-0.3826648912598548,-0.48781969461489744,-1.0299466540007713,-0.34089206028237473,0.13982491806095024,0.7856343437660379,-0.6223548065519495,1.4787093263927806,-0.9815960222871654,-1.760557582183868,-0.5811993136097704,1.743675440098885,-0.5658020972047737,-0.5888984180666025
0.10648849892170419,0.9244125362324437,0.5157185653549126,-0.3543501127210839,1.461602209844036,0.4233494785095146,0.6934524101542784,0.31149841532099354,-0.8914024885414075,2.1343789300525144,1.7462001049603673,-0.5811993136097704,-0.5735012244843509,-0.5658020972047737,1.6980857297648633
-1.129071605804204,-0.4359875324558339,-0.8445982121640168,0.5888940292547808,0.6997871168407506,-1.543312392209576,-1.2984668177093222,-0.9725497647543032,1.272612646833286,-1.6403477897209007,0.07742097301028036,-0.5811993136097704,-0.5735012244843509,-0.5658020972047737,1.6980857297648633
1.249890879624987,0.9424607743249738,2.106035681808175,0.7031359125510068,-0.684314687421021,1.1714230831204617,0.5551795097366391,1.0118883317257008,-0.34181134304942185,1.948587993532651,0.7226785721970029,-0.5811993136097704,-0.5735012244843509,1.7674024273509945,-0.5888984180666025
-0.058172602737585476,1.0992921055622895,0.3301481965603527,-0.5935553234868965,-0.7309495055620171,-0.17584297589228118,-0.965822394857393,-0.155428195615478,-0.8914024885414075,-1.0879602514557765,-0.11230363797394716,-0.5811993136097704,-0.5735012244843509,1.7674024273509945,-0.5888984180666025
0.39064917432822455,-0.1834786762218528,0.7630321027320883,0.05344126124818303,0.9539767937316375,1.221363926848116,-1.1040952952750323,-0.038696542881360096,1.3069620934265351,-0.03042226856467506,-0.8994343644639234,-0.5811993136097704,-0.5735012244843509,1.7674024273509945,-0.5888984180666025
0.14417700894150348,-0.9364794277568841,-0.9887576627286062,-0.7935289394771953,0.12752850124358434,-0.6068335294873977,-1.2423681956926715,-1.206013070222539,0.1047314626628165,-0.9472751001200818,1.2112843815467698,1.7205801462309047,-0.5735012244843509,-0.5658020972047737,-0.5888984180666025
0.15316181830260986,2.36690526919005,-0.3616005396860437,-0.9547387896148283,-0.6402005299041276,-1.6806640971661024,0.2325427420954808,-0.6223548065519495,0.7230215013413004,0.35771590490303135,-0.8085518688798047,-0.5811993136097704,1.743675440098885,-0.5658020972047737,-0.5888984180666025
-1.6762393748436883,-1.4349748781588416,-0.8546923558693527,-0.6716148616588526,-0.630279360426469,0.32350018522284785,-0.6837608482825442,0.5449617207892293,1.3756609866130334,-0.7674189557652101,-1.208557945512394,1.7205801462309047,-0.5735012244843509,-0.5658020972047737,-0.5888984180666025
1.3740685956078516,1.549253150263331,-0.734338612685555,-0.8771064948394041,-0.09628732569649809,-0.4578813894438255,0.2325427420954808,0.19476676258687567,-1.131848614694151,0.760830231318767,0.9503924448930628,-0.5811993136097704,-0.5735012244843509,-0.5658020972047737,1.6980857297648633
-0.5177324499425059,-0.5882408554292985,0.40704961618999164,-0.5545234455730634,-0.6285927133047836,-1.9483469291055062,-1.1962772288867918,0.7784250262574651,0.5512742683750549,1.3510441714693127,0.9719354651281241,-0.5811993136097704,-0.5735012244843509,1.7674024273509945,-0.5888984180666025
0.08298586040285426,1.3920781782223237,0.0984003527661202,-0.5301335054726212,-0.15583089176789378,0.41321151257290206,-0.3205488595750763,1.1286199844598188,0.1734303558493147,-0.4620598618787528,-1.1958612516392981,1.7205801462309047,-0.5735012244843509,-0.5658020972047737,-0.5888984180666025
1.2714280902156518,-0.008328706074357149,0.4064741352129596,0.406733594174559,2.2115514465334662,0.35072213462533713,1.5508459166901634,0.7784250262574651,-0.8227035953549093,1.665707295129998,-0.13740035502639814,-0.5811993136097704,1.743675440098885,-0.5658020972047737,-0.5888984180666025
-0.7138326959840211,-0.9269060421363119,0.3368159510508631,-0.09131671320812691,-1.3689864846598871,0.2671126472695498,-1.3806410961103108,-1.206013070222539,-1.4753430806266423,0.9802112568826812,-1.2177691675749114,-0.5811993136097704,1.743675440098885,-0.5658020972047737,-0.5888984180666025
0.6648195397308558,-0.24049056024446325,-1.1563259402875712,1.4974228109478018,0.633941819721037,-1.9483469291055062,-0.044003058739797755,0.07803510985275779,-0.37616078964267097,-1.5050145353983302,0.769922905137627,-0.5811993136097704,-0.5735012244843509,-0.5658020972047737,1.6980857297648633
-0.0944358915538456,-0.019324123254185945,0.076702501203754,0.33832811281795655,0.35868144647217015,-0.8513628302262102,0.9415006537493741,-0.7390864592860674,1.1352148604602896,1.4483595742911206,-1.7454744681247731,1.7205801462309047,-0.5735012244843509,-0.5658020972047737,-0.5888984180666025
-0.20524184582148441,0.5227574093824359,0.3602725579769343,0.9119323472008105,0.7561701366698722,1.4357122327062903,0.2325427420954808,0.42823006805511143,0.7230215013413004,0.8394758740776859,1.1641972290765377,1.7205801462309047,-0.5735012244843509,-0.5658020972047737,-0.5888984180666025
0.2650161545410573,-0.9092896264049327,1.9544515858283389,-0.018581539227865058,2.9106337130660123,-0.5107592847382644,1.7756484250242581,0.19476676258687567,1.5130587729860296,-0.25380982807722563,-0.7427080932039654,-0.5811993136097704,1.743675440098885,-0.5658020972047737,-0.5888984180666025
0.05161170274221999,1.7503844567569822,-0.7563538716576405,0.04852061437345947,0.735559509340193,-1.3555084351274191,-1.3806410961103108,-0.038696542881360096,-0.4792091294224183,-0.4341995535604698,-0.37498838238985543,1.7205801462309047,-0.5735012244843509,-0.5658020972047737,-0.5888984180666025
-1.0961660149604797,1.9037504106809564,1.4990616887693733,-0.19758602163321687,0.34833832790009395,0.2444254318517534,-0.36663982638095605,-1.6729396811590105,-1.6127408669996386,0.4395064586915498,-0.01013700030442076,-0.5811993136097704,-0.5735012244843509,-0.5658020972047737,1.6980857297648633
1.2602945618029404,0.4831138016785226,0.0498353990918382,0.7522442772642652,-0.8177214684984021,-1.291684576370934,0.2325427420954808,-1.4394763756907747,1.5130587729860296,-0.6399269285431193,-0.37207609091456056,-0.5811993136097704,1.743675440098885,-0.5658020972047737,-0.5888984180666025
0.13703711077050856,-0.255464072841668,-0.23206921451606924,0.39097123725000077,0.5244461371648841,-1.1544715268290004,-1.2884591624985513,-0.038696542881360096,0.4138764820020584,0.6637531080741587,0.4987759170457411,-0.5811993136097704,-0.5735012244843509,-0.5658020972047737,1.6980857297648633
-0.3727831201252208,-0.683243799388315,1.246389764740018,1.1304086074302993,0.6827938935546872,0.7168726004576497,-0.1361849923515573,0.895156678991583,0.4138764820020584,-0.7767767770864317,-0.6832533700352754,-0.5811993136097704,-0.5735012244843509,1.7674024273509945,-0.5888984180666025
0.4334528261556019,0.6386939255137618,-0.3706062423065711,-1.4967102582346627,-0.9740916778859972,1.4278747866986725,-0.9952254269380983,-0.155428195615478,1.6848060059522751,1.770365834319942,0.13883474423171963,-0.5811993136097704,-0.5735012244843509,1.7674024273509945,-0.5888984180666025
-0.7696591867045072,1.0652340434317973,-0.24297743575670985,-0.21624452953617931,0.18256275064648553,-0.04146700940623685,0.1403608084837213,-1.5562080284248927,-0.719655255575162,-0.3016213379089261,-1.0664252720996459,-0.5811993136097704,1.743675440098885,-0.5658020972047737,-0.5888984180666025
-1.9442903689258062,0.26766013711790804,-0.3898809562255623,0.2781674781705065,0.38747516814488653,-1.2030649059142584,-1.0921164479708498,1.7122782481304082,-1.4753430806266423,0.10359656724728061,1.556750153116154,-0.5811993136097704,-0.5735012244843509,1.7674024273509945,-0.5888984180666025
0.03183856338830295,-1.1211384092876457,0.002381056115752938,-0.9023796722506561,-0.6144400149516294,-1.013950011608476,-0.09009402554567751,-0.2721598483495959,-1.131848614694151,2.1575364957276264,-0.5903654900386888,-0.5811993136097704,-0.5735012244843509,-0.5658020972047737,1.6980857297648633
-1.6931273099614783,0.16709497131642667,-0.4613585569425205,0.1962709779854132,-0.22841202768838012,1.6999854454724872,-1.0119133616632727,1.1286199844598188,-0.9257519351346566,-0.15026131620948607,1.7462001049603673,1.7205801462309047,-0.5735012244843509,-0.5658020972047737,-0.5888984180666025
-0.5116061949921453,-1.0880989532432312,1.3237618785480014,3.9568439329412595,-0.47372457872318396,0.4376939752274097,-1.3806410961103108,1.0118883317257008,0.03603256947631829,0.5386549752080569,-1.3351922929150981,-0.5811993136097704,-0.5735012244843509,1.7674024273509945,-0.5888984180666025
-1.2073633707242328,-1.216493772260517,3.7186160810459823,-1.803314887260497,-1.3380516032034235,0.2032513444811536,-1.3806410961103108,-0.7390864592860674,1.0321665206805424,0.8841987983401574,1.411610044510362,-0.5811993136097704,-0.5735012244843509,-0.5658020972047737,1.6980857297648633
0.029399280229629194,0.26696421433836265,-0.9770907435113504,0.06133963598914162,-0.6420124740555035,1.3518552162315767,-0.8286575213930389,1.5955465953962904,0.5512742683750549,-1.2400192840208157,1.1749103180707212,-0.5811993136097704,1.743675440098885,-0.5658020972047737,-0.5888984180666025
0.8317623930537025,0.048847157137058665,-0.4883085985213628,-0.5791333137802112,0.9822834192768948,0.5842064356660714,1.2701536163624343,-0.9725497647543032,-0.7540047021684111,0.39663525974679836,-0.5352490982923651,-0.5811993136097704,1.743675440098885,-0.5658020972047737,-0.5888984180666025
0.766360609869716,-0.3832841529092527,0.47283860522403287,-0.22449852278008983,-1.8671601896910253,2.4141278101450996,-0.6431856272162346,0.5449617207892293,-0.13571466348992722,0.6095402583584708,-0.49107870760487426,-0.5811993136097704,1.743675440098885,-0.5658020972047737,-0.5888984180666025
0.45231689881016435,-0.8511844223899817,0.4221432892112651,-0.6069728913508833,-0.7886348690920525,0.4274825361192771,0.5090885429307593,1.7122782481304082,0.5856237149683039,1.7543517945015712,0.20801660738227726,-0.5811993136097704,-0.5735012244843509,1.7674024273509945,-0.5888984180666025
-0.03085404132261069,1.4249611855751336,0.5115587292359167,0.13734347958593743,0.6295887591786489,1.192163471148908,-0.18227595915743702,0.07803510985275779,-1.063149721507653,0.3982400425407828,-2.033163113890085,-0.5811993136097704,-0.5735012244843509,-0.5658020972047737,1.6980857297648633
0.34898544855805574,0.38477373647219326,0.2475783730141497,0.5176665492230539,-1.3028576176283706,-0.978650717716527,-1.3806410961103108,0.42823006805511143,-0.6509563623886637,-0.2285062399867989,-1.4860402067937588,1.7205801462309047,-0.5735012244843509,-0.5658020972047737,-0.5888984180666025
-0.08319355960325144,0.6136800682521847,-0.6025573613615112,0.11604790236687557,-0.46226044524890103,0.09081743261430994,-0.598487064596786,-0.155428195615478,0.3451775888155602,-0.9449460681782759,-0.06389202882601301,-0.5811993136097704,-0.5735012244843509,1.7674024273509945,-0.5888984180666025
1.3379523023605542,-0.27523811760979794,-1.1623904459212124,-0.2154065252678593,0.024022318850505972,0.6482082387352988,0.0020879080660820017,-0.8558181120201853,-1.131848614694151,-1.8499563040576268,0.6187392016002327,-0.5811993136097704,1.743675440098885,-0.5658020972047737,-0.5888984180666025
0.5243474028947251,-0.6185976612207125,0.528707367525627,-0.45478648875485356,-1.850334848062437,-1.0011172435620317,0.8344709763167286,-0.7390864592860674,1.4443598797995316,-1.0881855629322092,0.8966398760812657,1.7205801462309047,-0.5735012244843509,-0.5658020972047737,-0.5888984180666025
1.0144345793865903,0.1364899845388321,-0.19678322868030185,0.7773649597399264,-1.8671601896910253,0.27418452012958766,-1.2884591624985513,0.5449617207892293,-0.03266632371017991,0.6906999161701656,-0.37805995222566724,-0.5811993136097704,1.743675440098885,-0.5658020972047737,-0.5888984180666025
-0.7593710860882271,-0.046649660974231094,1.1382911304610266,-1.775823995422146,-1.4171801499564154,-1.770316893090679,3.6524860343186734,-1.089281417488421,-0.6166069157954147,-0.2442050376236379,-0.6778434387626687,-0.5811993136097704,1.743675440098885,-0.5658020972047737,-0.5888984180666025
-0.3798808767341587,-0.1897785189414492,0.8354204416998733,2.916378855567934,-0.12007582464685913,-0.3407969763418847,0.4629975761248796,1.2453516371939366,-0.8227035953549093,1.4027994789766407,0.3307466637758747,1.7205801462309047,-0.5735012244843509,-0.5658020972047737,-0.5888984180666025
-0.21385525705304245,0.5845535748663444,1.3774370041675295,0.5043547222545159,-1.8671601896910253,-1.9483469291055062,3.1726125958580553,1.1286199844598188,-1.097499168100902,-1.5677675310235906,0.5011137510169629,-0.5811993136097704,-0.5735012244843509,-0.5658020972047737,1.6980857297648633
0.8057586569192077,1.206042626993875,1.05600923603679,0.7693789611122371,0.7887216780464344,1.1727560529406453,0.2325427420954808,-0.155428195615478,0.8947687343075459,2.1575364957276264,1.0247567695994477,-0.5811993136097704,1.743675440098885,-0.5658020972047737,-0.5888984180666025
-0.47487602552262526,1.3987164668400458,1.3155432270531413,1.0630911046680227,1.550615984390777,1.5875500454814795,-0.39751685222431626,0.19476676258687567,-1.3035958476603968,-0.5331816232858867,-0.9886741969691356,-0.5811993136097704,-0.5735012244843509,1.7674024273509945,-0.5888984180666025
-0.6781977484886849,0.25674481014913986,0.41074624340279375,-0.5933627918282663,0.05801025881643017,-0.5520586756996189,-0.28228166913732444,1.7122782481304082,1.0665159672737914,-1.8140647696683654,-0.37523250160369404,-0.5811993136097704,-0.5735012244843509,-0.5658020972047737,1.6980857297648633
0.7724168786213981,-0.25202509758354924,-0.7179744313514187,1.4886190328200122,1.611396235166568,-0.6827842778569373,-0.42151333358280835,-0.9725497647543032,0.276478695629062,-0.048386602884492626,-0.31718658990096993,-0.5811993136097704,1.743675440098885,-0.5658020972047737,-0.5888984180666025
-0.18641782961956263,-0.1770524952984034,-0.8230244034178337,-0.19757185055809925,3.0604996284381074,-0.5886064155457119,1.0554843260502502,0.7784250262574651,-1.131848614694151,0.8942536921957613,0.306690984023099,1.7205801462309047,-0.5735012244843509,-0.5658020972047737,-0.5888984180666025
-0.5869344743068441,-1.2674520287849271,-0.23774807683790614,0.9299847858878117,0.2838700219694704,-1.1710042199850639,-0.09009402554567751,0.895156678991583,-0.20441355667642544,-0.8591571478552321,0.8388292560891975,-0.5811993136097704,-0.5735012244843509,-0.5658020972047737,1.6980857297648633
-0.8556581588177855,-0.7048291160080596,-0.359506559218944,0.1508959103038111,0.4084416193270769,1.1139702397905829,0.5198508642698808,1.4788149426621724,0.03603256947631829,-0.1936614301386014,-1.12928103542907,-0.5811993136097704,-0.5735012244843509,-0.5658020972047737,1.6980857297648633
1.5963320277206074,-0.5232840273910759,-1.1987733196959511,0.11177468303998711,0.3677449843871409,1.680747825352023,-0.09009402554567751,-0.6223548065519495,-0.6853058089819128,0.29226814928631056,1.7462001049603673,-0.5811993136097704,-0.5735012244843509,1.7674024273509945,-0.5888984180666025
0.6150929460345913,-1.1335124690753282,0.4750997947472317,-0.7995751550696585,1.6804380034913222,2.381759039806876,0.5722675907630438,1.7122782481304082,-0.23876300326967453,0.16799028697898627,0.25199144772897625,1.7205801462309047,-0.5735012244843509,-0.5658020972047737,-0.5888984180666025
0.5278601453817231,-1.277829338704142,-1.2315395886696916,0.4130388541911985,-1.166920782795238,-0.21054308132325747,-1.150186262080912,-1.6729396811590105,0.4482259285953075,-0.7548891568580093,0.5265366784189288,-0.5811993136097704,-0.5735012244843509,-0.5658020972047737,1.6980857297648633
-1.619398609086222,-0.3109638407485062,0.6660737462651058,-1.3461856784345245,-0.32748354608888564,-0.10825354755281867,-0.4127307931868358,1.7122782481304082,-0.9944508283211548,-0.7862746051365391,-1.9634288327947147,-0.5811993136097704,-0.5735012244843509,1.7674024273509945,-0.5888984180666025
0.16360549653380613,0.3694521271580901,-0.14327959198689463,0.8972150068636331,0.480990196126151,0.824985630689677,-0.5049127267985953,-1.5562080284248927,-0.8914024885414075,0.9608041210149598,-1.2694475790880664,-0.5811993136097704,-0.5735012244843509,-0.5658020972047737,1.6980857297648633
-0.7907868746741457,-0.4742634780507426,-0.6438685892882855,1.8121583860653587,-0.6226347438908474,-0.2839328960160603,0.09426984167784153,-1.4394763756907747,-0.8914024885414075,-0.1258085451565729,-0.31022941433969486,1.7205801462309047,-0.5735012244843509,-0.5658020972047737,-0.5888984180666025
0.6814695690830481,-1.1534377946922594,1.3897357310170302,0.5050192720647355,0.36242914396652937,-0.6277753105266967,-1.0580043284691525,-0.7390864592860674,-0.27311244986292366,-1.6879085855608267,-0.5186125435319495,-0.5811993136097704,-0.5735012244843509,1.7674024273509945,-0.5888984180666025
-0.12058586515254487,-0.029290012083072293,-1.2823801819251195,-0.06100054464996437,1.2739015891420864,1.1545840888055385,-0.1361849923515573,1.1286199844598188,-0.9944508283211548,-0.04521227266720524,1.2996665170238701,-0.5811993136097704,1.743675440098885,-0.5658020972047737,-0.5888984180666025
0.5579977062591029,-0.8765098630888365,-0.5908507484585439,0.5672722881962916,1.576956004859689,-0.8179834317863296,-0.5096149754525596,-0.5056231538178316,1.3756609866130334,-0.8361826445644615,1.4499173982303248,-0.5811993136097704,-0.5735012244843509,1.7674024273509945,-0.5888984180666025
-1.652037766325797,0.6401056268876973,-1.8302463701959857,-0.521207376230341,-0.6979244283176855,-1.1544409021281812,1.8117781120442613,1.7122782481304082,-0.6509563623886637,0.8418104033324884,1.2186004885035795,-0.5811993136097704,-0.5735012244843509,1.7674024273509945,-0.5888984180666025
-1.174559636894782,0.5756990092809767,-0.719449217143631,-1.1292552473486297,0.10651556671609022,0.36289701720318923,-1.2884591624985513,0.07803510985275779,1.272612646833286,0.2980051245904997,-0.48918162836718165,-0.5811993136097704,-0.5735012244843509,-0.5658020972047737,1.6980857297648633
-0.15885222911903554,0.08889381793167955,2.524874708628693,0.15470598144694034,0.760797575963555,0.36984705308539345,-0.6431856272162346,0.07803510985275779,0.0016831228830691885,0.18979054431050782,-1.688419962948331,-0.5811993136097704,1.743675440098885,-0.5658020972047737,-0.5888984180666025
2.1899792053907934,-0.33085875853196656,0.35135640032943566,-1.6143468871946662,-0.9488483115099146,-0.6602135293292918,0.8317253105719177,0.7784250262574651,-0.9257519351346566,-0.2820211484506841,0.84300256434138,-0.5811993136097704,-0.5735012244843509,-0.5658020972047737,1.6980857297648633
-0.5475312470957275,-0.1092741195722187,1.1303736429126383,-0.6105007531290331,0.09786023824658013,1.3209051453524117,-0.5049127267985953,1.1286199844598188,-1.063149721507653,-0.19117344359532776,1.3555134686176116,-0.5811993136097704,-0.5735012244843509,-0.5658020972047737,1.6980857297648633
-1.4425966228382594,-1.0173315970643142,1.2132892785731129,2.1810297583219227,-0.49230067567494573,-1.5326438107100377,-0.044003058739797755,0.42823006805511143,1.4443598797995316,2.1575364957276264,-0.5779795770565853,-0.5811993136097704,-0.5735012244843509,1.7674024273509945,-0.5888984180666025
-0.23516687723508084,2.2935815150714394,-0.006658211332204377,-0.8516172268576734,2.410593106256936,-0.44372881812875026,-1.150186262080912,0.19476676258687567,1.1352148604602896,-0.5506787639939964,-0.008617039087760623,1.7205801462309047,-0.5735012244843509,-0.5658020972047737,-0.5888984180666025
-0.27891367728581534,-0.9850537878366494,-1.1931373785434414,-0.4272992434484783,-0.7420938576495139,1.9703080444589438,1.5972045952611094,-0.8558181120201853,-0.34181134304942185,-0.0856083660032437,0.58685197787646,-0.5811993136097704,1.743675440098885,-0.5658020972047737,-0.5888984180666025
-0.57906503536992,-0.45897187109802984,-1.5701195928721832,0.6155469895210138,1.7917026832547596,1.5486688795741517,-0.45769460698988806,1.0118883317257008,-0.44485968282916916,-0.9944059229809572,-1.8566820646810265,-0.5811993136097704,1.743675440098885,-0.5658020972047737,-0.5888984180666025
-1.1503653259734545,-0.8599192628809995,0.4469744571262697,0.5474281223324875,0.5266026400479872,0.5436500330387387,3.6241660966816194,0.42823006805511143,-0.17006411008317632,-1.2906587475405142,-0.2824221879737902,-0.5811993136097704,-0.5735012244843509,-0.5658020972047737,1.6980857297648633
-0.8664845914567266,-0.4178337291265717,0.313679888355461,1.1515995004871535,-0.49315521295321313,-1.6319795347789892,-1.2884591624985513,-0.38889150108371373,-0.03266632371017991,1.0730115021498077,0.9607774341316927,-0.5811993136097704,-0.5735012244843509,-0.5658020972047737,1.6980857297648633
0.23167861121952937,1.741146593660026,-0.22289164011772702,1.9214842782955497,0.582007371398421,0.3761800067882085,0.6934524101542784,-1.5562080284248927,-1.3035958476603968,0.8436799112828219,0.062015341139955944,1.7205801462309047,-0.5735012244843509,-0.5658020972047737,-0.5888984180666025
-0.3527095619025801,-1.2621595226275828,-1.0351335041621406,-1.2710800071317996,1.73420789225821,0.05690646160720991,-0.719865669818937,-0.155428195615478,-1.3035958476603968,-0.3910247362622293,-0.5680177513853345,-0.5811993136097704,-0.5735012244843509,-0.5658020972047737,1.6980857297648633
0.15967506637748555,0.2615408543493117,-0.5217150695982704,1.445643434803216,1.4540291468699778,1.5718860324135275,-0.22836692596331679,1.0118883317257008,0.2077798024425638,0.3744070299826982,-0.6451375675346246,-0.5811993136097704,-0.5735012244843509,1.7674024273509945,-0.5888984180666025
1.5809755973906663,0.7879979015370141,-0.4165910439979067,-0.7158902188940383,0.35929941379781405,-0.7173795929671254,0.6473614433483986,1.0118883317257008,1.0665159672737914,2.0420566221504606,-0.875359927243442,-0.5811993136097704,-0.5735012244843509,-0.5658020972047737,1.6980857297648633
0.3635716408296939,0.10007275573113587,0.3373415747683707,-0.2089446912061648,0.19351066534547468,0.006472170914504606,-0.9197314280515132,-0.038696542881360096,-1.715789206779386,-1.336074853539016,0.8303418562418026,-0.5811993136097704,1.743675440098885,-0.5658020972047737,-0.5888984180666025
-0.8023688362287787,-1.424333926956184,-1.8302463701959857,0.7813463771031052,-1.6188663629114586,-0.1714157331292857,0.4629975761248796,1.4788149426621724,1.5474082195792789,2.0049961826301317,0.2848482194600284,-0.5811993136097704,1.743675440098885,-0.5658020972047737,-0.5888984180666025
1.5437703729467542,0.30542968291857714,-0.12442695613139039,0.33706618660763005,-0.5891115951981702,-0.20158688498064103,-1.1962772288867918,-1.4394763756907747,1.4100104332062824,-0.26884402695346704,1.6343740250369496,1.7205801462309047,-0.5735012244843509,-0.5658020972047737,-0.5888984180666025
0.6276311338493932,-0.8818991414185229,-0.022896368575217308,0.6667380342192114,0.02215330580900053,0.196541597078493,-1.1040952952750323,-0.2721598483495959,-0.5479080226089165,-0.2647075773105657,0.8099171717480314,-0.5811993136097704,-0.5735012244843509,1.7674024273509945,-0.5888984180666025
0.3538091254026762,1.0081434066700747,0.11615301998052603,-0.8046939053217956,-0.8669393106428361,3.055850073278784,-1.2907229804161335,1.0118883317257008,1.1352148604602896,-0.9066743887329102,0.4996426158274964,1.7205801462309047,-0.5735012244843509,-0.5658020972047737,-0.5888984180666025
0.2530119346772095,-0.5415355624047652,-0.3337633430396418,-0.6514360796695781,-1.0673093042101796,0.8082792404558355,-0.6431856272162346,-1.6729396811590105,0.276478695629062,-1.0957626734608825,0.4718636852050175,-0.5811993136097704,-0.5735012244843509,-0.5658020972047737,1.6980857297648633
1.0794168123193622,-1.0931200423133491,-0.34590201916908797,0.37540001558207964,-0.3875471203949961,0.8090740086332728,-0.6431856272162346,-1.4394763756907747,0.1047314626628165,-1.4244195826337556,0.8546084123350852,1.7205801462309047,-0.5735012244843509,-0.5658020972047737,-0.5888984180666025
1.4914231865737018,2.304888454547274,-0.40862339102116807,-1.0471239510812582,-0.23955425192978183,2.647565514880249,-0.7353675608279941,1.4788149426621724,0.8604192877142968,-0.27939630626996753,0.7087983175061522,-0.5811993136097704,1.743675440098885,-0.5658020972047737,-0.5888984180666025
-0.7957064054303117,-0.4017304398076831,0.5005334253563087,2.2081081543705605,-0.4556816186691386,2.5460049647034073,0.1403608084837213,1.1286199844598188,-1.6470903135928878,0.7723660073331469,-1.2336934928448309,1.7205801462309047,-0.5735012244843509,-0.5658020972047737,-0.5888984180666025
-0.2164046357084636,-0.17823533418538007,0.5020219419224025,-0.08188876268604017,-1.6223070421069272,-0.03772202678578463,0.5090885429307593,-0.8558181120201853,-0.20441355667642544,-1.0397514373122663,1.1903355141105019,-0.5811993136097704,-0.5735012244843509,-0.5658020972047737,1.6980857297648633
-0.311751032874999,-1.8073225020301866,-0.024206534296825302,-0.8740428288077692,1.8189568164161876,-0.27788322407726884,1.565470933378052,1.1286199844598188,-1.063149721507653,-0.24066414777289596,1.7056379890488564,-0.5811993136097704,1.743675440098885,-0.5658020972047737,-0.5888984180666025
0.14844328906237547,1.8475302454927323,1.2436249886984538,-0.053292932646538935,0.3662073850038608,0.478910935763151,0.7856343437660379,-0.38889150108371373,-1.440993634033393,1.3938196769010758,1.5741341758663552,1.7205801462309047,-0.5735012244843509,-0.5658020972047737,-0.5888984180666025
-1.2845341095212117,1.9852095530189133,1.1796889848592595,0.6029372401899304,1.4382353359842621,-0.5065933253735815,-0.22836692596331679,-1.206013070222539,-0.5135585760156673,0.04573909637821332,-0.34509260052150037,-0.5811993136097704,-0.5735012244843509,1.7674024273509945,-0.5888984180666025
1.0006414993427901,-1.115089823226562,1.2043980827599388,0.7676986975693183,-0.6470725854601892,0.29681350538685636,-0.45882175999271557,0.42823006805511143,-1.2005475078806493,1.0262050207685975,0.12233459269869722,1.7205801462309047,-0.5735012244843509,-0.5658020972047737,-0.5888984180666025
0.05825741826328258,-0.01333180454384089,1.6074031207237467,-0.24909322169432077,0.5471194156845358,0.5220460381361972,-0.1361849923515573,-0.9725497647543032,-0.37616078964267097,2.1575364957276264,-0.4569604402804473,-0.5811993136097704,1.743675440098885,-0.5658020972047737,-0.5888984180666025
-0.6686819650974021,-0.8439022545087731,0.001576803485741322,-0.790690525234296,1.0561052181209736,-1.115284613922081,-1.1962772288867918,-0.6223548065519495,-1.1661980612874003,-0.7809338033966711,1.3773841329645828,-0.5811993136097704,1.743675440098885,-0.5658020972047737,-0.5888984180666025
2.8964241286760815,0.5143921130592953,-0.6248281929685121,2.1418825053188355,0.9616004347105462,0.3759169214451474,-0.8736404612456334,0.19476676258687567,-1.715789206779386,-0.156685580399439,1.0060951640578866,-0.5811993136097704,-0.5735012244843509,-0.5658020972047737,1.6980857297648633
-0.6758939787850086,1.5985265493409166,0.2678698137024204,0.1765343658122045,-0.24884508691889282,-1.107527829583121,-1.1962772288867918,-0.155428195615478,1.3756609866130334,-1.649896685598729,0.47523838142979247,-0.5811993136097704,1.743675440098885,-0.5658020972047737,-0.5888984180666025
-0.39228745961086925,3.0755694472134496,0.3871067821758792,-0.5670060449004404,1.0709582684354044,-1.7440695794772856,-0.45882175999271557,-0.9725497647543032,0.7230215013413004,-0.5119069155847769,-0.2965974807545074,-0.5811993136097704,1.743675440098885,-0.5658020972047737,-0.5888984180666025
-0.7270487425557566,-0.8085869284016269,-0.9845348534636782,-0.18029690130079865,2.440582501776715,1.6600917797129289,3.113621385453746,-1.5562080284248927,-0.4792091294224183,-0.8055049052146569,-1.620334173186159,-0.5811993136097704,1.743675440098885,-0.5658020972047737,-0.5888984180666025
0.746225538920627,-0.657866602189655,-0.5102599462191819,-0.569318547367186,-0.5599749710029596,-0.5085132347483285,-0.4127307931868358,0.7784250262574651,-0.10136521689667811,0.3222108693135293,-0.038195156705519255,-0.5811993136097704,-0.5735012244843509,-0.5658020972047737,1.6980857297648633
0.0685365355225335,1.1758662414915615,-0.6762754637556582,0.6876239279717041,-1.8671601896910253,0.6140510940178399,0.8317253105719177,-1.206013070222539,0.7573709479345494,0.2999828156368133,-2.008686041426951,-0.5811993136097704,-0.5735012244843509,-0.5658020972047737,1.6980857297648633
0.3490299880706845,-0.3966138754563408,0.8342655056794827,-0.5740816671104617,3.539740249692494,-0.4053538164596014,-0.881723606786538,1.1286199844598188,-1.715789206779386,-0.4332341315009828,0.5152128093649636,-0.5811993136097704,1.743675440098885,-0.5658020972047737,-0.5888984180666025
-1.1877347375668479,2.259539055372267,0.3338775676045456,0.06252742155224217,-0.3226395276324858,-1.7293173522659657,-0.5970946604103549,-1.6729396811590105,-0.5822574692021656,-0.9266352545554103,-0.273430296145675,1.7205801462309047,-0.5735012244843509,-0.5658020972047737,-0.5888984180666025
-0.1851341513079563,-1.0940706052089617,0.2576697901411215,-0.18139956275318295,-1.5894217463106022,-0.20303821332360836,-1.0119133616632727,-1.5562080284248927,-1.5783914204063896,0.3902227725023152,-0.39596684046591046,-0.5811993136097704,1.743675440098885,-0.5658020972047737,-0.5888984180666025
-1.4277980420340302,-0.08664692609030798,1.320072773551123,-0.053901098173732516,-1.0507028931769218,-0.45257817622613017,0.5090885429307593,1.1286199844598188,0.1047314626628165,-0.4804604134894515,-0.4295932586641996,-0.5811993136097704,-0.5735012244843509,-0.5658020972047737,1.6980857297648633
1.3316004517588287,-0.04812925883569148,-1.8104178055285944,-0.9346435147727871,0.11025569334143584,-0.5233582672287835,-0.8275494944397537,1.3620832899280546,-1.3379452942536458,-1.626837530447388,-0.2387989047900004,-0.5811993136097704,-0.5735012244843509,-0.5658020972047737,1.6980857297648633
-0.03534325883058255,0.09673961433733302,-0.505668165498846,-0.2253783428119169,-0.20212955781197134,-1.5169137482492574,0.09426984167784153,-0.2721598483495959,-1.406644187440144,0.7128728558996935,-2.0806544273325445,1.7205801462309047,-0.5735012244843509,-0.5658020972047737,-0.5888984180666025
1.2774691765120605,-0.705849243660185,-0.6681567099168557,0.5840458219653942,0.0790028206033518,-0.6328316823311226,-0.4127307931868358,0.19476676258687567,0.929118180900795,0.8208894586867846,1.1697186907115882,-0.5811993136097704,-0.5735012244843509,-0.5658020972047737,1.6980857297648633
-1.6008690636360006,-0.7887936020453351,0.22160319808530393,0.05641988105824069,1.1874515120252997,-0.05528348592145779,2.3090557422074753,0.7784250262574651,1.3756609866130334,-0.872450415538029,1.4771325887332911,1.7205801462309047,-0.5735012244843509,-0.5658020972047737,-0.5888984180666025
-1.142989131594446,-0.5785247767021665,1.1427367070287575,3.2739353543271497,0.13870786047690753,-0.3443902204282746,0.5551795097366391,0.42823006805511143,0.6886720547480513,-0.9668287546825122,-1.818218873392601,-0.5811993136097704,-0.5735012244843509,1.7674024273509945,-0.5888984180666025
-0.6337695813093263,0.7932229344281118,1.9747615621045962,1.0060610805451464,0.046252437479649404,0.7971416047699589,-1.2423681956926715,1.7122782481304082,0.8604192877142968,0.6014931603903685,-1.647316269102761,-0.5811993136097704,-0.5735012244843509,1.7674024273509945,-0.5888984180666025
0.07197266865544484,-0.5135470016499623,-0.05885893595583743,1.7148977422814153,-0.1649628850528476,0.8771975924388309,0.5551795097366391,1.7122782481304082,0.37952703540880933,1.174379962700661,1.5120140282350705,-0.5811993136097704,1.743675440098885,-0.5658020972047737,-0.5888984180666025
0.5389020706004075,-0.6242376198759111,0.4343074657624749,-0.7078175802621318,1.5767260293816463,-0.013581824305678917,-0.1883969671884086,-0.6223548065519495,1.2039137536467879,-0.3940059978507829,-2.14060982008272,-0.5811993136097704,1.743675440098885,-0.5658020972047737,-0.5888984180666025
-0.9922120148674866,1.3993828058127402,-1.8302463701959857,-0.260088937677771,-1.684592966425764,1.3141851755591616,0.4169066093189998,1.3620832899280546,-0.6166069157954147,-0.0982550628950111,1.476838942507862,-0.5811993136097704,1.743675440098885,-0.5658020972047737,-0.5888984180666025
-0.08044255345596021,-0.0027329107255022467,0.3464695100685822,1.305837540162409,-1.4720416542277357,-1.9483469291055062,0.18645177528960105,-0.5056231538178316,-0.10136521689667811,2.1575364957276264,-1.5756874539235863,-0.5811993136097704,1.743675440098885,-0.5658020972047737,-0.5888984180666025
0.6853361148166697,-0.11590407147084107,-1.3192844428200885,-0.5548710401502531,-1.8671601896910253,0.44280013657633555,-0.8275494944397537,0.42823006805511143,1.3756609866130334,1.233902428618349,0.6816274029122984,-0.5811993136097704,1.743675440098885,-0.5658020972047737,-0.5888984180666025
-0.5905122715747237,2.995363313112243,1.5502615540470444,1.2194816110851425,0.08326196706838805,0.685664414840595,-0.5049127267985953,1.7122782481304082,0.929118180900795,-0.43249850594992645,0.4482579459376304,-0.5811993136097704,1.743675440098885,-0.5658020972047737,-0.5888984180666025
-0.13077612419935966,0.8663189509395764,1.3033614009607928,0.029363572064828775,-1.7566042978425596,0.8213751196122253,-0.5970946604103549,0.6616933735233472,1.4100104332062824,-1.939487324533641,0.5997454548327177,-0.5811993136097704,1.743675440098885,-0.5658020972047737,-0.5888984180666025
-0.3160623715986237,-0.46856467619102354,-0.30175527508102823,0.4002686994372224,0.009314874306127022,0.6796342042536166,-0.22836692596331679,-1.4394763756907747,1.0665159672737914,0.7594637531474202,-0.689777118100651,-0.5811993136097704,-0.5735012244843509,-0.5658020972047737,1.6980857297648633
-0.10647477752076094,1.2176456670781777,0.45546800623071154,0.7592222384101426,0.9341091891392681,0.5497443469091855,3.086070458628575,-0.6223548065519495,1.6161071127657771,0.3878873541549063,0.5098162231929885,-0.5811993136097704,-0.5735012244843509,-0.5658020972047737,1.6980857297648633
0.2408233778985858,-0.26292198977092607,-1.0839090217774308,0.4506876288701485,0.7513958743534548,0.4183215823745825,0.6934524101542784,1.3620832899280546,0.4138764820020584,0.9325463728626816,1.0670688000120339,-0.5811993136097704,-0.5735012244843509,-0.5658020972047737,1.6980857297648633
0.8029505413662125,0.29496755016894927,0.9386957236555645,-0.8940502006558346,0.4706684499665733,-0.1014076287965845,-1.1962772288867918,-1.4394763756907747,-0.20441355667642544,1.0432956470109795,1.7462001049603673,-0.5811993136097704,-0.5735012244843509,-0.5658020972047737,1.6980857297648633
-0.7284135922698423,0.11247684630711981,-1.3353474694488148,-1.2455089114909148,-0.33551108760241144,0.7003474854263392,0.2325427420954808,-0.9725497647543032,1.3756609866130334,-0.4768256095018096,-0.34705328079591774,-0.5811993136097704,-0.5735012244843509,1.7674024273509945,-0.5888984180666025
0.7243344699935246,-1.3336739397561563,-0.2088906983404862,-0.9545765865884658,-0.39133284174962873,0.3610760519840007,0.4629975761248796,-1.5562080284248927,1.2382632002400369,-1.629954065202164,1.7462001049603673,-0.5811993136097704,1.743675440098885,-0.5658020972047737,-0.5888984180666025
0.6866525990174802,-1.3578510702079345,-0.10860650046431168,0.058499441164185345,-0.45753459706819466,2.102695315905044,-0.8056834113219079,-1.6729396811590105,-1.5440419738131403,0.2563736425349092,-0.234693292663986,-0.5811993136097704,-0.5735012244843509,-0.5658020972047737,1.6980857297648633
-1.9442903689258062,-1.026183851407461,-1.8302463701959857,-1.803314887260497,0.7908788576809178,1.0847383080363897,0.3056228330210443,-0.5056231538178316,-1.2005475078806493,0.1381967331058644,1.148505747037265,-0.5811993136097704,1.743675440098885,-0.5658020972047737,-0.5888984180666025
1.05958524828609,-0.8842695837058225,-0.7471265694707512,1.3360192984967403,-0.5615648314697853,-0.0020585133607461245,-0.6892765940221144,-1.4394763756907747,-0.34181134304942185,0.2922216564372386,1.640339117512588,-0.5811993136097704,-0.5735012244843509,1.7674024273509945,-0.5888984180666025
-0.4463214221952221,-0.20126301884125614,-1.4240050570699803,1.311589905348416,-0.0036208253024783204,-0.36828934517019946,-0.5970946604103549,1.1286199844598188,0.1390809092560656,0.350315478665437,0.2550114288478975,-0.5811993136097704,1.743675440098885,-0.5658020972047737,-0.5888984180666025
-1.7723671084384427,-1.6062374207059011,0.03307775291915156,-0.5779988607085057,-0.41545917785227066,-1.446296497044369,-0.18227595915743702,-1.4394763756907747,1.2039137536467879,1.3321772338966191,0.8977689956214212,-0.5811993136097704,-0.5735012244843509,-0.5658020972047737,1.6980857297648633
-0.28095562523698653,0.01494070900068598,-1.7823188791426197,-0.9822602361291126,-0.9096840412558119,0.35430688619033046,0.8317253105719177,0.5449617207892293,0.276478695629062,-0.5176125707161443,-0.46179899953334774,1.7205801462309047,-0.5735012244843509,-0.5658020972047737,-0.5888984180666025
0.43723615780097386,-0.0022651542022530686,-0.9984679720310332,-0.06333380874480224,-0.629007692958181,-1.41510367130594,-0.8839507196167968,1.5955465953962904,1.3756609866130334,0.2842796349409089,0.6574678036062642,1.7205801462309047,-0.5735012244843509,-0.5658020972047737,-0.5888984180666025
-0.5586672064308931,-0.6857013953450334,0.4158917819586156,1.1853515223129947,1.6311872367406082,1.5721093861103042,2.9350311593805847,0.7784250262574651,-0.719655255575162,-0.16031027831211644,-1.706703795982381,-0.5811993136097704,-0.5735012244843509,-0.5658020972047737,1.6980857297648633
1.1624800720900985,0.04691589286521187,-0.07428866480462218,1.2269192189433171,-0.8473748833136387,-0.616613701218186,0.5090885429307593,0.19476676258687567,1.6504565593590261,0.809927998718226,0.5924111943414154,-0.5811993136097704,1.743675440098885,-0.5658020972047737,-0.5888984180666025
0.022488325698565063,-1.6290250931635926,1.4012378205546587,-1.7775796158685153,-0.6764106435164705,-0.3665909094315262,-0.5970946604103549,-1.206013070222539,-1.6814397601861368,0.46988399203862546,-1.1385459157606634,-0.5811993136097704,-0.5735012244843509,1.7674024273509945,-0.5888984180666025
-0.19017671545190865,1.6324101053678874,-0.6865549442189337,-0.3792802633640145,0.9982041784358407,-0.2810335831825971,-0.8275494944397537,-0.8558181120201853,-1.6127408669996386,-0.48613517205458795,0.6316163240587518,1.7205801462309047,-0.5735012244843509,-0.5658020972047737,-0.5888984180666025
-0.005920308032712761,-0.6829212318165612,-1.8302463701959857,1.1810798786235153,-0.4935046670335465,1.3379928387150082,-0.7353675608279941,-0.038696542881360096,1.4100104332062824,0.986330650661512,1.3429054164405652,-0.5811993136097704,-0.5735012244843509,1.7674024273509945,-0.5888984180666025
-0.507495610957505,-0.0981199644187308,-0.02220204309464793,0.8078458402331086,-1.2411030354611734,-0.19039394940235654,-0.6892765940221144,-0.8558181120201853,0.4138764820020584,0.34928942917237715,0.18470183349032546,-0.5811993136097704,-0.5735012244843509,1.7674024273509945,-0.5888984180666025
-1.5249087732082587,-0.6913728941385674,0.1968710459459722,-0.12086873185740775,-1.1288045869207892,-1.9076008873380579,-0.45882175999271557,0.5449617207892293,0.8260698411210476,0.04196072021272809,0.9891872411157234,-0.5811993136097704,-0.5735012244843509,-0.5658020972047737,1.6980857297648633
2.484427225705994,-0.9823921861757147,-0.45219408810890593,-0.5672525453464516,-0.18263643131506316,0.12787405125477397,-0.8736404612456334,-1.5562080284248927,-0.5479080226089165,-1.3210350805651947,0.3039698787544481,-0.5811993136097704,1.743675440098885,-0.5658020972047737,-0.5888984180666025
0.7532276023670755,0.7147125196120032,0.26042406529598483,-0.2947398891255338,-1.524782154948598,-0.6568202570938402,0.0020879080660820017,-1.322744722956657,-1.5096925272198913,-0.2895195496356413,0.47433686471096026,-0.5811993136097704,-0.5735012244843509,1.7674024273509945,-0.5888984180666025
-1.5896605750200419,0.30818153107657437,2.0494162196291374,1.101286554391533,-1.8671601896910253,1.132436270664138,-1.128222549539802,-1.5562080284248927,-0.5135585760156673,0.814360708105651,-0.7640065250223343,1.7205801462309047,-0.5735012244843509,-0.5658020972047737,-0.5888984180666025
0.7693252697329344,0.31883078507809104,-0.43582784329324614,-0.20842210534628344,-1.0195527368594028,0.31850468273445137,0.2325427420954808,1.4788149426621724,0.963467627494044,-0.25046965110452274,1.7462001049603673,-0.5811993136097704,-0.5735012244843509,1.7674024273509945,-0.5888984180666025
0.9478508343815943,0.15065656087772025,-0.1940912444716473,-1.3553403088979543,0.36694628166370113,1.3497955077509203,0.18645177528960105,-1.4394763756907747,0.619973161561553,0.17618337097392742,1.094955307002259,1.7205801462309047,-0.5735012244843509,-0.5658020972047737,-0.5888984180666025
-0.3114048258866068,-1.6622870127808294,-1.6823863725031738,-0.5876636112715897,0.98814139308628,0.5239186469242939,1.1094253741192717,0.42823006805511143,-0.41051023623592003,-2.0665776887125547,0.6362620640926667,-0.5811993136097704,-0.5735012244843509,-0.5658020972047737,1.6980857297648633
-1.099674913724795,-0.00554148109760703,0.4101551035376787,-0.3948332587645243,1.51174274650399,2.699162277892981,-1.0140661569566332,-1.322744722956657,-0.13571466348992722,-1.2214976625968745,-0.587155655774673,-0.5811993136097704,1.743675440098885,-0.5658020972047737,-0.5888984180666025
-0.3507513198736266,-0.7938449976497747,-0.3030964776742274,0.47263890291165445,0.02494492260058477,-0.6069054082600954,-1.0119133616632727,-0.8558181120201853,-0.5135585760156673,-0.380411208755813,-0.19955224504252206,-0.5811993136097704,-0.5735012244843509,-0.5658020972047737,1.6980857297648633
-0.4090952424392911,2.558164290434712,0.26531015565774785,-1.6510856424606462,-1.1192138467025865,-0.8224392495595704,0.4629975761248796,-1.4394763756907747,0.7573709479345494,-1.0043873629074536,1.236356758678783,-0.5811993136097704,1.743675440098885,-0.5658020972047737,-0.5888984180666025
1.329082082033021,-0.09877751815773163,0.25396634581096655,-0.3335877469093769,-0.05737114499117338,-1.1355558358549063,-0.6431856272162346,0.07803510985275779,0.9978170740872931,-0.6578570335698415,0.2675504332762797,-0.5811993136097704,1.743675440098885,-0.5658020972047737,-0.5888984180666025
-0.7392632946335234,-0.16993591910866,2.2156753342205393,-0.47431577749682385,0.3274873279935806,1.9633090154319557,0.1403608084837213,1.4788149426621724,0.963467627494044,1.3851298659815052,0.6329871195266719,1.7205801462309047,-0.5735012244843509,-0.5658020972047737,-0.5888984180666025
0.22807342841130596,-1.8073225020301866,1.842420610392502,-0.5395258930533418,0.4366901206216835,2.561759979979693,-0.8736404612456334,-0.9725497647543032,0.0703820160695674,-0.32740823183066486,-1.913215302037769,-0.5811993136097704,1.743675440098885,-0.5658020972047737,-0.5888984180666025
-0.1865878865960847,-1.4231607645645683,2.145682098020556,0.39266249032420997,-0.08388028531001158,1.9915009023352426,-0.6892765940221144,-0.155428195615478,0.8604192877142968,-0.3387353874130128,-0.4249345464368196,-0.5811993136097704,-0.5735012244843509,-0.5658020972047737,1.6980857297648633
0.07825579316423632,0.9165883659044429,2.063465830274052,-1.803314887260497,-0.7660697363320856,0.7795575841293727,-0.5510036936044751,0.31149841532099354,-1.6814397601861368,0.17519892094751338,-0.821580676682082,1.7205801462309047,-0.5735012244843509,-0.5658020972047737,-0.5888984180666025
0.6757386175951818,-0.595771337887539,0.8093940733416629,0.6329128150174904,-0.7760611282626605,1.9026992065744996,0.6473614433483986,0.895156678991583,-0.41051023623592003,0.7329962582367843,-0.027150230554564506,1.7205801462309047,-0.5735012244843509,-0.5658020972047737,-0.5888984180666025
0.5275244832981627,-1.095898500163141,-0.7410087507807295,1.6831366058511623,-0.740713775740341,0.4678786951557494,-0.18227595915743702,0.19476676258687567,0.0703820160695674,1.3311168482556732,0.3908993592881776,-0.5811993136097704,-0.5735012244843509,1.7674024273509945,-0.5888984180666025
-0.9005330267380774,0.9404669964343269,0.9308054328202776,1.9620837435527783,-0.3791193225221563,0.6120598653861253,-0.22836692596331679,-0.5056231538178316,0.0016831228830691885,2.1575364957276264,0.8912534895575087,1.7205801462309047,-0.5735012244843509,-0.5658020972047737,-0.5888984180666025
-1.4189775751762714,3.2710268342020887,1.1586821961526226,-0.6094144323051163,-0.6261771460413664,-0.28642538821790503,0.0020879080660820017,-1.4394763756907747,1.1352148604602896,-0.8220936622120817,0.13271855417386091,1.7205801462309047,-0.5735012244843509,-0.5658020972047737,-0.5888984180666025
-1.4350231239537852,0.14279283162253326,-1.4867364664188583,0.14298949975025413,1.3633988830683024,0.8235273743347965,-0.5510036936044751,1.0118883317257008,-0.7540047021684111,0.6039196823491387,0.1876760179152003,-0.5811993136097704,1.743675440098885,-0.5658020972047737,-0.5888984180666025
1.3378852478154686,-0.9501435752227929,-1.1458568883052291,-1.0588568280837902,0.09875305745461337,-0.41956066951521276,0.8317253105719177,0.42823006805511143,-1.3035958476603968,-1.9722813110067996,-1.4637000507441225,1.7205801462309047,-0.5735012244843509,-0.5658020972047737,-0.5888984180666025
2.3199566542040433,0.4991536238242152,-0.30734974029200973,0.10738963723137274,-0.7457322604375972,0.9594885232145501,0.0020879080660820017,0.6616933735233472,0.0703820160695674,-0.05967801879154744,0.13725511178045888,-0.5811993136097704,-0.5735012244843509,-0.5658020972047737,1.6980857297648633
-0.46991337576829656,0.8966069735573751,-1.476477620743021,0.8548045787089071,-0.1557987161978014,-0.3352530791106911,1.4904169256618094,0.5449617207892293,1.4787093263927806,-0.870075330058915,0.30100860182697997,-0.5811993136097704,-0.5735012244843509,-0.5658020972047737,1.6980857297648633
-0.09450579587945097,-0.640252107785665,2.952607268215785,0.767826625652342,0.11709542320659412,1.3670711478438586,-0.6431856272162346,-1.089281417488421,0.1047314626628165,0.8613474295264598,-1.0351283739236485,-0.5811993136097704,-0.5735012244843509,1.7674024273509945,-0.5888984180666025
0.1911818424044226,-0.2959819727510698,0.17578258715497402,-1.3008676070180871,0.010353833862122122,-1.7994413417490804,-0.1361849923515573,-0.5056231538178316,1.3069620934265351,-0.8185857065371687,-1.3495728505367575,-0.5811993136097704,-0.5735012244843509,1.7674024273509945,-0.5888984180666025
-1.1502892749648364,1.7107142023017843,0.7025860842430316,1.2843351412186363,0.024815265945333613,-0.8830412100106081,-0.7814585276338739,-0.9725497647543032,-1.406644187440144,1.042613500907072,0.2738453131090528,-0.5811993136097704,-0.5735012244843509,1.7674024273509945,-0.5888984180666025
0.4380692090684281,0.18289752486561378,0.6239667912096163,0.9897366106645985,-0.9141816906445096,0.8581962178604389,-1.2423681956926715,-1.5562080284248927,-1.0288002749144038,0.9397370267971545,-0.1675226858434297,-0.5811993136097704,1.743675440098885,-0.5658020972047737,-0.5888984180666025
-0.20889305719013088,-1.3066674920498693,0.42103665627438736,0.5653722480206517,0.14186799661342822,1.5200743583904572,-0.18227595915743702,0.5449617207892293,0.4138764820020584,-0.5897191049776949,1.3120383523494625,-0.5811993136097704,1.743675440098885,-0.5658020972047737,-0.5888984180666025
-0.5601266630667215,-0.34068881826866276,0.9844326540883497,0.2078709025526713,-0.620312362634507,2.051517721996266,-1.3806410961103108,1.0118883317257008,-0.6166069157954147,-0.640561448196375,1.6725924605062599,1.7205801462309047,-0.5735012244843509,-0.5658020972047737,-0.5888984180666025
-1.4418763729568547,-0.3766319916778517,0.9595813055004158,0.3682479049433148,-0.4658367798419812,-0.15636350541940852,-1.1962772288867918,-0.9725497647543032,-1.3379452942536458,-0.592808570201358,-1.792765064202797,1.7205801462309047,-0.5735012244843509,-0.5658020972047737,-0.5888984180666025
-1.019262020068374,-0.41685846965794465,-0.95218916903961,-0.45129304222795336,0.7224332277809129,-1.464631741408702,-0.9539597112035639,-0.5056231538178316,-1.0288002749144038,1.5455910809936415,-0.44370638701925036,-0.5811993136097704,-0.5735012244843509,1.7674024273509945,-0.5888984180666025
-1.0177113017805528,1.5265964865205135,-0.1501358160402568,0.4111157573595121,-0.9464194415054279,-0.4095157106990923,-0.9197314280515132,-1.5562080284248927,-1.6470903135928878,-0.93353131877545,1.2220594308381816,-0.5811993136097704,-0.5735012244843509,-0.5658020972047737,1.6980857297648633
-1.7313580034383633,-0.38550711675498217,-1.5972758356377217,0.04642559829448542,-1.0984825686302049,1.7215107712926052,-0.4127307931868358,1.0118883317257008,-0.10136521689667811,0.18781700020724137,-0.2423714945539058,-0.5811993136097704,-0.5735012244843509,-0.5658020972047737,1.6980857297648633
0.3015831594490625,0.7098509006232748,-1.8302463701959857,0.2917121367245567,0.8517810658353261,1.5316289161127488,0.8778162773777974,0.5449617207892293,1.0321665206805424,-0.6888330119568723,1.2498723681831514,-0.5811993136097704,1.743675440098885,-0.5658020972047737,-0.5888984180666025
0.0686309330008488,-0.042622781619972364,0.016401941022722907,-1.1097931888456973,0.4889945746103487,-0.5146334540248287,1.0650795962154882,-0.6223548065519495,-1.2005475078806493,-1.7449294583645805,-1.187393786525409,-0.5811993136097704,-0.5735012244843509,-0.5658020972047737,1.6980857297648633
1.1857107232871071,2.0003761676677247,-0.21234902319195922,-0.43887410199234766,-0.9334433730672607,-0.5686382504227079,0.0020879080660820017,1.2453516371939366,-0.9944508283211548,-1.6037333046480016,0.5347949589703782,-0.5811993136097704,-0.5735012244843509,1.7674024273509945,-0.5888984180666025
0.15480367928809308,-0.2478298065252727,0.26984624863490286,0.9660255848749706,3.971519165209006,-0.0739769186555367,3.3045515345371634,0.6616933735233472,0.7573709479345494,-1.5015937781413675,-0.042353376057431315,-0.5811993136097704,1.743675440098885,-0.5658020972047737,-0.5888984180666025
2.408849355301392,-0.19466170163283694,-0.5797521541555972,-0.18119758249883375,0.13093355221009464,-0.9231141279927916,-0.6892765940221144,0.895156678991583,0.3108281422223111,-2.4508164509467325,0.08542386521454191,-0.5811993136097704,-0.5735012244843509,-0.5658020972047737,1.6980857297648633
1.2355715765072013,0.7182300688200823,-0.5551142285883419,-0.3431148214061982,0.5742991182231698,0.42624426832115997,-1.2884591624985513,-0.2721598483495959,1.4443598797995316,0.1917209076355372,1.7462001049603673,1.7205801462309047,-0.5735012244843509,-0.5658020972047737,-0.5888984180666025
-0.4399973754441107,0.4699641866948618,-0.2999033849101244,1.0242508840599656,-0.8914024555927911,-1.065486330019841,-1.0763813353520602,1.4788149426621724,-0.9601013817279057,-0.7677611467558861,1.2736529973092343,-0.5811993136097704,-0.5735012244843509,-0.5658020972047737,1.6980857297648633
1.3998078743473155,0.16355806247761154,-0.7515289456552937,-0.6284620933365425,-0.7151520463623923,-0.5512412265114917,-1.2884591624985513,1.7122782481304082,0.5856237149683039,1.3824441766519495,0.5494872887137271,-0.5811993136097704,-0.5735012244843509,-0.5658020972047737,1.6980857297648633
0.2196861461156278,-0.6983471675037786,0.9481790752661982,-0.6533396704493691,2.0483080390290977,-0.8512911494818118,0.5739272638211423,0.42823006805511143,-1.406644187440144,0.22129436960947188,-0.7446313435731098,1.7205801462309047,-0.5735012244843509,-0.5658020972047737,-0.5888984180666025
0.28128014917440974,0.4628629723032866,-0.5118411599489662,-0.11835824878473364,0.13164081895164956,1.124137728190597,-0.0059530157944078016,0.5449617207892293,0.0703820160695674,0.6386079829146899,-1.2837278633246927,-0.5811993136097704,1.743675440098885,-0.5658020972047737,-0.5888984180666025
-1.3711117689725996,-0.5123687878925118,-0.28899355434982554,1.5380232682256885,0.26895983435081994,-1.9483469291055062,0.1403608084837213,0.42823006805511143,1.3413115400197841,0.2791264723519259,1.0606854574011235,-0.5811993136097704,1.743675440098885,-0.5658020972047737,-0.5888984180666025
1.2954109528454802,-0.7940004583883172,-0.6399819154517111,0.1098410502278426,0.842132324055072,0.07011625185086001,-1.3806410961103108,-1.206013070222539,-0.34181134304942185,-1.12305486426105,-0.19694537212326743,-0.5811993136097704,-0.5735012244843509,1.7674024273509945,-0.5888984180666025
0.7512557202310701,-0.5079505570277746,0.006898370203966832,1.5055942261304254,-0.2554991577259227,0.5331323557704021,0.37081564251312005,-0.7390864592860674,1.3756609866130334,0.15711366823836234,-0.5704479339420654,-0.5811993136097704,-0.5735012244843509,-0.5658020972047737,1.6980857297648633
0.681099828499619,-0.4692181397251093,-0.1437960489326717,-0.35478605734760793,-0.9570434608263898,0.11432417437705072,-0.8736404612456334,-1.5562080284248927,0.3451775888155602,0.7124358040770243,0.5360223256109203,-0.5811993136097704,1.743675440098885,-0.5658020972047737,-0.5888984180666025
-1.0196518785031767,0.29259792848642163,-0.6074483761581386,-0.3246507084947335,3.1352291261016374,-0.7360477780176744,-0.20045223508057483,-0.5056231538178316,-0.8227035953549093,1.0228618173118003,0.18475924784474881,-0.5811993136097704,1.743675440098885,-0.5658020972047737,-0.5888984180666025
-0.30508555062573023,-0.15579544670852422,1.3220289082380294,0.3189990276614462,0.26475003344426673,-0.7218811612961272,0.32472467570724034,0.42823006805511143,-1.5440419738131403,1.0105928374427298,-0.2056886784184458,-0.5811993136097704,-0.5735012244843509,1.7674024273509945,-0.5888984180666025
-0.09276332198593859,0.31908123440571334,0.24661537204042114,3.824456316471358,-0.629490049054264,-0.5398748340638133,-0.5970946604103549,-0.5056231538178316,-0.5479080226089165,-0.3836364488473048,-1.1708555346137244,-0.5811993136097704,-0.5735012244843509,1.7674024273509945,-0.5888984180666025
-0.10549576434040259,0.06717072421227212,-0.955379121629928,-0.6687403108662638,-0.509723601998461,0.6746383952136559,-1.3806410961103108,0.6616933735233472,-1.6470903135928878,-0.7193625429109908,-1.2817403342793168,1.7205801462309047,-0.5735012244843509,-0.5658020972047737,-0.5888984180666025
-0.4887996435854577,0.8129117966649108,-0.22078155682600897,-0.44479055421005126,-0.12410986911544232,0.26311405012767913,-1.2423681956926715,-0.9725497647543032,-0.8227035953549093,0.24390115994408162,-0.0037876949282687556,1.7205801462309047,-0.5735012244843509,-0.5658020972047737,-0.5888984180666025
0.20356702511719027,0.3765864541319219,1.1639497295908028,-0.3722546903629357,-0.9456024415578027,-0.2829701688436876,0.1403608084837213,-0.155428195615478,-0.10136521689667811,-0.8886047060021536,-0.6019393224478591,-0.5811993136097704,-0.5735012244843509,1.7674024273509945,-0.5888984180666025
2.365661677871231,0.779824649188619,-0.11067817262673212,-1.4006912267407563,-1.1053026503553747,-0.37791162285059826,-0.2744578927691966,-0.9725497647543032,1.1008654138670404,0.5568380648067703,1.7462001049603673,-0.5811993136097704,-0.5735012244843509,-0.5658020972047737,1.6980857297648633
-0.9495780553208744,0.2531449460707401,1.1983537491128435,0.409779406110893,0.6722498636450716,-0.7097664119527481,0.2325427420954808,0.31149841532099354,0.8260698411210476,0.4793592573920326,-1.404310209189089,1.7205801462309047,-0.5735012244843509,-0.5658020972047737,-0.5888984180666025
0.9267081969155749,-0.6893813154395149,-0.17947327048263442,-1.3594949338702629,1.4687513056651236,0.833497135276931,-0.3205488595750763,1.5955465953962904,-1.2692464010671476,0.4527238671030953,0.49174508730267086,-0.5811993136097704,-0.5735012244843509,-0.5658020972047737,1.6980857297648633
-0.9218485947034242,-0.12933034446070973,-1.6383088319028192,0.10784911139664399,-0.031887482682309745,1.772272551706962,-0.6892765940221144,0.7784250262574651,-0.20441355667642544,0.3433648999345315,-0.6175311824603379,-0.5811993136097704,-0.5735012244843509,1.7674024273509945,-0.5888984180666025
-0.7046068560503459,0.18220470201189887,-1.8302463701959857,-0.9011281395173648,-0.20658879464832353,0.563934578833192,0.6012704765425189,1.2453516371939366,1.1352148604602896,0.756894140962649,0.7874467980602063,-0.5811993136097704,-0.5735012244843509,1.7674024273509945,-0.5888984180666025
-0.19331880004364496,-1.1530188729142663,-0.8493186065625894,-1.4890564405730662,-0.9243122639536915,2.6318217669727026,0.4169066093189998,0.895156678991583,0.276478695629062,-0.3232906088977138,-0.2261822788566833,-0.5811993136097704,-0.5735012244843509,1.7674024273509945,-0.5888984180666025
-0.6935114423777274,-0.2631130717454386,1.845597895844828,0.8230840869737976,0.07014524460298442,0.30436927074285564,0.2325427420954808,-1.322744722956657,0.37952703540880933,-0.6247995030282828,-0.3320986786300178,-0.5811993136097704,1.743675440098885,-0.5658020972047737,-0.5888984180666025
-0.3680145461359452,1.137456613724192,-0.21057301708161025,-0.6904656380581686,0.6211591000864038,0.6257267437467703,-0.9134648838220636,-0.155428195615478,0.5856237149683039,-2.532850553159674,-0.42519338413073576,-0.5811993136097704,-0.5735012244843509,1.7674024273509945,-0.5888984180666025
1.230690783885786,0.145831824468779,0.7596732847143397,1.4662279867997823,0.526911641247465,1.763430339281884,-1.2884591624985513,-0.2721598483495959,-1.5440419738131403,0.8637887226047655,0.1697360273598027,-0.5811993136097704,-0.5735012244843509,-0.5658020972047737,1.6980857297648633
-1.206808674095998,0.05279614706009945,-0.6558939689678742,0.006885221308596468,-0.12335398339140932,0.11049543431326558,-0.2744578927691966,-0.038696542881360096,0.1047314626628165,1.5018627841457313,-0.703920475560417,-0.5811993136097704,-0.5735012244843509,1.7674024273509945,-0.5888984180666025
0.2469879898286043,-1.114262445520112,-0.021510162790038534,-0.2249608833720941,1.0560045186216684,0.663742353687347,0.5090885429307593,-1.089281417488421,1.1695643070535386,-0.670081133495929,-0.9645601760033338,-0.5811993136097704,-0.5735012244843509,-0.5658020972047737,1.6980857297648633
0.9263923266098135,3.1232989134155833,-0.8445350467829553,-0.028331130419596232,0.685776017559776,-0.876167738485904,0.04817887487196176,-0.038696542881360096,-1.097499168100902,-0.9414312716875419,0.012892185448867095,1.7205801462309047,-0.5735012244843509,-0.5658020972047737,-0.5888984180666025
-0.47605364263895805,0.09411743328544168,-0.8966423143824143,-0.6110588902548858,-1.8295005273928329,-1.9483469291055062,-1.0580043284691525,1.0118883317257008,-0.37616078964267097,-0.9909215737824613,-0.1857194438630354,-0.5811993136097704,-0.5735012244843509,-0.5658020972047737,1.6980857297648633
2.0133988214582286,0.2725169009620039,0.23132958560740666,0.4046239926335111,-0.02868217805734373,-0.5179558987664229,-0.7814585276338739,-0.38889150108371373,-0.719655255575162,-1.2905869530315017,-0.5641630131255921,-0.5811993136097704,-0.5735012244843509,-0.5658020972047737,1.6980857297648633
1.8287654813721619,-0.8640757134809629,0.9341028229142732,-0.45932942312957975,-0.8683522838301923,0.9000646927093123,-0.18227595915743702,0.7784250262574651,-1.3035958476603968,-0.3432286359345824,0.10789406172276636,-0.5811993136097704,1.743675440098885,-0.5658020972047737,-0.5888984180666025
0.4211163545025664,0.22588348030155486,-0.4565775014026682,-1.3374212892421709,0.23183649353459632,0.6620893800198938,-0.5970946604103549,1.2453516371939366,-0.4792091294224183,-0.7667177385385545,-0.7825145156233888,1.7205801462309047,-0.5735012244843509,-0.5658020972047737,-0.5888984180666025
2.764845975790103,0.7402673146168388,-0.33438573639906,-1.1273657037748734,0.5353861146663029,2.2795679657418204,-1.0119133616632727,1.3620832899280546,-0.9601013817279057,-1.3325000304492882,1.031737320442989,-0.5811993136097704,-0.5735012244843509,1.7674024273509945,-0.5888984180666025
0.15401964188579398,-0.02822163653506481,-1.042876214097413,-1.4303357346457528,-0.4713986272572034,0.1897382783345788,-0.4127307931868358,1.7122782481304082,-0.34181134304942185,0.5272178761619796,0.12456277779144868,-0.5811993136097704,-0.5735012244843509,-0.5658020972047737,1.6980857297648633
-0.8011703167711322,1.2990442439082515,0.8069773417770242,0.019491005146295665,-0.5892681198161026,1.3041900242616142,-0.45882175999271557,-1.6729396811590105,-0.3074618964561727,-0.9344900092779888,1.73412319277116,-0.5811993136097704,-0.5735012244843509,-0.5658020972047737,1.6980857297648633
0.5701189341732402,-0.3331816875028558,-0.9405203249210842,-0.7263628491394014,-0.5719645054758277,-1.9483469291055062,3.498363770192316,0.895156678991583,1.2039137536467879,1.291550171280747,1.3997756584735086,-0.5811993136097704,-0.5735012244843509,-0.5658020972047737,1.6980857297648633
-0.5113893834574517,-0.64026674868115,-0.6079103906896699,-1.803314887260497,-0.5410125167701888,-0.06707997049817027,3.3962128878718776,-0.6223548065519495,0.5856237149683039,-1.5724754939191998,0.9409029390805371,-0.5811993136097704,1.743675440098885,-0.5658020972047737,-0.5888984180666025
0.2473858950734587,-0.41413585267441083,0.4089495942189221,0.953724063866357,-1.0574827179367063,0.020504196509657076,-0.7353675608279941,1.0118883317257008,0.7573709479345494,1.098530890554294,-2.556928256601472,1.7205801462309047,-0.5735012244843509,-0.5658020972047737,-0.5888984180666025
3.011552236258924,0.2590043943964402,-1.1093031677701364,-0.7336194670884789,0.07620908321524904,-0.7087621769935826,-0.7814585276338739,-1.4394763756907747,0.963467627494044,-1.3944649990013385,-0.17120984021452854,1.7205801462309047,-0.5735012244843509,-0.5658020972047737,-0.5888984180666025
-0.7109247876757296,-0.9693584726394329,0.350941315541046,-1.803314887260497,1.171677425362367,-1.781258571618119,0.37081564251312005,-1.5562080284248927,0.8947687343075459,0.4537131999178464,1.4400320203781392,-0.5811993136097704,-0.5735012244843509,1.7674024273509945,-0.5888984180666025
0.32063232941157227,-1.4221797375507614,-0.11794596447940962,-0.6580459571829166,1.5861163370830345,-1.1638272084280663,-0.14235649968227074,0.895156678991583,1.1695643070535386,-1.4974280346638253,-2.3802958262843297,-0.5811993136097704,-0.5735012244843509,1.7674024273509945,-0.5888984180666025
0.023714254144731887,-0.6585667574668316,1.3572729303781812,1.0480064309699413,-0.8928806199761116,1.194671016938448,-0.6431856272162346,-1.322744722956657,-1.5440419738131403,2.1575364957276264,-1.0857194932942722,-0.5811993136097704,-0.5735012244843509,-0.5658020972047737,1.6980857297648633
0.5025253500373232,0.08010145632342149,-0.3724800962829836,-1.240049770162851,-0.14097832455630543,0.22201284954356956,0.2325427420954808,0.07803510985275779,-0.37616078964267097,-0.30842468197954875,-1.3820036342623077,-0.5811993136097704,1.743675440098885,-0.5658020972047737,-0.5888984180666025
-0.7423383614313613,0.27713889305855915,-1.803291876689124,1.4780359062735107,0.23681765599915897,3.4462834486883858,-0.2744578927691966,0.31149841532099354,0.7230215013413004,-0.6853824744203607,-1.30378498548042,-0.5811993136097704,1.743675440098885,-0.5658020972047737,-0.5888984180666025
0.594296316101658,-0.7769650087559018,0.6682722092362521,-0.38265707454791853,0.37798935478396684,0.3983869557327801,1.8930550311256964,-0.7390864592860674,-0.6166069157954147,-1.3543186822841595,0.7214319190276778,-0.5811993136097704,1.743675440098885,-0.5658020972047737,-0.5888984180666025
-0.9613894340459836,0.13273410959926624,1.025818553545623,-0.14758561145089086,-0.14283914092354733,-0.22170837832454418,0.5090885429307593,-0.6223548065519495,0.5512742683750549,-0.11054432057129222,-1.2678986806373187,-0.5811993136097704,-0.5735012244843509,1.7674024273509945,-0.5888984180666025
2.203395647240124,0.8465040280259283,-1.793164809058069,0.34114822654813126,-0.26323213108159427,-1.0773637353331136,0.2786337089013606,1.4788149426621724,1.272612646833286,0.546356670323044,-0.020577714205929635,-0.5811993136097704,-0.5735012244843509,1.7674024273509945,-0.5888984180666025
0.023877618364500322,0.7657395406292493,1.0779522740677323,2.7503470147962266,-0.8516723684073791,0.09230040737690424,0.37081564251312005,0.07803510985275779,-1.6127408669996386,-0.3239871663425148,0.0832312215308392,-0.5811993136097704,-0.5735012244843509,1.7674024273509945,-0.5888984180666025
2.954871981385046,-0.4992358853291015,-1.8302463701959857,0.7501435208059289,-1.5787371574345226,1.3861507951671868,-0.5970946604103549,-1.322744722956657,-1.5783914204063896,1.5180291479445582,0.13832847113689709,-0.5811993136097704,-0.5735012244843509,-0.5658020972047737,1.6980857297648633
-0.27120403454477887,0.4956479211380537,-0.9566655639098974,1.0189995094003526,2.457471359618468,-0.9155969783514867,1.1079983623872462,-1.089281417488421,-0.7540047021684111,-0.19617739267484796,-0.05593827472586373,-0.5811993136097704,1.743675440098885,-0.5658020972047737,-0.5888984180666025
0.6583294852270387,-0.7864787446688458,1.192072128543051,-0.0016366738443486873,3.4431240902333853,1.7091897130649434,0.7718177001282616,-1.6729396811590105,-0.37616078964267097,-1.873516905443499,0.6350443949789366,-0.5811993136097704,1.743675440098885,-0.5658020972047737,-0.5888984180666025
1.8706384000741796,-0.7689007212216679,0.3577171941780851,-0.014802912469490715,0.7212827093337956,0.8255765874773726,-1.2423681956926715,1.3620832899280546,0.37952703540880933,-2.532850553159674,1.7462001049603673,-0.5811993136097704,-0.5735012244843509,-0.5658020972047737,1.6980857297648633
0.9419682201178393,-0.7151095128775725,-0.6725653516624573,0.9025511231619235,0.5194207297634614,-0.9764835256653697,-1.2423681956926715,0.7784250262574651,0.2421292490358129,-0.7569061735263305,-0.06725634758620255,-0.5811993136097704,-0.5735012244843509,1.7674024273509945,-0.5888984180666025
1.250616628194918,-0.768042606542823,-0.7119236985676655,-1.036487244321731,0.12972996734908798,-0.6223433820431826,-1.1962772288867918,-1.206013070222539,0.6886720547480513,2.0875677330450073,1.4151785396817547,1.7205801462309047,-0.5735012244843509,-0.5658020972047737,-0.5888984180666025
-1.6647871329621944,-0.47990301175285394,-0.5786872505322195,-0.5794409605501304,-0.6504628450957807,-1.2955027467133615,-0.8736404612456334,-1.5562080284248927,1.272612646833286,-0.23688984739623115,-1.8076461982147325,-0.5811993136097704,-0.5735012244843509,-0.5658020972047737,1.6980857297648633
1.8149329392893683,0.4957560181598572,0.20983397700819909,-0.29848735451607544,0.6470067482472721,0.21988047822216122,0.6934524101542784,-1.5562080284248927,-0.27311244986292366,0.10139120310117854,1.7462001049603673,-0.5811993136097704,-0.5735012244843509,1.7674024273509945,-0.5888984180666025
0.2934541898251456,-0.6427724250688213,-0.4433335409395542,0.6842033415550864,0.17345979478118853,-1.9483469291055062,0.6012704765425189,-1.089281417488421,0.1047314626628165,1.5319459434400082,-0.9819647162303098,-0.5811993136097704,-0.5735012244843509,1.7674024273509945,-0.5888984180666025
-0.4079840206607047,0.5169263839427921,0.04998716937477774,0.3695529503641565,-0.08349309838680985,0.26007315736325687,-0.9197314280515132,1.7122782481304082,0.5512742683750549,-0.19132726530128116,-0.33563882149216007,-0.5811993136097704,-0.5735012244843509,-0.5658020972047737,1.6980857297648633
0.7791265377327075,0.17833640754215518,1.426854941890397,-0.3217130323615014,1.9343649761214494,-0.6696751921259682,0.4629975761248796,-0.8558181120201853,-1.0288002749144038,-0.3782106125739002,-0.3789641184987652,-0.5811993136097704,-0.5735012244843509,-0.5658020972047737,1.6980857297648633
1.3591384434380327,-1.240240787782102,0.10159254634661391,-1.4152882064054386,0.4773637540871692,0.39874115054873355,-1.0580043284691525,-0.7390864592860674,0.5512742683750549,-0.4511341233000406,1.4042923800840397,-0.5811993136097704,-0.5735012244843509,1.7674024273509945,-0.5888984180666025
0.6013097515230397,-0.7853944311483027,-0.36093795641669985,-0.6193795100793641,0.067021961966284,-1.8898851716271867,-0.8275494944397537,0.895156678991583,0.1734303558493147,-0.33311722996156884,1.18106123468789,-0.5811993136097704,-0.5735012244843509,-0.5658020972047737,1.6980857297648633
-1.6643569061514023,-0.07409807732805751,-0.5827110731949205,-0.4849290069262627,0.027918848558135763,-0.4188680978588833,1.9834855454038824,-0.7390864592860674,0.619973161561553,-0.19509465749747618,-1.9615895876847476,-0.5811993136097704,-0.5735012244843509,1.7674024273509945,-0.5888984180666025
-1.16658451623589,0.07665527469180256,-0.6571323523988967,-1.3300055421838661,-1.0250354901658085,1.0162880442881035,-0.5049127267985953,-1.5562080284248927,-1.3722947408468948,0.8906414351046108,-1.500054424120955,-0.5811993136097704,-0.5735012244843509,-0.5658020972047737,1.6980857297648633
-1.748214731480349,1.2665230409494046,-0.7984021821411756,0.28512430998015115,2.55417936117623,0.42498193688416014,0.6693754057745677,-0.5056231538178316,1.6161071127657771,0.8616213992826736,-0.3297716125885568,-0.5811993136097704,1.743675440098885,-0.5658020972047737,-0.5888984180666025
0.29978659428527166,0.29663117998523075,0.2847834870696825,1.8648852265383193,-0.3289497522468511,0.7296598447610854,-0.965822394857393,0.07803510985275779,-1.715789206779386,0.28746054364158813,-0.2862393006153051,-0.5811993136097704,1.743675440098885,-0.5658020972047737,-0.5888984180666025
1.250099326305232,0.6674817534982321,0.5144463745871674,-0.40576744265332426,-0.8081813945041052,-0.2014304027083682,0.04817887487196176,0.895156678991583,1.0665159672737914,0.23202594944970034,0.4088202917913102,-0.5811993136097704,-0.5735012244843509,-0.5658020972047737,1.6980857297648633
-1.4517873579866483,1.0055629441607776,-0.06971116362685145,0.7737338443845061,0.3883200573579435,-1.9483469291055062,-0.5496593194383034,-0.2721598483495959,0.48257537518855664,1.3457294757648819,-1.8687093586539105,-0.5811993136097704,1.743675440098885,-0.5658020972047737,-0.5888984180666025
0.4713163174042663,-0.7178916742242699,1.1371301013468211,0.5406656529765117,1.4836467962080295,1.8988710734791117,0.2786337089013606,0.7784250262574651,0.6886720547480513,2.1575364957276264,0.14309719389559153,-0.5811993136097704,1.743675440098885,-0.5658020972047737,-0.5888984180666025
-0.8477245225585142,0.1623870520077057,0.36575668827093133,-0.1079455919530791,1.1099190865950137,1.763833517666702,0.2325427420954808,0.895156678991583,0.3451775888155602,-1.7312748933803013,0.1470811830555616,-0.5811993136097704,-0.5735012244843509,-0.5658020972047737,1.6980857297648633
-1.4434007048812199,0.6019914584249061,1.1823404226102359,-1.0377365821725868,0.32089982893594204,1.3401981554859133,-1.334550129304431,0.07803510985275779,-0.5135585760156673,1.904352472754598,0.12688358385556484,-0.5811993136097704,1.743675440098885,-0.5658020972047737,-0.5888984180666025
1.869648959777297,-1.445356661708629,-0.39070197810552676,0.3711843889921955,-0.4652678317127436,0.3683266065631036,0.8778162773777974,-1.089281417488421,1.0665159672737914,-0.34444361362784426,1.3459800379933364,-0.5811993136097704,-0.5735012244843509,1.7674024273509945,-0.5888984180666025
-0.37575949762008826,-1.2009941100278587,-0.006744449692680879,-0.5584505811740254,0.01672749924111848,-1.630145193362397,1.8208085143565753,1.0118883317257008,1.5130587729860296,0.6645348591978185,-0.5460980525327654,-0.5811993136097704,1.743675440098885,-0.5658020972047737,-0.5888984180666025
0.6732987731597189,0.5832576957087868,0.8843948211181135,-1.5779804319645578,1.0319977404245457,1.9649928958504244,0.8317253105719177,0.31149841532099354,-1.715789206779386,-0.5180295512623113,1.5010835745906779,1.7205801462309047,-0.5735012244843509,-0.5658020972047737,-0.5888984180666025
1.9483022320250234,0.3405017685246895,1.221524683701158,0.9039745282216625,-0.16153100959423589,0.5502076647514648,-0.6431856272162346,-0.5056231538178316,1.1008654138670404,0.011571932269205241,0.4916419266140815,-0.5811993136097704,-0.5735012244843509,-0.5658020972047737,1.6980857297648633
0.5539038650056387,-0.2040870846746706,-0.698562717298669,-0.03943996170495552,0.5571552670603998,-1.26971295986047,-0.7353675608279941,1.0118883317257008,1.6848060059522751,1.1613252298844372,-0.9009339184867604,-0.5811993136097704,1.743675440098885,-0.5658020972047737,-0.5888984180666025
-0.7154127165775055,0.5662785633648776,-1.147907173474788,1.6537348906185423,-0.6622298481850678,0.8132899719097193,-0.8275494944397537,-1.322744722956657,-0.10136521689667811,-0.749540176702004,-1.2602717436453572,-0.5811993136097704,-0.5735012244843509,-0.5658020972047737,1.6980857297648633
0.13870878676952406,-1.4702701941817045,-0.14391814169202904,1.996320736049877,-0.30764254417335646,-1.4317970203406627,0.18645177528960105,0.7784250262574651,-0.5822574692021656,-0.5891028029840258,-2.440457455838352,-0.5811993136097704,1.743675440098885,-0.5658020972047737,-0.5888984180666025
-0.4851696013433432,2.5688323322665205,-1.643787411041552,-1.4497040586875003,1.4726021310923767,0.5998520867597686,-0.7814585276338739,-0.155428195615478,0.619973161561553,1.2185323294776567,-1.3364206633562943,-0.5811993136097704,1.743675440098885,-0.5658020972047737,-0.5888984180666025
-0.044432038986281945,0.1217265100719353,0.4952027869310989,0.36871252392972104,-0.2217147236451213,-1.9483469291055062,0.7856343437660379,-1.4394763756907747,0.6543226081548021,-0.11384336538575515,1.0860669650302954,1.7205801462309047,-0.5735012244843509,-0.5658020972047737,-0.5888984180666025
0.15368158189386386,0.437992660877171,-0.12076390010973259,-0.7801633560404395,-0.07032023560925126,-0.5984939702295563,-0.18227595915743702,-1.089281417488421,0.8604192877142968,-0.48524181344670425,-0.7940119304282487,-0.5811993136097704,-0.5735012244843509,1.7674024273509945,-0.5888984180666025
0.45922216823957396,0.055631768872809025,-0.9378484987727436,-0.9878290411109556,1.470113746462011,1.927371755135084,2.05534381555511,1.4788149426621724,0.3108281422223111,-0.8968203718485711,-0.7190325428580628,-0.5811993136097704,1.743675440098885,-0.5658020972047737,-0.5888984180666025
-1.0795511791359087,-0.04535542513452789,3.045340394066351,-0.3732651184524936,0.660887449075484,0.935027191478674,-0.2744578927691966,-0.6223548065519495,1.2382632002400369,2.1575364957276264,0.724783019585403,-0.5811993136097704,-0.5735012244843509,1.7674024273509945,-0.5888984180666025
-0.08049387469755907,1.902847689419875,-1.4857792061080588,-0.8778770319157435,-0.2773808411323563,1.152908735945215,-0.6892765940221144,-1.4394763756907747,-1.5096925272198913,-0.49539937422766633,-0.6083871053505664,-0.5811993136097704,-0.5735012244843509,1.7674024273509945,-0.5888984180666025
1.3421073742236773,-0.5766850599806777,-1.8302463701959857,1.8663654098511957,-0.061796835894272685,1.9447659619366948,0.6012704765425189,-0.6223548065519495,1.5817576661725279,1.4185454812078815,-2.665360321989361,-0.5811993136097704,1.743675440098885,-0.5658020972047737,-0.5888984180666025
1.9182524564917158,-0.42696620769297283,-0.7240493325655268,0.8728717106817628,0.4520688105160824,-0.18025321427511565,-0.5970946604103549,1.2453516371939366,1.6161071127657771,1.187856949291279,-0.2946331282328952,1.7205801462309047,-0.5735012244843509,-0.5658020972047737,-0.5888984180666025
1.1102555171805562,-1.2306765491810532,0.7963163706512498,-0.2533168202504065,0.8742414757766266,1.3444461752815178,-0.23686114743791944,-0.6223548065519495,0.6886720547480513,-0.3663473587126895,0.3969079406653996,-0.5811993136097704,1.743675440098885,-0.5658020972047737,-0.5888984180666025
1.5724468336789061,1.1923004020292383,0.6399593219604236,-0.3440719577802091,-0.36124546787446854,0.16070939116617206,-0.6892765940221144,0.07803510985275779,-1.5783914204063896,0.10062293383734502,1.2899928811181722,1.7205801462309047,-0.5735012244843509,-0.5658020972047737,-0.5888984180666025
-1.6170706952147473,2.99699681215677,-0.236377948950778,-1.7308426143258866,0.06615728452308159,-0.2551801012582104,0.6012704765425189,-0.6223548065519495,1.1008654138670404,-0.26568692689034745,-0.2880488943161095,1.7205801462309047,-0.5735012244843509,-0.5658020972047737,-0.5888984180666025
-0.43999466832234907,-1.8073225020301866,-0.5753305995915228,-0.25581776867018724,-0.16369843001714002,-0.6466310178453689,-0.5510036936044751,-0.9725497647543032,0.4138764820020584,0.09861852586622234,-0.4208303471613496,1.7205801462309047,-0.5735012244843509,-0.5658020972047737,-0.5888984180666025
-0.3105076692950726,-1.0137458945253326,-0.7643649741078395,1.1281130637935513,0.3183395428818826,0.0567349897016116,0.4169066093189998,1.3620832899280546,0.0016831228830691885,0.33378123500333806,-0.1404247841379753,-0.5811993136097704,-0.5735012244843509,-0.5658020972047737,1.6980857297648633
-0.8692191565274159,-0.7592258923399703,-1.4762541525043034,0.025363798915029996,0.9487177653558039,1.0091596478683353,2.3702909221779342,-1.4394763756907747,-0.03266632371017991,-1.1539659498937984,-0.36278199298082936,-0.5811993136097704,-0.5735012244843509,-0.5658020972047737,1.6980857297648633
-0.005157816655013804,-0.8053247083140318,1.1334503547430157,-1.040969664578938,0.13425650802107764,-1.9483469291055062,-0.9197314280515132,-1.089281417488421,-1.0288002749144038,2.1575364957276264,1.2020519069319393,-0.5811993136097704,-0.5735012244843509,1.7674024273509945,-0.5888984180666025
-1.045040453619983,0.9842281324666792,0.16263844058798302,-1.0502764695898543,-1.8671601896910253,-0.7513346188988043,-1.1962772288867918,-0.155428195615478,-0.6509563623886637,-1.1636959058591945,0.4581733795408803,-0.5811993136097704,-0.5735012244843509,-0.5658020972047737,1.6980857297648633
0.6652368474093437,-0.39648805057954734,0.8552296185038316,0.8325830725458226,-0.7046008459206767,0.02488602643189677,0.6934524101542784,1.5955465953962904,0.1734303558493147,1.1792172782133872,1.4688824946140258,-0.5811993136097704,-0.5735012244843509,-0.5658020972047737,1.6980857297648633
0.12569457319194366,-0.38793235835305845,0.7313596966294029,1.8964446511705382,-0.28658472087851977,0.1391036929434849,-0.7353675608279941,-1.206013070222539,1.5817576661725279,1.905564999254796,1.4660312510912217,-0.5811993136097704,-0.5735012244843509,1.7674024273509945,-0.5888984180666025
-0.5576754244235921,-1.4204488805832032,0.43307082437737215,-0.0185167019952371,0.6706289980566638,1.3389772231916157,-0.8949201130708041,0.5449617207892293,1.5130587729860296,0.2975873643245993,-0.5401462107897739,-0.5811993136097704,-0.5735012244843509,-0.5658020972047737,1.6980857297648633
0.28995682758537955,0.7735107761031546,-0.041788213052479976,0.25500659573962187,-0.9398806025992298,1.6208132285230648,0.32472467570724034,1.0118883317257008,-0.37616078964267097,0.4900999312581802,0.11692479106097486,-0.5811993136097704,-0.5735012244843509,1.7674024273509945,-0.5888984180666025
-0.06958691018019841,-1.1998863245603235,0.7788700636070973,0.27110862479590997,-0.7806830365008006,-0.8728079864516334,0.37359311493950903,0.07803510985275779,0.8604192877142968,-0.3935899565553342,-0.401354711943232,-0.5811993136097704,-0.5735012244843509,-0.5658020972047737,1.6980857297648633
-0.19360418187968897,-1.270650550154059,-1.8302463701959857,0.22520584777567237,-0.6314367544195295,0.02068011952120223,0.7395433769601581,-1.206013070222539,-1.6814397601861368,-0.24770292133190325,-0.30104087160354337,-0.5811993136097704,-0.5735012244843509,1.7674024273509945,-0.5888984180666025
1.295262956644953,-0.8451138314096396,-0.16552626024759304,-0.9589409054224397,-0.35136419555475623,-0.6133477515013408,0.4629975761248796,-1.4394763756907747,-0.9257519351346566,0.3482506980460984,1.2270385486045894,-0.5811993136097704,-0.5735012244843509,-0.5658020972047737,1.6980857297648633
-0.04059337116823271,0.12668504415655873,0.8038442600322445,-0.12441703369531601,0.253461038104202,-1.3133296352189825,-0.044003058739797755,-0.38889150108371373,1.5817576661725279,-0.361715917434892,1.7462001049603673,-0.5811993136097704,-0.5735012244843509,1.7674024273509945,-0.5888984180666025
0.008581682068959404,-0.6972624500961925,-0.8835472343141964,-0.7888585614235085,0.6053463100482108,-0.4924890559492434,0.04817887487196176,1.2453516371939366,0.5169248217818058,-0.9416866338723832,-1.3340497676522165,-0.5811993136097704,1.743675440098885,-0.5658020972047737,-0.5888984180666025
-0.31963829149506984,0.42941338733288936,0.5308840571121657,-1.5111376538117018,-0.5525231607256607,0.8712674507232706,0.1403608084837213,0.42823006805511143,1.4100104332062824,-0.317858797001446,1.7462001049603673,-0.5811993136097704,-0.5735012244843509,-0.5658020972047737,1.6980857297648633
-0.6890670439857502,-0.9599229753880313,-0.8973726122018402,1.5340544048337794,-0.43722226584145873,0.7080477827931698,0.18645177528960105,-0.155428195615478,-0.7540047021684111,0.2967182693746782,0.16600411500736675,-0.5811993136097704,-0.5735012244843509,1.7674024273509945,-0.5888984180666025
0.1787620017621926,-1.8073225020301866,-1.016198090969196,3.8659837517145985,0.23189088295542862,0.5054579066056475,-0.09009402554567751,-1.089281417488421,0.37952703540880933,0.6922954392661793,-0.9395428268508339,1.7205801462309047,-0.5735012244843509,-0.5658020972047737,-0.5888984180666025
-1.1083979996669757,-0.42447518907434467,-0.5770425065477138,1.531722821341369,-0.10548593278135755,-1.1110515832727232,1.3359191673364026,0.6616933735233472,0.6886720547480513,0.2908249198199024,0.09565004525502921,-0.5811993136097704,1.743675440098885,-0.5658020972047737,-0.5888984180666025
-0.8935769997795242,0.47265076647028686,-0.6815102428759122,0.14368658651580496,-0.10603010418179301,-0.33933223725936373,0.6012704765425189,-0.9725497647543032,-0.34181134304942185,0.19572091449480772,-0.3154046259146007,1.7205801462309047,-0.5735012244843509,-0.5658020972047737,-0.5888984180666025
0.7298627925133453,-1.0835830931956938,-0.6716627778047387,-0.6195652225952129,0.7865366037216215,0.15572418718692127,3.0622533554727904,1.5955465953962904,-0.06701577030342902,-1.017176402433283,0.006234609638846925,-0.5811993136097704,1.743675440098885,-0.5658020972047737,-0.5888984180666025
0.6686214593460384,-0.49214364279274636,1.451040561454048,2.170380770850457,-1.2558762546285374,-0.6590423667381666,0.4169066093189998,1.2453516371939366,0.7230215013413004,1.6605303595768617,-2.2772379007344172,1.7205801462309047,-0.5735012244843509,-0.5658020972047737,-0.5888984180666025
-0.32552940423690735,-0.6714635470935877,-1.0515390500359914,-0.011420813000321828,-0.15125044024950868,0.2121328332602555,-0.5510036936044751,0.42823006805511143,0.6886720547480513,0.4472690846922822,-1.0146829830744677,1.7205801462309047,-0.5735012244843509,-0.5658020972047737,-0.5888984180666025
2.76818426033119,1.4340151267707641,-0.16962904139801618,-0.5290036453087434,0.157987707287637,0.42254822240435247,-1.334550129304431,-1.6729396811590105,1.5817576661725279,-0.376937012994201,0.9920013372500884,-0.5811993136097704,-0.5735012244843509,-0.5658020972047737,1.6980857297648633
