time_spent_on_video,time_spent_on_audio,time_spent_reading,time_spent_writing,time_spent_on_quizz,time_spent_on_flashcards,completed_exercices,completed_quizzes,completed_flashcards,text_quizzes_accuracy,visual_quizzes_accuracy,most_preferred_resource_type,perfil_aprendizagem
74.90142459033697,37.648522513294154,39.77772382622731,13.288779626503686,19.669747362804394,9.572042156102226,41.0,17,73,68.09661876656095,83.54818118178393,audio,Auditivo
55.85207096486446,37.10962658568965,68.90787788713206,20.53603749393315,23.886158407341682,12.556004295570776,18.176150820812822,14,17,57.03802244665449,85.90362208114945,video,Cinestésico
114.77504800729922,24.151601580000772,70.63059052155563,15.869097246386326,18.27625042546338,10.220951511638857,40.0,2,23,80.71283053164296,94.64119282893141,video,Visual
105.69089569224076,33.84076940721919,139.08201941239165,29.135619630648968,27.147317275177,15.883344375568957,5.0,6,0,64.73650511967917,70.6800887471646,practical,Leitura/Escrita
52.97539875829992,2.1277066609242894,28.683712139717255,42.23593210723333,32.77856655030514,24.577428251695302,46.0,5,93,74.8694804683326,92.11265496493013,video,Leitura/Escrita
68.55444876572236,44.265874147458774,90.73985458465657,42.557317294970765,25.704873308635733,8.831662742870364,15.0,14,78,80.88236794515059,93.5834416158382,video,Visual
107.37638446522175,56.95549969633526,0.0,25.182614419414463,21.017232084717698,23.006563982147313,4.0,14,71,82.21921252408372,89.15529791724742,practical,Auditivo
83.02304187458726,23.658227378636187,82.75364587379963,9.424261208053583,34.98011770304427,8.7466234212249,44.0,5,98,72.52256601532802,92.64050170507164,text,Leitura/Escrita
45.91576842195144,53.1849133686481,52.91041551419593,47.10101769742741,21.169322748872023,8.218982300024926,55.90542431651457,7,81,73.65846673007594,84.1767510065196,audio,Cinestésico
76.27680130757894,81.29752415858398,92.16643891249335,17.443647995774406,30.30919338366907,21.548756946745705,5.0,7,15,66.27405473593846,94.80992404117492,video,Auditivo
46.097469215626134,12.631623247953197,70.79207984369042,29.11919359343057,17.119372016487212,22.375491024060935,32.0,21,84,69.51603212188817,83.77639571786641,audio,Auditivo
46.028107392892295,24.745504428675716,31.66112614198061,56.127159679376994,24.31022958010893,21.811279494101235,14.0,0,14,83.47554960144396,77.80941411975391,text,Leitura/Escrita
98.13379903936706,24.617153004254035,35.52524059640447,32.99415627604174,18.864374352095485,4.473620734254871,14.0,25,61,69.98353321203543,88.50785997557891,video,Visual
2.601592660266064,28.235015413190602,76.95380033415924,46.412693212822134,19.441478173471893,11.272392175423594,13.0,12,4,72.55784959824331,79.76156231863884,video,Auditivo
8.252465024609016,101.14690429382031,67.23264303474053,37.185047150891386,16.2261348253779,21.583908736026572,38.0,22,44,60.352933183824334,74.80608677909457,audio,Auditivo
43.13137412277082,57.5032421307903,49.73065616274887,17.08035630454338,33.448540311806944,15.332334724511156,4.0,23,51,86.32956164806137,96.31888848370221,text,Auditivo
29.615066389967286,34.70970317378779,53.17081736708072,62.678432609874925,21.240852998638236,6.4104572304202865,58.93910350997813,20,70,80.10066593171065,82.96295365503667,practical,Cinestésico
109.01719240489362,0.0,94.36587990057512,32.915001950073496,12.597677474512917,18.666543513003532,47.0,12,6,82.92905371837202,92.1763797994659,text,Visual
32.75927773436368,52.70836060418453,51.88075994957749,27.789896600677405,60.314791841882965,9.281541928068236,25.605643422502062,10,26,87.90425324616862,83.88274254926434,practical,Cinestésico
17.630888959941252,25.009134170189366,66.91680645898244,44.45888134583356,29.778475646543313,29.356198787137696,42.0,3,88,66.74787124454284,100.0,video,Auditivo
103.96946306764661,41.198652605326565,256.98135507084606,48.238028163847616,0.0,27.358731699346066,46.0,6,85,75.13897296825533,68.6827581140034,video,Leitura/Escrita
53.22671098540393,45.547538759163835,20.171107709062696,35.98842289408991,18.135299273961117,19.832779410844537,33.33774160644393,27,12,56.05165632417789,71.54961488283725,video,Cinestésico
62.02584614063772,67.21317191677302,5.185504394886948,67.3827599790103,2.392084294880608,25.88805363815819,78.5352615153822,11,16,100.0,66.19428982553003,audio,Cinestésico
17.257554413596296,13.82359201761776,97.42563826795123,25.8731785761743,18.61423206039971,15.518330800987048,74.94024662529824,26,43,73.50414684682625,77.67400761564514,text,Cinestésico
43.66851826424452,0.0,69.64271296439692,44.556944799589765,0.0,21.123499955000128,22.0,12,12,93.06068446109902,82.4551844332736,audio,Leitura/Escrita
63.32767769129598,74.76038197081039,58.86168652900829,31.748677680186958,18.630104223060577,26.8217623624166,12.0,21,89,62.618388556645414,75.34677481658923,audio,Auditivo
25.470192677330914,116.03386393869584,42.659526765411,46.07273903371558,8.580581808386885,16.9639894543545,32.0,11,72,84.96388425643009,74.6027320184823,video,Auditivo
97.5236492469621,64.77892705878875,60.90699507313706,7.401989547144012,20.599052567964385,12.95850262788573,28.0,15,4,93.57590876649665,90.42145261669876,text,Visual
41.980839302435854,44.19318830549251,125.94883392337195,0.5166616278524216,5.425497840384426,1.3630243345830735,109.19986017275114,5,32,74.39719250972018,74.97892175170303,practical,Cinestésico
63.26804442402316,30.16727628735905,98.07449605163418,21.193270940697786,20.8291185317204,14.334931794228048,33.0,13,3,64.89118503410398,88.29393944170413,audio,Visual
57.560256443507726,56.142451932746205,100.17782291604419,5.491155614110692,15.850837218796727,21.58738547649849,33.0,18,91,73.61203599054464,100.0,video,Visual
115.56834553526814,20.52907600591063,29.574216917427062,30.748431415279263,35.01952965188596,22.565067420541038,26.0,15,25,55.7593290484888,86.77030469800806,audio,Leitura/Escrita
93.6338386617997,49.52715538712438,29.70961922064958,37.537495441939356,34.11356861745625,19.034920525747278,14.0,26,67,74.62113298978159,100.0,video,Visual
28.26867213132299,84.67059204306231,0.0,16.638767046716048,27.85345603010283,10.669607240302081,49.0,25,15,83.20967139312995,90.8591841150672,audio,Auditivo
127.07132789955537,61.2041981499776,41.671671262103615,8.597601348279863,16.733862193387875,0.0,8.0,3,21,74.64242355626486,92.32197781424816,audio,Visual
23.374690500869335,95.19320077822155,127.70525825260243,45.222910500762374,39.85380395260293,11.038279215962119,25.0,4,35,77.4880262829227,78.41358973956899,text,Leitura/Escrita
66.26590785014267,47.84831934357534,88.09312805119298,42.93815226922756,5.6189313994574555,12.56524103156839,3.5626714816128295,8,57,80.27568116112033,72.27746929116805,audio,Cinestésico
1.6859339686479378,29.820727485850025,62.24703579667566,4.57539842225081,5.964413704363373,12.496568262479887,35.0,23,54,81.04024846949552,83.98768637686025,practical,Visual
20.154418533047085,52.59964624341471,69.21949006986814,42.30348597458976,19.162169001109355,19.948450855823396,46.0,2,34,58.400944374948175,74.76314467323105,video,Auditivo
86.70299141184384,4.618481902217638,45.88900600986081,42.25959305607489,42.540381089211195,30.885411288118718,4.0,21,24,75.88822962278789,98.33842529570552,video,Visual
82.1539973998623,26.105737378218837,77.16656088406245,44.311276532349424,27.442431568371212,15.988233614728744,38.43104143215896,9,71,99.35985124229244,83.46782554594196,audio,Cinestésico
65.14104843569912,31.81435123773792,143.55069565046355,67.46433898393828,18.16754756790718,13.266145686748306,19.0,16,80,66.36690337221064,86.96757862714301,practical,Leitura/Escrita
56.53055152835278,43.1508129454375,13.443962440633456,63.03020886989424,5.580896438881908,12.926225495967259,4.0,18,60,74.14581167166934,68.39663143899848,audio,Auditivo
66.8461655604634,43.04709744067444,80.48766907430718,24.658619270714173,29.459295852703782,15.995078135261714,9.0,9,17,94.41746122051703,100.0,text,Visual
15.644340288977176,39.31187461237525,102.63522048341335,31.64357370116787,29.53176254329354,8.37364991721281,15.0,29,57,86.04175156543675,75.73019628493238,text,Auditivo
59.05679289650897,62.42061334648943,55.471489886282065,23.753423501279617,27.890752013999098,15.96158846996844,24.0,11,75,69.86603319223939,77.5758839324083,text,Visual
46.180836871206374,40.00414129836394,155.37624481208485,37.058646732577785,13.707793271526377,18.606498690654398,43.0,22,56,86.55085803203174,75.60782235178188,audio,Leitura/Escrita
91.71366678656747,39.81399357722771,226.71439788014942,90.26264666125529,12.932932316269943,16.677488508595903,24.0,6,96,82.33100772984504,100.0,text,Leitura/Escrita
70.30854868705384,33.44210566974164,66.34800224545879,9.824782741039968,11.58740344158152,18.66033547203825,69.46414239706957,17,86,67.51928195678333,76.12283133508433,video,Cinestésico
7.108795339117982,43.10381367717958,83.76574675018632,17.08425491751637,32.62656357729219,18.469980874788284,27.541512906251583,18,62,74.25747892506918,76.74903528529074,practical,Cinestésico
93.68981427954687,56.5019652933527,44.16800207185129,50.65771404756842,9.195926707214984,0.8248265420284504,21.0,14,11,72.2003386719347,85.98986240702222,text,Visual
48.447531587510504,35.806271648499866,76.34379069107176,45.30054760353135,8.225834947507114,20.094961267163225,42.0,6,10,76.1274893807675,78.51379616568545,audio,Auditivo
39.69233999082124,26.837670218494868,145.8141690889324,32.12237968815679,15.76309283089324,9.631881234700371,27.0,11,12,75.58690600872536,72.18523934198745,text,Leitura/Escrita
78.35028866522603,47.29008775022741,76.81948190945484,42.8160300168108,15.108438248157839,6.233286695968337,29.0,21,34,62.23381799755339,81.4321308320613,video,Auditivo
90.92998567487854,13.082581530535702,34.310663810190015,35.118237637380496,20.678622350915365,6.1643853771600305,32.90289586264778,28,26,74.58719226607629,90.7559490819833,audio,Cinestésico
87.93840357348596,38.291461562213186,77.22266199639077,52.50411913501482,24.664445968402614,18.468332883780235,37.0,6,88,92.1511821817878,83.14289315478707,text,Auditivo
34.82347430332084,48.695751511470824,121.17685785511729,31.11764390740159,20.790478021502793,13.219400582201176,41.0,9,66,75.82202926262796,68.88834701100015,text,Auditivo
50.723628724463566,72.31807281704928,85.70225175800846,45.384481708088735,17.118439694888824,1.5442497281167142,19.0,24,88,71.68406221068454,76.55654095066292,practical,Auditivo
69.93790294210692,45.2512265800385,164.71705123312677,86.01704998341494,21.83012928311482,18.824302521538268,34.0,23,44,93.41869534717083,74.4847259989837,text,Leitura/Escrita
89.26635381367078,43.87179822735089,61.70458104955803,38.97148732571199,17.892934262091238,3.4831349536093814,51.96578485847199,21,73,73.41680387404621,80.52939468234801,practical,Cinestésico
78.99638905507597,57.01795924335944,96.24650837982986,30.739922486922655,21.05278623909678,16.11857086814569,14.0,27,80,93.6803292495911,98.67010784292881,practical,Visual
54.43023070008549,58.33904305869318,79.77437433757841,40.83670477831469,21.506024928446337,16.907991405384433,10.0,29,66,74.96087490704922,78.51117203979118,video,Auditivo
26.809950779819154,47.80929699857779,36.71812446094688,24.520787126941727,7.1879943481442865,22.08461665356036,53.186302033688065,19,21,82.00497063158163,79.1184513112961,practical,Cinestésico
24.113801277579874,37.93556494135007,97.67209471296499,94.8998545137397,29.95693754370362,29.25347829173481,23.0,29,77,71.10947167406016,97.7764481881943,text,Leitura/Escrita
84.37577467182594,45.30724698799257,35.290616779589136,32.70106556543972,14.928648170822306,4.082589392795667,10.776306311503795,28,90,80.03089253336663,88.7620599167166,audio,Cinestésico
100.68720085712468,28.34482684776836,47.84919037903228,25.906000196617306,32.126335934147264,14.580209151495605,27.5848385925176,9,41,77.75093476943754,85.74081282106535,text,Cinestésico
57.83969635258998,0.0,76.62649075523309,17.464664924699456,44.44423772181996,12.789317639646262,63.919510343456956,24,19,74.43493875340792,99.58131615301775,practical,Cinestésico
90.10598693676073,37.314416756273914,109.91701469688117,63.330308357462734,29.256767577138696,18.4699974876877,49.0,22,47,77.25101825464925,84.89811254794013,video,Leitura/Escrita
70.84908075142903,68.45496272199881,28.376863722300484,43.007811192416085,25.566376872827952,16.72535016746895,47.07014517601206,4,17,68.61969834347626,60.134728580224774,audio,Cinestésico
60.376986941809335,58.52430804483185,106.88950199140066,22.5396844287886,16.375009971179313,12.17963005810704,35.0,17,76,77.82352663979653,96.27319400950005,text,Visual
70.84186816525242,59.30794969182341,90.02021974051655,38.64677017683634,38.54370532781807,11.472782491113156,18.028468677913008,8,69,81.28939109696474,64.0799154288135,practical,Cinestésico
106.14109699397908,96.08160242954011,45.334504753619065,7.371660476807154,26.746949778086197,6.06839315852762,9.0,29,73,73.72837203705869,84.52005368582448,audio,Auditivo
58.92521882670145,72.56107473453316,16.18453212427886,32.774558626097345,13.8163497995587,22.902892659252075,20.0,15,92,77.87267929120793,62.8625642587076,audio,Auditivo
106.93930967442019,43.94631414811191,87.2649969466092,61.75152197649436,12.051063529983097,18.673633452796235,33.0,6,5,84.12903233308795,75.3314458960008,audio,Leitura/Escrita
0.0,27.646962091312997,88.24140488164346,85.50067464234915,0.0,22.3421455823611,30.0,24,38,84.34818569971392,76.36215470390128,text,Leitura/Escrita
135.6341123446956,33.678542879459,73.9599159968558,18.43771795906966,21.540318416835873,12.51683090819589,28.0,26,10,72.99555017322776,79.31016674159936,audio,Visual
62.61141204714514,52.315422995422836,57.29091685955517,10.824710567965134,25.898707013256242,9.745316250444557,63.975521965366944,24,24,75.17972579368308,76.511480028088,video,Cinestésico
69.67637722369243,64.07768874337633,0.0,16.568580586124376,31.361913746425422,6.373479466966177,42.0,9,93,100.0,100.0,video,Visual
62.75282329606507,37.21107448638001,71.69322072627511,15.535329076388745,23.590550934803666,17.871340669925274,10.0,4,54,89.712569457702,72.86047087840447,audio,Leitura/Escrita
0.3729325619732151,30.99621470297177,59.303331112609044,50.04986036638475,51.78499567984674,6.681654203774123,79.92228417172913,6,83,81.45296958431042,85.45140879510541,audio,Cinestésico
53.40984336487464,40.010559177131945,157.33968268720912,69.3480491589138,13.026357720838291,29.7893045517324,45.0,4,57,86.94132867110154,70.34350360392699,audio,Leitura/Escrita
70.7133771453524,89.29905085100683,45.56301138861326,34.80324866923243,31.381503309676184,4.538859351252476,0.0,14,36,72.3718317670294,78.10500423607871,audio,Auditivo
104.33682134224549,17.375158185115588,128.7536135680398,48.31942418527722,14.710836208953449,17.189280953700013,20.0,18,15,87.93989213291668,83.23839266327451,audio,Auditivo
67.21896367946918,0.0,3.092580727188505,32.00937570870353,27.77596061792272,27.53483765771029,22.0,9,94,72.08836229573659,76.40278155043165,video,Visual
54.06333535799735,28.98926301016833,115.89086242309185,28.57332528448851,5.4124160746930645,19.79271807411047,8.0,7,92,85.55054548942552,75.68864611855645,practical,Visual
70.10809421439131,15.585751481716827,62.148836019266334,25.004435714193576,22.351352993661884,16.405389699934233,0.0,23,69,71.65793001933551,96.43276037239552,audio,Visual
87.46206353106223,29.83719604705378,100.08547053202446,25.344135129336518,0.20286645319528737,7.252130824304835,48.05957058259105,8,92,65.40027480855959,91.23080399340638,audio,Cinestésico
92.0531521408161,37.04439362365057,72.79305194205565,6.782976655364532,17.328625140582453,3.9458464914583686,21.0,10,95,78.65396208236193,90.36093385915635,practical,Visual
68.63793964474729,30.93503181953973,109.88444376089143,33.96382145411009,24.403539938779137,21.160400871340688,3.0,29,72,63.95331643897893,83.45403660803375,video,Visual
75.39802299340069,69.04935068941491,99.81378665731346,38.276774098766886,14.790314487689042,27.049177926199572,0.0,27,36,85.3418011123228,81.55675387688387,video,Leitura/Escrita
62.91232648044121,65.26877784751463,31.54828511877657,41.180410861168134,9.495623712440327,11.489200076174628,9.0,21,52,63.058413439086834,80.5547991876538,audio,Auditivo
89.05934971598668,46.00948719221657,198.09612469752372,45.07151030161417,28.461184692959336,5.887507939069192,14.0,1,86,77.77454576337846,82.42902540711252,practical,Leitura/Escrita
38.93840718367943,52.44414288086804,66.02817739412505,27.559444476463625,26.339167446389048,0.0,60.64680875026737,2,15,60.682703034752585,54.71754899686286,practical,Cinestésico
70.01282901710049,17.223337644384618,77.75454657684737,16.932104549885537,15.104293529693283,7.1538812506996985,28.0,12,17,100.0,75.88187277570216,video,Visual
70.18048679146433,60.78223574840537,113.21631699156782,31.08229855232642,20.418959211542766,14.090745260007678,45.0,10,18,58.46040440383686,80.52351321383985,practical,Visual
16.094551556036443,38.484714269290805,33.881566526694776,41.07355846224243,61.668131757321895,27.792985926693873,6.295936200366876,27,43,75.09813740396405,81.50867628511563,practical,Cinestésico
68.88360831193728,53.409612344824254,126.87090498470766,17.004983980131627,31.53502849781544,20.38506953786375,28.0,9,1,93.17894770142993,81.85877883622267,text,Leitura/Escrita
120.64101705841678,18.56285533919689,49.35368352379882,31.31210630521109,31.6257366818784,17.440683237654024,46.0,26,57,85.36385908587025,91.60904835724367,practical,Visual
60.153403699273824,8.924824679678714,65.37407255244699,33.49564427294226,40.03769752760614,11.799042709590953,88.46497440563199,14,9,83.51342122173138,82.57581749210436,practical,Cinestésico
74.32963966749043,56.35779316050058,72.52976378845011,19.229028245726035,21.66485272577147,10.33467426195235,26.0,5,75,71.82771611778524,73.77982575052854,text,Visual
17.53887773848757,47.528190521950336,25.954846468464552,31.0507387119812,0.0,26.24518078006371,24.0,0,45,97.3466173386008,94.4700461758506,text,Leitura/Escrita
47.38064031703923,21.95896891284979,74.06071402957372,52.85535865784385,13.210196535368679,16.605908326067116,15.0,13,81,94.42029848507919,92.71918303422366,text,Leitura/Escrita
49.71856450419692,22.60673837450611,181.44500256268606,15.80795934175106,15.194255867975254,0.0,15.0,17,18,88.68834820629024,67.41802709973074,video,Leitura/Escrita
35.931681923351434,78.95282119406853,101.01669160046785,35.248855728740885,1.2510793595246703,9.611682816822057,35.0,23,37,77.40580757726592,83.32705294374183,video,Auditivo
55.16142865001973,16.21176214265344,67.80761479354678,16.569684395112,14.161171470173255,8.134271745826986,46.22221870459385,10,36,71.96077352384627,74.04575614756985,audio,Cinestésico
72.12152570443615,98.40599599267908,78.50932104795126,45.94280539549825,0.19163529077366093,10.629887926580281,40.0,7,90,65.90347974166961,81.38863989200549,text,Auditivo
116.5855770363159,21.987585307042625,59.701512302723984,65.0674161808245,28.003895026284482,19.503285282280682,0.0,21,77,87.37150975478717,90.5331027964187,practical,Cinestésico
97.33277266267234,52.76783851216766,117.48041850397937,17.088647974472707,28.187659708488162,14.140440945646004,4.0,2,44,88.12207993601533,100.0,video,Visual
67.72651172168293,40.68358998880865,62.987659777204264,38.013117935620116,31.067745186243286,14.385076743970703,40.0,13,33,66.15890858970079,87.5127770514261,practical,Auditivo
57.76662252701498,52.063748621646866,131.9362122473858,28.895306569226047,24.147844620792412,25.507785290601895,19.0,1,1,81.53938376850478,82.94934735110137,text,Leitura/Escrita
2.4368635410287567,29.117719957716147,110.11105504497228,45.61431260696684,14.49761780676226,9.428311281706492,6.367007551303383,28,43,73.56576783541071,76.60178831691702,practical,Cinestésico
59.204583736523496,36.74414187855412,42.79199803039327,11.021123863721776,1.0753146584025461,29.9135962070988,86.8282599971502,15,96,74.6734409625969,81.82134871011176,video,Cinestésico
109.25150608352318,40.818383507914426,124.55762145739129,37.20880137641569,2.4313130059849826,9.629539269031312,28.0,5,82,75.64294878587582,100.0,video,Visual
133.89726337455858,19.956250884370547,16.43385065898181,16.90516549665971,11.972184170550424,15.713585572900572,75.41264076352266,0,26,84.46861461646179,79.55291243240414,practical,Cinestésico
76.09704509824188,54.81648690840252,127.03747458894796,26.895231163524468,11.111403019643253,12.750371236777864,33.0,13,47,67.52782691513256,75.76240719634308,text,Visual
69.04642027000837,35.759148772844284,56.95635456168089,14.534620872790395,18.402515020084135,15.987353068007689,47.0,9,93,66.5365300848734,63.803101344833735,practical,Auditivo
58.9586469088427,48.0022014318131,61.50554382611514,42.3352570634363,9.858357818730317,18.55673596058503,17.0,5,6,87.36619742142975,85.1304786741025,audio,Auditivo
44.87847335366991,20.113012507829755,3.8496440085969965,17.445294683406196,23.389758936682615,18.470681920711012,1.0,8,26,70.37355258118701,89.03037812931154,audio,Visual
94.28468443545061,0.0,54.08218489178075,38.279463889977414,25.1232232524776,8.975061355035361,32.128312553143175,6,84,62.369646464229334,73.54091826737704,practical,Cinestésico
82.55799098060322,36.17944474799662,44.92352585413202,39.399953525259896,20.105457117410257,6.016682580419435,28.0,24,70,80.12664121507477,90.26014125707297,text,Leitura/Escrita
83.73095841129141,88.25230843225832,86.87337028057516,45.65565174564855,31.402505526712048,35.025374327245686,32.0,1,88,76.01892628343148,75.7822313561237,audio,Leitura/Escrita
32.71837635615783,55.69208575796048,89.01171014460047,57.16869902218598,8.1976826579963,11.128125283195576,15.0,10,17,98.74755620079914,78.65355908175205,text,Leitura/Escrita
102.08382932808297,39.61479240531211,156.7902984521681,26.545629282381448,24.187045782923683,20.59369950937589,34.0,13,32,89.10633600941891,79.83335866702056,text,Leitura/Escrita
17.944468116231576,34.742183415834646,77.2661172990219,33.1555067031133,28.37827707722334,2.1388695158144255,100.54507232096257,4,32,86.47520616632242,76.49047257861912,video,Cinestésico
77.60571281400811,40.449317856240924,80.76868286903898,52.955018465316165,23.880538223709074,12.763098240762586,102.5534312137106,8,95,83.19973642346787,82.3586506574957,practical,Cinestésico
125.71366877429935,76.48286341465675,31.65682139040532,18.328578212509285,28.852563208659603,13.982404928140456,41.0,6,24,84.46243671615314,91.51515145933001,practical,Auditivo
45.977069157083086,16.383743693823103,39.173606863904446,47.577152149107675,28.790141545570073,18.78252055942266,16.0,24,13,68.11917873419682,73.47570248834526,video,Visual
43.01106811191684,62.28643389337744,161.71854904498846,81.66108096359314,10.53509204011572,0.0,3.0,13,37,78.7342019250178,84.88520138474009,text,Leitura/Escrita
103.39651023435448,54.30762630882488,44.26796378328637,17.75767516457934,18.17839416142076,16.329124904626646,48.0,26,37,65.10084686976451,91.08393626417093,practical,Visual
44.895730376514024,54.36371451415869,127.96728882200534,8.174180923641721,27.748429499985328,5.802068357056857,5.3499085895991065,15,3,72.89511969462967,81.53763829544707,practical,Cinestésico
13.480097068016022,48.76951477619455,74.80343367737018,43.97688608307819,17.269932519774155,17.59476568955939,24.0,21,61,90.71836254311577,88.71844569874091,practical,Leitura/Escrita
62.05688924418082,40.3923331538798,70.08007776502264,21.788887158496905,36.985047119251625,6.7093664252946965,52.8475217475864,15,81,76.34583284812247,80.49297425217159,video,Cinestésico
28.130888588216855,88.30332070490319,107.46278060804755,58.029048287445036,22.811920179102753,8.156138432595348,13.0,6,9,88.11480818960295,84.80229261905703,text,Auditivo
74.20777291905544,65.18525574466446,114.51623476785298,30.522113107497482,38.32561240356013,12.810979116853854,23.0,9,34,63.585842077727804,87.15864629571148,audio,Auditivo
32.417272972985906,32.91918578117952,66.12156039023193,17.96700887947231,6.537822387862357,6.581364243174438,17.296125565197148,20,98,80.0023835069824,74.95634799619393,practical,Cinestésico
106.49803215052619,28.52796454206198,98.5690076127677,18.330158807604327,18.775640102526026,11.195724426117161,24.0,5,22,68.8599359805787,82.99183460813798,text,Leitura/Escrita
36.50240122991289,42.03712590523973,68.04278430172253,46.34857438636246,18.543069548928585,5.452993851653478,61.271925898265145,16,88,75.94176469173642,77.49212392789369,video,Cinestésico
50.338154513829735,70.98040302990375,81.82851348812414,21.432240388737203,31.61394809302502,0.33463638641018,11.597872596344981,0,64,82.40333422556479,78.67318220280104,video,Cinestésico
84.40551652109009,15.217858486921983,144.0223746441117,52.75743487861594,3.8282810995445544,23.143656419434876,48.0,1,81,81.84726808044825,76.77938603521667,video,Leitura/Escrita
23.074070506981343,10.6494946849512,92.27354403308685,64.44608586153002,23.463127102248865,4.6316104574085735,35.0,26,78,89.56665154923485,84.71080404096887,practical,Leitura/Escrita
66.82379803812388,72.95652189863432,91.66102043081038,22.736124721037548,13.69951568651659,13.570552899136132,9.0,13,24,65.40267665167066,80.81644709018254,text,Auditivo
99.21428262847284,61.550753517244736,127.34259062948294,29.31106756889759,12.658381338789859,21.02312865195028,48.0,3,95,58.363100218036166,83.94544034316674,text,Auditivo
20.424455021483375,43.466833287408164,83.34583642926746,29.751473852662198,5.535017964593127,10.080447179871655,35.0,26,52,80.57029622487804,89.96111181606831,video,Visual
65.53901575596913,44.87906395817001,80.90784996016724,40.249867672741374,26.837410381943922,8.398672802035698,50.381710577688565,8,83,92.44010234075733,63.95878987529675,audio,Cinestésico
67.7964838274527,35.535954907303896,16.838121121847628,38.86116503265489,50.64381064628014,16.80990470933937,35.21477867846301,22,16,65.03955059830108,80.31368416099708,video,Cinestésico
83.45468615331932,87.93860457464918,0.0,26.69829403117757,19.748113164705206,23.943470581817216,17.0,5,56,87.22194180106796,80.63537955156816,practical,Auditivo
22.891478673657545,12.904256918997474,83.5931505230559,30.954735922447767,26.276804178744744,5.645477879308249,48.0,16,74,75.4342340881641,82.4259593715346,practical,Auditivo
20.386301607471708,23.43005950439508,66.68115190516947,24.423314827147674,63.61118110153982,13.798817343860488,8.03148557655859,20,76,61.64308478306924,74.06270806314258,video,Cinestésico
75.65824696850693,37.93490479701905,85.11161066314698,9.442954097179113,22.63755584822576,1.140043240261381,27.0,10,88,68.27423652627111,68.04530283334488,text,Leitura/Escrita
68.90954019699558,12.496556077098553,78.52355714652207,33.86401286097194,14.412004279376593,11.85439197054248,6.0,27,19,75.1578477336065,86.24606644894278,audio,Auditivo
67.5147855103763,36.48291191135858,67.8858694781082,58.38287641249602,43.882837504913816,15.273637476304604,72.49888478052365,28,24,70.95537712075897,77.26393443465831,practical,Cinestésico
70.39344628490927,73.22940331456036,109.47230877218645,16.744212889634056,22.587936303283172,8.163002865959474,17.65364577183901,3,41,61.87087023241761,81.71244047684996,video,Cinestésico
39.59925835264528,63.62313456580967,73.01388038906423,18.404554355959455,14.955773167028305,11.344065329398148,40.0,20,44,58.059607187745954,77.18539920111705,text,Auditivo
101.69475301786952,44.61401811437367,43.85768502254413,16.93908342534388,4.801072003810152,3.7341858535403993,49.0,26,30,66.53280672073494,88.45543588480407,video,Visual
68.79217419896044,14.796704696548396,170.41163083697114,50.347855621996835,29.262574910843924,15.616628891051949,33.0,8,64,86.6343496537019,75.50714652064192,text,Leitura/Escrita
38.56945745920896,27.67277183921045,62.40041237688291,36.7272818129466,27.43737857280118,23.445553991065196,41.23350174849768,27,51,74.93599247396862,70.31916410846172,video,Cinestésico
115.97323533434269,42.884770208300395,88.42878392853075,27.621934613753147,21.82098245815862,6.222849041836291,16.0,15,79,69.98762042499922,84.73731660768657,practical,Auditivo
74.21498762735362,33.64569806487532,64.7596773178162,19.56839369369044,9.640380713933606,10.018625867580937,32.0,2,91,83.11298444349988,73.9687991177388,video,Leitura/Escrita
24.260895083920545,65.63287590007538,75.5283270550745,55.401028136686335,24.359476297154725,19.020369971633453,22.0,3,20,97.80072695255576,81.6395148089481,text,Leitura/Escrita
112.80247970440851,51.15382121450249,72.94588805649937,6.530668089962937,12.380587618649162,24.69672575458189,8.0,23,29,78.94126510434148,92.62558861534458,audio,Visual
30.759549893180356,17.77084086125936,125.1407393307782,55.65778799795788,18.582912782981758,3.0544815023285494,5.0,2,2,78.27985771244653,74.13187284396918,audio,Leitura/Escrita
83.61253811227357,44.9300955686401,86.79394623783915,43.07286579131901,39.28872660358059,13.649722100672406,2.324306908819207,12,97,84.28072006660689,67.96114365627015,practical,Cinestésico
94.75786737022213,49.9644349699357,89.93347064185818,14.836062323053106,27.90759312232529,17.265046578556202,37.0,18,69,74.48343125769091,100.0,text,Leitura/Escrita
57.41678215142247,62.80298077042533,5.727407568036099,7.012225847555044,19.779699274830595,14.183548874969215,8.0,28,42,72.75080460444649,83.99855719411852,practical,Visual
159.42244629893503,71.61081373136747,54.8529140744064,53.69156837542289,2.318689672932816,0.0,2.0,24,28,72.98912064399632,91.86865563714738,text,Visual
72.38342780809495,19.698116163442627,141.92042066884,30.923525169568332,49.92810570060641,19.008720074470176,15.0,20,2,71.34180236464607,99.39463549570124,text,Leitura/Escrita
84.6618047998347,30.37093074823907,59.59183722649128,47.039217689157326,37.45858970273136,27.154690808725153,24.0,25,57,70.80125837715642,87.89907746853893,video,Auditivo
207.3535070035021,14.848442821707675,61.37658091199082,27.690035022032525,27.226748248882984,15.933294009356027,23.0,0,32,54.25040319104697,86.72848039197142,practical,Visual
84.64943830215518,35.31960281786037,104.5231777067078,27.57067774588009,12.467962184090293,6.751151573645894,46.0,22,74,94.12178047662954,83.64665332062529,text,Visual
37.38791506927531,62.0269013612783,45.0809370459377,36.576190492449676,18.864078382980352,10.894982029085735,28.0,22,44,65.62586211563686,71.67392780261152,audio,Auditivo
33.3145671112343,95.34044443169545,16.00188736149851,16.74001714880339,14.56579570223483,29.159304541244744,43.0,5,68,90.86114131421311,88.81696426957743,text,Auditivo
35.52569145103685,38.48097952714954,115.58918997802049,45.80663443965396,32.638559390963884,22.27970032688447,39.0,21,31,82.65747467854231,85.66270708058688,practical,Leitura/Escrita
57.686948717576875,33.60304953490312,64.85067850730503,41.41397411574149,22.62502890851834,20.120212947074634,25.0,2,81,85.09640326045299,74.85574181738257,video,Leitura/Escrita
87.56537779205496,43.03515984497481,36.18137880863611,10.192598348924527,12.158361416401672,17.85130066827501,37.0,2,83,70.11200201649069,73.23587539793797,video,Visual
68.30072397990057,31.491011499217965,63.86175404354582,35.06223112089599,15.29244900875218,9.710903102472221,34.0,15,51,77.07929691961674,66.78766262336309,video,Auditivo
84.81549747108072,81.79077443389546,116.47377833172024,31.556639127579803,31.211881425699048,13.395430554753851,22.0,9,63,88.99046733264039,89.86514003804201,audio,Leitura/Escrita
60.39005675633721,11.512496775308993,69.67490034512645,27.644627573329384,36.00097846820478,14.376618114571873,3.0,26,39,81.64552414394183,81.2037312895556,text,Auditivo
103.6060223147195,43.69481157791449,142.30034572552776,17.89731860816552,35.283315634862454,19.39659452851555,41.0,24,91,90.79552950972361,82.14984536332751,audio,Leitura/Escrita
52.06029500286132,80.47212438459279,133.46926944803982,53.87100551644206,41.20879953327391,27.07135115413523,21.3300850907857,16,12,71.31667289960824,71.77051374137642,text,Cinestésico
141.60507499768858,40.13599689119996,101.5318964486121,76.28862005645153,17.473751311973633,23.946705094345024,46.0,6,89,74.88411394154568,65.36496896695594,audio,Leitura/Escrita
78.77002043295019,36.19921929997011,79.74220221256344,44.46233826257968,0.0,3.644925153631675,76.69463097306932,12,79,59.05823674732396,89.62613574711632,practical,Cinestésico
34.285273307511524,32.851091543791455,93.00271713327574,39.408191422123465,22.971600238082218,16.79195975120839,6.0,27,88,87.98240967961797,80.42039036997231,text,Leitura/Escrita
27.873225058166632,36.392166364751844,40.37740980395595,4.062256657448696,31.735532220993317,20.894106761343174,14.788725397496545,10,73,85.82378711323443,89.0723466005762,practical,Cinestésico
74.47417245729557,67.45696949353061,70.7347921896166,95.74730490712787,21.399820963213536,19.950882641157083,41.0,9,28,100.0,76.14066873484435,video,Leitura/Escrita
53.29611644022447,0.0,53.2434499967409,29.083537379911977,20.538973470332063,9.966129892900645,18.0,6,62,78.05172634580508,77.63182156963141,audio,Auditivo
81.42001482276277,70.6686740259265,82.5816529141494,18.768003059699193,12.059859860414987,38.31287372614689,1.9508836964276144,23,83,67.33520227091431,87.13298176620631,audio,Cinestésico
108.17993906589672,11.5208569509971,152.2176525345265,36.25202361724671,25.574085568511855,4.783323501351049,46.0,5,25,58.029038567105445,96.42004659941763,video,Visual
92.69125656699647,34.6669534153117,44.93847973034559,47.506811820049464,26.3221631403185,6.3344924266716,0.0,23,95,85.4166673308335,95.6922218521499,text,Visual
34.59618845794785,31.41511159402676,55.41811430345881,29.654241658718007,38.22830569983305,16.86876065009261,92.70110773816099,0,58,57.03723433222464,77.04798746897303,text,Cinestésico
14.554583259424064,89.17478788531858,67.7906945411063,49.17862751909062,29.46577003573387,31.934424439710828,37.0,16,48,71.59395922256233,86.14547237650868,practical,Auditivo
46.60455143798937,10.087420110663608,83.85295970484114,46.24499907775303,26.040516449216234,8.310441194366632,12.0,24,52,72.75693172056354,91.09099465476719,video,Auditivo
85.69196382970418,75.76351377143153,79.22427841841747,13.854282188969126,15.899705884610892,12.873373074824062,41.0,11,87,74.3054486214898,78.95227988318466,text,Auditivo
66.42281232390611,128.81810852654414,114.9433527881841,19.893148415107852,19.291631520839097,23.618349384125544,43.0,3,30,75.35802600035841,74.86511636225947,practical,Auditivo
22.62783663864036,12.73651990814379,0.0,68.66520011179969,20.91124867253377,14.857102760898131,23.0,2,11,84.33962725905981,93.42747603316766,practical,Leitura/Escrita
65.19542777553546,63.666467353507734,0.0,0.0,21.076994491066184,12.323169163757635,31.0,5,57,50.846367379214705,73.45554266448693,audio,Auditivo
71.5595213918651,26.760356444067817,85.88437635336732,33.98247207775758,29.982176559717296,19.52506321509376,29.0,25,35,83.1385160376764,86.29476497114477,video,Leitura/Escrita
33.48427691396601,77.48167861261379,108.4055065640298,8.537531975629921,26.43668753022491,17.180143921836745,5.0,27,9,52.70424425888123,79.41577689480138,video,Auditivo
64.61175317836583,65.49323438588748,15.202318893804133,22.85169297849713,40.77343439569953,23.24351028509433,37.0,15,5,82.32218073090995,61.5843438351544,text,Auditivo
95.4820166954776,27.170261819113808,0.0,25.517698664561937,42.06468979884672,25.33175111252291,32.0,12,6,69.44874844196389,97.19446391600535,video,Visual
25.710891065081306,62.97342601037288,89.9912792176723,24.62633433138738,20.79649582613925,17.456024480042892,43.0,27,30,53.4296327477665,52.42146370452632,practical,Auditivo
118.03938768874843,76.08696219573486,78.52800282959501,21.71608121831087,0.0,17.333861803026473,22.0,8,90,66.85795322614624,68.15885951593461,practical,Visual
76.82353579104704,62.39416198321715,31.84270576201996,13.54284525556779,32.368324661272666,16.71288785828907,9.0,25,71,69.29924660815347,85.27330079480672,practical,Auditivo
137.5961133014755,54.39515884296364,35.50611397476745,64.37866900228029,14.596236610129456,18.913044453194303,45.0,10,2,86.90699617555005,90.04596411119704,text,Visual
91.6140615610471,14.134540842576726,47.68711389734355,97.38704350225126,11.985160781689931,15.441365102971712,14.0,19,46,81.10154014658626,73.62420142122464,practical,Leitura/Escrita
29.761667169959264,20.871272463639826,73.8687361115879,12.569012696155756,16.01554725010633,14.995132141421685,22.0,24,84,78.4444494435058,86.19393193370234,video,Visual
31.865248802546315,49.44812555760755,65.78370198465123,80.95786118034523,15.533569531853935,24.57301696661794,35.0,20,0,99.0983002373573,54.68569954221995,video,Leitura/Escrita
75.4510580162598,69.6823205707193,87.29223716414319,24.008017642907205,33.33457178489099,27.128929442840345,0.0,12,44,74.0385571207551,87.069754644706,video,Cinestésico
75.41357852736627,47.1122669757132,0.0,31.937812099975655,7.657257755116618,2.9395764429326334,11.761304235320734,22,53,82.54187961032403,82.49725487053597,practical,Cinestésico
75.45143058918144,53.2611145417136,40.01018472052702,29.05089060154626,9.222792542083983,15.080169213924552,2.0,18,49,81.83861113931992,79.54357146666204,text,Auditivo
175.58194471964163,51.86515717463929,30.58811136811324,20.103770381190515,23.431585541974165,9.490444532438122,13.0,2,78,62.135305064305875,80.20841482137772,audio,Auditivo
77.12671532079501,14.991845320605648,61.02807625696278,44.757785154092204,35.103470457180045,12.512228268111421,36.49220420397445,11,6,89.7298357762983,84.93254176193032,video,Cinestésico
94.06696920541796,52.09030652710734,51.16832845284515,31.88829795864987,43.34355343045386,18.22012967788257,50.951968008424245,18,62,60.796982199293055,79.7109847650214,video,Cinestésico
88.62005290479607,57.646661246468184,97.92453229635183,22.85172865171138,16.720116298648374,20.355506972339747,110.64908141346069,7,14,84.17366649477847,61.2594449726878,video,Cinestésico
79.54173753917394,42.693757850449906,4.923212991897984,10.431158342992912,10.217343507337599,14.10298845110924,5.0,13,88,59.82926963094367,100.0,audio,Auditivo
50.54192266078963,30.59915704480997,94.92378673484436,23.469686720396375,14.933651662120807,0.0,4.0,21,66,91.40271031097917,92.00800819428451,text,Leitura/Escrita
82.76907661479802,72.44379591907304,89.5417748124097,5.379298265968547,22.398727522847253,7.279635355390563,45.0,8,29,93.61914878150174,67.15055338045173,text,Auditivo
36.81524356387285,31.26560527918809,181.3759440833263,36.22446608557297,34.854773692725495,22.171997361601328,40.0,24,77,82.36410268441598,76.54862769523409,practical,Leitura/Escrita
52.895441797799734,38.67734770748355,66.20745250939504,18.691182136336103,0.0,0.0,39.0,23,67,82.00544750259945,77.6396580984396,audio,Leitura/Escrita
70.54766332261897,81.99443578333032,81.3560511523381,26.01659231222188,17.792712430416334,24.499417213456,28.0,16,35,81.1043999931685,100.0,video,Visual
62.456224181589675,35.059485985080066,10.886919266794067,78.93217784773952,6.673215589747963,19.16983992515633,34.0,5,66,79.9524710523272,58.40731064680232,text,Leitura/Escrita
173.5738039914537,32.83319695957556,0.0,47.98949359382378,3.477573226465104,25.52940865224018,17.0,3,4,93.18278703742821,83.40348214152758,video,Visual
3.982044222247559,27.049163887296817,159.2308949467941,39.654683218098064,29.669566453448166,13.411446504952316,39.0,3,24,85.3689713364902,62.393635566624965,text,Leitura/Escrita
80.5878057112354,81.1064821127963,69.80538972231753,28.69372910785275,25.446245744993387,0.0,47.0,18,94,71.79830491779275,77.14904484171662,practical,Auditivo
11.618523864310447,57.39716420533888,111.24794414294479,58.19811824131512,24.494335159472623,18.442901132051983,29.0,11,10,69.59714472104316,75.27499106915096,video,Auditivo
57.24684979721984,27.01253923357148,21.930898886058777,37.81134180538067,29.210258397309936,25.19722499230673,14.0,24,71,65.67051529826979,91.12473498838646,video,Visual
152.75429758407708,66.42608064546025,88.19657488350634,25.082903101852157,15.20281103233864,22.39777444410737,14.0,1,89,68.72245013242511,78.90569482015874,video,Visual
61.928400572863886,95.6711115076781,135.40862441903488,8.60972824319322,15.673624836664718,9.698468132095716,15.0,16,65,71.49326606341404,72.48976608609476,audio,Auditivo
27.66765666212082,40.18942461450145,84.68969629250431,35.90809827247115,41.857306167225744,15.694088603701173,32.0,29,27,70.1236092650142,86.19656691763149,practical,Auditivo
38.540888722200954,2.669200972787678,79.68035269568671,42.439856588742934,30.139664892341063,10.737309849760608,20.949400717320668,14,59,68.41824725862897,84.5467274094258,text,Cinestésico
80.38793246804028,60.150273796738446,107.86073998150046,34.304896873320956,27.35132113054091,8.445868286485023,18.0,9,9,100.0,85.51398342778242,video,Leitura/Escrita
38.0890010484859,26.30740348479992,15.019149000593075,34.368041327070486,33.95159432605745,22.64310856943881,81.38106614439131,2,49,64.69904923510511,78.23099909509158,video,Cinestésico
66.49375768745925,76.87900146845978,117.44505274986219,24.546400576274564,1.5174146992158484,5.419741509878703,49.0,28,38,76.46632587646175,74.2826141777481,audio,Auditivo
87.83045535455021,0.5979236457632879,48.619982606822695,27.239514012014958,0.0,7.849468555347099,2.0,19,36,80.92521009760873,84.18766427784956,video,Visual
40.451989571825486,57.851946765986185,150.1463615637735,0.0,14.210157800600953,6.167794932220916,35.0,3,62,89.96693738007822,85.01162070068452,video,Leitura/Escrita
201.77490593461397,15.776561414384375,15.293799270006126,26.673278944257966,30.56101251669989,3.078019813607627,3.0,21,60,74.41392924217529,65.42742119770837,practical,Visual
79.01757066954033,93.7135159119335,28.71891174222769,44.54053953612082,27.882916566360038,16.171314334740828,10.0,0,84,72.5929742815269,83.94111930370858,video,Auditivo
0.0,40.28546135672868,120.22805897277824,20.528961666501626,29.14077164224034,24.292024387855808,40.0,0,91,79.51547491239506,93.87279827473863,video,Visual
103.2356102579047,20.921211612067104,57.8444198864755,30.787895523229743,10.129538210636847,13.520985950037876,32.0,17,37,77.665216499782,85.27403144256677,video,Visual
48.18148964415491,31.859273741464392,120.86464166148906,18.660739399621193,36.15872490122314,2.9540175954866683,27.0,3,32,72.41041165232487,87.90406031918404,audio,Visual
114.65095950677166,53.726369139134015,67.26192693295188,35.4066251443916,10.351066998136156,21.71955631793622,31.0,22,74,59.38121428275569,61.46245299355356,audio,Visual
36.224377847018985,42.117889062304684,8.143508083962715,35.918263708769054,22.128243986699687,28.48561403227977,15.0,21,44,80.66074742996454,75.60146736899594,text,Leitura/Escrita
81.65004975141645,51.68825960944969,101.22236599061023,15.911376889769898,19.896477100922635,9.830061406827244,8.0,14,43,63.53449836292542,100.0,video,Visual
75.14961836941372,79.52881169030971,49.35376887855372,49.988272014976914,24.09552073474244,11.171565866258254,23.809199954597524,26,0,68.32840449933673,80.12901295568305,audio,Cinestésico
85.97265582510364,8.715167765778972,94.45410847309653,43.93398020298323,51.913068457041994,19.125285040667155,8.542530240701078,24,52,75.33223238516959,76.92710161325282,practical,Cinestésico
23.991107788326715,72.34425149937248,115.10201199609672,33.98488459859175,12.948894798340394,27.974989982280412,48.0,22,46,90.09888466622314,80.16906195590113,audio,Leitura/Escrita
49.96496292477155,42.087118750464256,15.99086202199954,37.46682464126666,8.929411087259131,10.841326834198192,39.56698362539278,27,32,92.80452751292407,83.54772868628008,video,Cinestésico
45.751640665171315,22.024319033537438,95.48132165282217,64.98657677105138,20.199954862064192,4.34040175201436,11.0,20,66,77.60918815452186,86.58820244689464,video,Leitura/Escrita
40.40012302278865,13.393727485220204,252.20448286592423,63.283349925538936,16.001732657134735,20.051348850179252,21.0,21,89,87.13614563006178,77.71119836842058,practical,Leitura/Escrita
112.96362720843291,36.21759218445933,124.51838519942882,6.407684746986815,53.77382919082646,21.392544585138396,39.0,9,14,85.70803741158227,84.24919602393683,practical,Leitura/Escrita
72.14945132882866,73.65937385114512,67.9868786448088,45.09909811548942,26.76507476439975,15.049051603481814,47.0,24,13,87.9599767063979,96.7665080276136,practical,Auditivo
38.728162944422856,37.449017592449316,107.63701906849141,21.45451555611403,15.906594247813757,10.534933922740395,36.0,16,22,80.76228719595626,97.31925129464321,audio,Visual
152.4308280443074,70.22309860494695,77.37339628210887,24.632580998380995,9.438884308129134,22.95502984793637,20.0,26,53,64.91518572713684,100.0,practical,Visual
123.664685910379,10.976486198968821,101.37026932943972,96.34922471244839,1.1971158943121516,19.224288036383715,32.0,24,7,63.47051850151999,73.43229641648284,text,Leitura/Escrita
90.97395781653441,39.75822104307891,31.793118974431408,34.528100710815174,15.80941810099328,8.852515864772057,30.143223452626223,21,53,78.11261699667504,96.76189507502015,practical,Cinestésico
24.766275728139956,14.952131111737618,78.18468090263595,24.20516286829237,21.149417717591316,15.392757850445372,28.0,11,35,69.7154900209961,78.73093414394302,text,Visual
45.47297781401246,66.2001541420444,106.24051957459307,0.0,34.273286515947696,4.186339743802828,39.0,19,83,65.19686254049402,83.53566146740464,video,Auditivo
98.00733447559868,57.73774780194601,40.73782467649914,50.846462009195335,39.21936572585619,20.48712365150336,20.82107317707706,11,51,62.324222954669224,87.32476529238099,practical,Cinestésico
38.76991603143658,31.584764126378936,205.22421770931723,12.179065333622946,22.290948316463794,12.902131444937153,17.0,15,5,83.4238186605982,74.89222808095528,text,Leitura/Escrita
109.48372401367699,0.0,66.79028915492059,14.948416447507448,16.768323342975155,11.514313340922103,46.0,4,96,90.07707699313364,88.50398774922117,video,Visual
83.2390216028801,78.29447288331129,38.928067096151075,25.029715513682262,22.688123564121543,14.737004118780527,12.0,28,27,70.91327654293958,89.1046110245184,audio,Auditivo
48.987518025197474,48.73477103467019,104.91712269220855,51.24617687550439,14.81362002515424,15.322461594641982,26.0,15,49,80.90270311075322,81.43325787469865,text,Visual
58.214239318146,48.08589509923395,59.96220174916058,41.59859979998639,53.40523492354013,22.159440492524485,13.831492423632778,16,37,73.97733649782407,96.69383459547647,practical,Cinestésico
0.0,64.71564383644308,96.58302106201377,27.6324373523961,22.29802440823071,19.728724250601772,65.16820382331629,22,29,62.106179108966074,66.1540337527265,audio,Cinestésico
48.267135127722916,18.578926407019022,59.7884478709512,34.624380954582314,19.13662141753273,13.748725769657579,40.0,28,80,82.34811343510417,100.0,video,Visual
52.422955458205195,79.20515778723038,67.90608497645337,20.99421460693341,0.0,21.109345197751963,44.0,14,72,64.05307955972629,90.01326134799592,audio,Auditivo
22.566504541054513,103.9444365116863,87.27460715170021,32.09480534348026,18.04565153477236,18.205898029532904,2.0,12,91,75.21626630593565,79.10274423672222,audio,Auditivo
108.97233911794905,4.428248319869667,110.81241894693284,43.91876132182099,28.364841379649413,11.587202909711703,21.0,7,53,79.55790296003802,75.97331788763269,text,Leitura/Escrita
17.095758661181023,46.393036518379546,0.24026202003743008,74.90849710500024,9.322774229614549,14.002254734108114,26.0,26,70,91.8488725297268,74.92971737208977,text,Leitura/Escrita
46.79866539909049,29.91640337984657,40.99057243951977,63.71530131296998,12.49279665507187,13.814216889255034,2.0,20,45,71.66454752665798,78.64204359742985,video,Leitura/Escrita
63.92221731858274,59.8300161457742,102.52934946767854,37.40966073308467,27.927110177336647,19.042090745393615,32.0,1,27,78.9086990780196,79.51504138451173,practical,Auditivo
103.23819867198347,46.95352967076673,65.37521938844584,24.564786636808467,7.872781782396528,12.063819082226866,1.780741952942658,7,16,66.602025926513,92.55226246634581,video,Cinestésico
28.17722196358275,30.255428717728954,51.66940440300024,41.1273344158519,30.578010075419186,11.876726508626934,10.0,9,47,69.88894787671215,100.0,video,Visual
94.89491256464879,26.485838416767763,22.449909465988398,28.620473006954303,24.49993682698494,30.75005847547167,104.57351102216062,6,43,50.0,81.99379920654007,practical,Cinestésico
60.30699183058761,40.68304834976049,40.981467918230614,20.793769146884785,16.11431779508797,22.517883853976834,9.0,9,59,100.0,71.54371512010596,audio,Leitura/Escrita
30.554740468561473,18.255081222743947,0.0,23.95068312133592,10.830427322503736,8.915194684598887,74.63728969022088,24,59,80.50556932826231,74.54273959363806,audio,Cinestésico
127.96689229480253,18.283497422296293,66.45517484544635,31.267904756764867,23.78046260427883,19.567527951537585,32.0,3,4,67.32652514061836,87.13851161686027,audio,Visual
65.9717908672041,53.58746565913007,78.00027535890877,72.1555406843655,44.598719850293804,15.946800525241418,6.0,10,68,70.47550865330167,69.69877894703225,practical,Leitura/Escrita
41.99349368523616,17.02411929682688,36.169423815513966,27.247077417642704,44.549424022513904,18.13240940208075,34.93479243252352,8,77,70.0435124712066,68.21058597892622,practical,Cinestésico
62.09406254970057,91.49480328345324,67.61568011912163,11.862019331405907,11.357147380594641,16.098730596520838,25.0,3,69,82.16879534819452,100.0,practical,Auditivo
48.44059209414719,49.25182585707903,82.73897207984584,30.85112524945229,45.277091233613,24.517141163881888,23.308462829083815,2,6,56.079150744150745,83.02613525946254,video,Cinestésico
63.40552035753744,9.105262862354806,143.2619276273481,31.701840600848286,16.833204540657505,17.764962757211567,37.0,10,52,73.58415580705662,71.66866866319653,audio,Auditivo
79.8639202356314,40.71090004156803,17.084080315287522,32.7875644335413,33.7448498142756,14.5032904142857,26.0,2,16,92.70641872462673,88.16603570357712,text,Auditivo
107.58050448436056,63.88218806094745,110.57833651551827,43.79807273931645,46.921434818776,23.33752461586414,82.13673477574406,25,58,63.66053664032196,68.21653875193155,text,Cinestésico
22.865535035194526,20.376689377206368,104.05855463552751,45.283848601348474,0.0,16.866280328702977,10.581981678418575,17,8,75.80385038763654,69.03987952128946,practical,Cinestésico
123.99100123968799,30.711914753812245,68.49538445339587,31.21647138979521,9.959203670449725,15.971828634632462,0.0,25,94,100.0,71.96957598935755,text,Leitura/Escrita
2.116992246142441,49.24121786503793,77.11325841051108,20.75784812926585,29.443852228353897,17.512180819888915,9.0,18,21,81.32151629690773,100.0,audio,Visual
55.4464471489325,55.66781018565191,95.78665989519976,22.909998122520893,21.516572721450174,14.251127813069068,20.0,13,44,86.81142080214092,77.47119934221627,text,Leitura/Escrita
77.6495161945373,34.969222279110085,95.00439882654636,51.81557007745195,9.762440522921494,15.073815943963751,14.0,23,72,88.71089321483011,55.58293013097513,audio,Leitura/Escrita
68.42975603205097,28.049796106167168,122.81958546915928,51.73230162506573,23.63035617012804,10.306443289905019,59.2521583713511,10,58,70.99134664990298,92.10065933175593,practical,Cinestésico
59.37115342144073,68.44739723397015,91.19621814209596,25.27377108136615,0.9376337991061945,8.99066224300897,29.0,23,79,87.9963128530344,85.89910608454498,video,Visual
53.756332489281746,126.24343390019331,87.80129306317048,26.378541529125105,19.11626712473604,7.0114369081404835,7.0,1,99,71.00669977099788,61.50591994121594,practical,Auditivo
45.209971960235016,59.57716101563591,54.939173801587515,52.00173835348464,61.707941700181465,3.8641337056233915,46.54456232449461,26,97,55.408183912640226,76.8331651203659,text,Cinestésico
42.31905729167366,62.63181448349366,18.058016727648265,37.58336779822511,28.049333907323255,7.962261108923548,18.0,1,12,71.0869689605954,85.21003896604903,audio,Auditivo
85.48806291063073,23.834685567181474,62.703612631085726,36.54353557201583,67.40648023113594,13.605863724264594,4.509070003046537,1,82,65.33265470123297,84.0404916653297,practical,Cinestésico
70.71046457895142,29.20837955829684,112.23128542023703,12.1362524103941,28.8239708978998,15.824940659565096,14.0,9,11,72.18805987802571,97.98414979164819,practical,Auditivo
39.21271214218037,50.450282105315154,16.549125019362336,40.18092103919128,37.39801736283746,12.829627494818876,72.74513533070699,22,35,72.40915940919369,71.47232137430069,practical,Cinestésico
132.57043628681026,48.36796441777368,33.07187211381567,16.062954892353627,39.74078687745023,0.0,5.0,14,9,86.97423199804908,86.72378740703897,practical,Visual
69.21898562629828,118.31290617469732,74.41937076819238,12.989697210975628,23.772632593422266,27.59669086209874,41.0,21,15,81.95292726664385,73.00430721421579,audio,Auditivo
84.3858635651688,93.73430790245406,35.53708253034581,24.79842634849932,18.1277267849312,23.691840983123054,49.0,11,91,77.63265487575397,64.57807105812778,audio,Auditivo
78.88886525770837,9.938393964803641,60.56547457924895,35.30922295708688,30.326575166220124,18.56607880973703,47.0,10,18,79.68841513379601,88.85527372305955,text,Leitura/Escrita
35.130149672337836,61.038952354458374,79.68289994000729,32.94804126820883,34.53840237121885,30.259925380426147,17.0,16,5,72.17371910194724,84.6326956914752,text,Leitura/Escrita
67.71152688103749,20.03878745371174,22.20339085334477,8.385275482126218,15.20035357287791,7.181087060130315,37.0,17,3,53.18824762334323,94.59862232444661,video,Visual
82.41880815369785,32.32057456095297,58.78491768889938,55.1433501199354,12.784309176599708,30.101000965008037,18.0,13,29,80.11035522135913,84.26790193258644,text,Leitura/Escrita
78.31110796300395,45.00400412503389,94.61997708755581,46.91529441774644,36.402952448970986,7.2782873859956165,79.71453168476776,16,94,82.94641203573659,73.1452714731158,practical,Cinestésico
59.372952181075554,120.62884023595278,24.24205762191626,0.7898628878877858,28.31498866931662,16.90990340233085,49.0,14,45,73.91666116755411,69.94304912681807,practical,Auditivo
95.26202537747515,102.19837112010723,14.074475292680681,44.67686708499825,27.980910486615617,4.809301398926365,29.0,11,26,69.651456772133,89.41470013443178,video,Visual
118.79004612238735,52.134461182723655,47.9491257163137,17.842070552675604,5.758323998124009,15.117552764354935,12.0,26,44,79.64502165214212,99.1672996254876,video,Visual
42.2528583349251,36.33606762559224,95.6184425878446,42.85463305474179,48.37805121094405,18.08933198398711,94.89814203214634,15,84,74.16667799375654,96.08077135453547,text,Cinestésico
97.83868696719375,50.69011296961101,63.10773672010887,28.973302610003767,13.588350706031495,13.762477350923563,11.0,22,36,91.85744191973961,95.19228707547782,video,Visual
53.93422042698318,57.75310851747672,53.739662265953356,30.43163346121498,25.98527692910234,20.7110195527211,62.56261468897756,5,8,87.32728342068285,80.29174426768095,audio,Cinestésico
93.01568940659632,33.586647488856165,71.55255791304624,27.22353525868172,10.973456400121803,15.792115595898059,11.0,1,60,84.59508057023329,87.50849464323299,practical,Visual
145.29486849100243,75.90422711824644,8.900239849912182,48.181938063502294,46.983288359370874,10.820682172979925,43.0,1,34,82.57734114209904,92.12860725153338,video,Visual
84.7624904696409,74.40649826804358,87.31469788212614,11.406179812124577,22.420706702879674,10.465493457581285,23.0,15,46,62.09832585548543,69.74056660300572,video,Auditivo
84.40528908001916,49.95486178182789,104.1271285304683,52.492387008721316,11.49024919318435,21.487310180925572,3.0,1,20,87.01813457783436,80.24647378210543,practical,Leitura/Escrita
121.40300988216835,53.318485041089225,55.67420340664975,46.51995247334325,28.63923549962446,9.770063761544261,35.0,7,16,78.76325957646576,73.90094532860721,video,Visual
60.63011524898277,61.57792764013272,105.20735791287458,40.74510120810616,27.69135779310033,22.323223763879497,49.0,29,54,81.06424728391164,78.7592277389696,text,Auditivo
80.45858913884892,56.778810009392245,43.31856048375644,84.52267021497933,18.12272976420116,24.78169434265545,47.0,6,87,88.66562761199738,96.36105110596318,text,Leitura/Escrita
50.69199730219632,33.61502387806588,109.47681476387493,22.06579855912952,28.406067127833833,1.6502891012309604,13.0,0,94,79.52762587848065,88.22859222783352,audio,Auditivo
69.72499057465326,28.83396492107939,135.2397734327777,53.587505362489225,11.747080391691355,24.063411098408277,16.0,3,5,100.0,70.76880815763471,video,Leitura/Escrita
56.09570836896946,25.979422049950742,58.22065935426393,28.408640469878694,15.070817250507478,31.48338158755759,48.0,10,34,74.23814330048081,79.27570930357717,practical,Auditivo
104.82550026341026,48.79002461240453,69.3044227621091,48.50109114529005,0.0,17.016030089615427,2.0,19,49,84.3633738082933,78.0732993645198,practical,Visual
77.8547107631074,55.57873007024228,81.05624031472426,52.82782564489048,6.760489157804372,19.79267348235858,37.0,6,36,74.38614556714748,79.3748623182279,text,Leitura/Escrita
35.45337950299582,49.155457323037716,112.7099013746201,24.181863272062955,58.345698840789005,23.29604259495327,34.754935550504264,17,12,82.90641583887673,90.41107816524563,practical,Cinestésico
122.7716182705638,73.48984866695075,32.31623053851453,49.59108305807443,49.778352110015256,12.796141478567822,26.691928809768257,3,24,84.39319890232456,86.53007938309904,practical,Cinestésico
29.819478555008942,39.88807962341907,70.16427589368848,38.74927571337335,20.657886486489627,16.458241788302956,8.0,16,95,83.26366785222115,100.0,video,Leitura/Escrita
23.574341616368038,53.37483311185025,188.34643201334424,13.03311163810487,36.629314471898375,4.486403763015126,20.0,28,0,100.0,91.92477402507572,practical,Leitura/Escrita
94.74332620500203,18.165982477213714,49.15627726856493,22.24729675239257,31.99614416272076,16.10908022824361,96.3940389945634,28,48,66.15723963639583,82.04000381077691,practical,Cinestésico
83.74988081888807,32.25800595051198,123.30912056459766,50.25998167504605,17.56589697432092,18.984895965156333,7.0,10,34,74.57551985345879,86.77149974133293,video,Leitura/Escrita
137.91176058763435,53.91075515131555,129.48025940530482,50.88058127380637,20.565106484655562,19.129304183411755,16.0,10,82,77.1238008602349,87.05039831948254,video,Visual
78.8503652779284,56.98204221486288,55.937174057042824,31.66694062944768,24.099936881966876,23.523397788780642,29.825542304322763,19,52,83.80806853484222,68.72495752913504,practical,Cinestésico
59.63259681459256,55.25211661062735,93.84768143013568,49.77295600851038,17.848036764398195,8.801582574915766,15.0,10,51,76.79429521294934,93.05776578287521,audio,Auditivo
33.08236885542505,38.56801496283866,50.05174455678062,12.458464107517507,31.433981071495527,10.739145946612028,27.0,14,53,100.0,90.08991476931648,video,Leitura/Escrita
62.27413674581179,9.642525066383811,168.69032451966004,41.27102362853203,21.501356539562032,30.16405876793084,15.0,13,75,73.38948942675393,77.58945785406036,video,Leitura/Escrita
39.68514865463665,32.85941598386781,94.3144785411726,38.279698302750916,27.124817644338044,13.79737300989032,45.0,16,46,71.83828441964697,82.73935736931338,text,Leitura/Escrita
133.18658231826987,57.80766327039572,86.55633987560753,28.281608587912206,30.31380525277331,16.600270298498625,45.0,1,42,78.08128336536505,100.0,text,Visual
55.58827855493584,51.50410032213132,66.45032195990684,41.04906079143093,23.881857956547336,14.463919666198231,13.0,17,19,79.83719328716325,88.4635142620602,text,Leitura/Escrita
35.235084096224654,76.2792505064943,11.862080455148963,40.36366436088289,10.297286740917611,8.426553389559821,45.0,15,32,80.4286372035822,65.368987487503,text,Auditivo
50.358424750410194,40.9954737436192,113.79379293951456,38.49706123372222,6.471341110359612,27.98823368713445,43.0,11,92,83.48900379678084,82.43620021489824,video,Leitura/Escrita
114.93393586020206,40.14126317256353,0.0,32.085430304296885,21.48780634807305,10.778388704635155,37.0,9,15,71.59980209376543,85.24517930886216,video,Visual
55.82683471362571,26.79357721053106,58.892732771511284,29.323156645139225,18.287436951750657,5.981715810344561,19.0,27,77,74.25062428276277,100.0,text,Visual
35.333388133007055,53.976568404050695,181.68371714011045,25.31891667544092,20.873914289201217,11.394077781577987,44.0,15,6,84.51618636912734,90.3104273878266,audio,Leitura/Escrita
67.31061634475736,48.4194588877878,98.663941292108,40.820909870959234,19.839459607514137,0.0,47.0,2,69,75.78686111147032,93.18607828178045,audio,Leitura/Escrita
96.4887053219133,49.84037695985599,138.19199256764347,27.845107051543227,45.83573660166567,9.789700280134547,40.0,7,20,72.96867953676572,78.0639665226543,video,Visual
44.79170473886611,29.47930314664839,105.87882034036207,27.52379152495431,10.084901604289504,7.254971217181387,71.16444431510328,26,35,70.9640666301309,72.15888465943762,audio,Cinestésico
45.86885083145032,0.0,47.11355640860482,30.47639184872176,0.16220163572645285,19.939429047418596,43.51762264757693,21,85,83.56665119869406,91.14082436135439,practical,Cinestésico
66.96149812072909,83.26339346259746,70.95596829480036,31.13510310920079,23.323768335196096,9.61268608352102,2.0,21,53,76.940210045058,74.08354184657554,audio,Auditivo
16.557469755080277,30.42325087983192,68.34202541094474,23.515572313390045,28.65336153491932,22.102431484630788,21.03089499229459,24,18,97.56752472168766,64.78567019085693,audio,Cinestésico
17.776086768703344,27.548931678777404,14.62381328288555,49.09072100956897,23.160678697299513,26.187871944554573,19.0,23,24,76.60704551278462,85.32596487614066,practical,Auditivo
38.44667336242692,77.7067746490281,37.086037923047634,12.457790561954749,25.83883022284001,21.249402690300794,1.0,1,66,69.49142529671339,74.52781559734026,practical,Auditivo
53.59658544864458,32.15974720161741,77.56011312015806,25.05120165831975,32.841046951788975,13.276893689119387,26.0,21,99,100.0,97.897907703084,practical,Leitura/Escrita
69.32722696794013,61.198727680932436,0.0,87.38073580304821,4.927741796160616,16.128915973644744,31.0,0,52,85.75444355127875,82.96184553988464,text,Leitura/Escrita
163.25925945187703,52.34011899153395,71.6622713888075,14.430129675161552,14.43282102142837,2.800120478847523,9.0,28,97,84.90124786892817,89.95391505323471,text,Visual
143.0408731603869,53.67138646400955,61.28248543714358,9.69367987935362,24.28761258880764,13.929765019830082,39.0,13,74,80.92102983202491,84.09762483667036,video,Visual
55.20184410109719,12.680885775989314,11.4487134540949,41.01715117501827,42.2438923634845,8.116492255465335,26.56191275577685,24,47,81.23011029297749,95.90835333926971,audio,Cinestésico
59.429513762919335,64.23887970772802,128.8604830553324,0.0,41.934495502883856,20.554611049194392,32.0,3,41,89.68702086102692,83.58554459889821,text,Leitura/Escrita
29.924119060865735,45.22501062467712,95.05554606418359,26.470891350413417,40.74009725855101,35.582019113955795,7.953292468295855,3,46,63.97915435223935,75.91500481843794,practical,Cinestésico
95.50126227181642,32.61445721507594,77.94620676027111,62.187373876147326,19.43211404113723,18.998573087790476,38.0,8,90,78.67529047561412,76.08746261788917,video,Visual
51.34024083239585,42.86776934684502,58.657613867686045,6.825961167698992,17.60719158982663,0.0,104.61739935753337,2,41,61.75138696149761,79.26526945435782,practical,Cinestésico
69.68155681014268,4.475295342033604,137.10511171806831,0.48366663725532283,14.357101472809807,12.110158456685017,17.0,4,1,82.00945373911773,70.22353162845195,text,Leitura/Escrita
35.18307169343031,83.89084829734881,93.80771261668419,7.512281970634525,14.072971770428936,15.979927402995637,8.0,0,5,67.74382543436712,90.28877441678944,audio,Auditivo
99.61831040188137,19.412569836358568,80.7591249401891,43.47539352520478,26.552336285137606,15.69885940208211,7.0,21,45,78.57470185848724,65.69050328195378,video,Visual
105.98216739007734,12.946594283129311,41.13857123478337,46.87165079978719,29.372301896554433,9.153494995129975,51.63671244876018,18,65,78.34126247338234,78.6048597166693,practical,Cinestésico
56.737195546294274,9.55281627564218,120.12940877235592,31.62088908706031,6.7635042915782115,16.962333941095483,30.0,0,80,90.70266120022208,86.10133545087935,audio,Leitura/Escrita
99.54884191751141,62.253767499798506,111.84182277889175,40.24818606001603,15.64098530909567,5.059993304644902,41.0,9,39,77.87296572749088,93.55981862171704,text,Visual
102.25806919248639,27.414732126144226,49.11798294858944,50.85382991267984,28.775475534514207,7.440730218519464,3.0,21,57,68.93174658213601,81.28142709459878,text,Visual
47.963385843424916,120.54823227318805,143.4278768696351,56.81019621644738,23.51662354974059,20.16638113282969,19.0,29,77,72.3899651064832,86.60258706706549,practical,Auditivo
103.16950480279087,29.283970738954043,51.60291731051154,26.304970782302277,25.686446160127705,6.874694152961393,27.0,11,73,84.20396161254484,74.73461999589873,text,Visual
60.37777202345384,7.702113433313768,71.13424546690477,0.0,23.82921710057263,19.305692843938058,39.0,9,32,85.678566772944,79.7761534350319,text,Auditivo
62.93028295646495,17.66951120102682,46.463004139778235,17.6868161638547,44.40917855961522,4.0442898027515355,0.0,1,61,63.5321690137345,86.51841571980356,audio,Cinestésico
36.809706484336004,64.71623240013878,130.4210915130617,36.049093552185305,22.3604306382437,29.118607070333887,39.0,15,11,66.14179133172331,84.62912779493114,text,Leitura/Escrita
60.73530522776828,36.88203644126665,14.135078679925067,39.42799551008918,16.13977202129302,8.805840620767562,43.0,7,95,77.08110248441812,73.24960988580531,audio,Leitura/Escrita
74.9399487373635,37.07026423662958,50.88853704141476,27.182108984869206,10.842449588664394,13.210667425572447,22.0,13,48,85.4520758203225,91.97494516564363,practical,Auditivo
103.53430823385125,60.85792445607377,31.775757987800148,46.783418968960035,22.49609458209712,17.644906088723246,46.0,28,87,87.14884030183035,80.86694571485535,practical,Auditivo
88.7781247825562,50.0356547233509,74.73684217623018,49.11642640031372,0.0,10.477200379991245,29.663852185497138,14,77,65.75288119598828,87.42995410939152,practical,Cinestésico
124.5954737253467,75.29104598731838,104.80565814281175,27.42489519112825,18.157109981672882,16.147247688570435,15.0,15,4,78.07309353736338,95.29101006673247,audio,Auditivo
36.97957311335851,68.96998459785853,117.1456499757729,70.76660144562095,17.94160140078656,19.602853796161007,25.0,10,50,100.0,91.17520548774607,audio,Leitura/Escrita
86.16961910162034,46.03428219381073,0.0,35.36492049946634,6.355291463827191,22.684905860027882,30.0,11,68,79.15311477240334,91.20129406331044,practical,Auditivo
96.09187406475401,13.479046278359235,141.47243785247582,30.967589592938577,10.717341613440041,21.331979487783656,49.0,1,31,89.21503285233094,88.19091790088098,practical,Visual
181.86245958823426,31.73069677753448,80.3347979217304,43.59816235664945,28.09657530148241,13.625516289578607,0.0,3,48,84.98726570083099,95.91383361666018,practical,Visual
56.734675119228974,45.20561013165772,42.82253008274499,31.083780723568736,22.307117490749626,13.826945807651182,16.0,29,96,65.89801293772089,87.34672173633133,practical,Visual
34.80834473457672,20.72482147578778,118.96860602366418,88.88213620602995,21.017883337073275,33.79286846420026,15.0,2,59,79.25728804128731,67.90675532221587,audio,Leitura/Escrita
42.01822063667933,20.85698170209914,135.02343120383517,11.927090236657559,23.063475339320227,22.599112545994338,36.0,8,45,85.76929234394511,83.02743792505042,video,Leitura/Escrita
0.0,46.87575763099771,46.66029490669527,22.272436513619734,29.879296888638002,7.625410749438291,16.654376555082692,17,67,76.0413338802134,82.56360983738466,text,Cinestésico
44.22734934957717,39.026952968590976,125.52900383728398,41.809161211208924,32.42862562858315,15.799905310124414,37.0,18,93,92.7744809046762,85.83729361521819,video,Leitura/Escrita
37.22602015338906,57.22771751616316,48.738469933289245,36.59179035686986,21.23429181703649,12.31885488977446,43.0,6,40,79.08684762275408,78.72003024786605,audio,Auditivo
64.51181359428622,24.83009330599861,90.80440137838049,79.91224061779107,5.4178688618124955,13.917326128615123,30.0,3,80,53.67605362106042,72.3854444323615,text,Leitura/Escrita
114.4905898402069,35.39198571588465,45.98023024857204,29.63402149145765,36.301299648744106,5.164038738335297,9.0,5,66,61.87159726907274,91.77680643681134,text,Visual
116.28512517647658,21.515337114633912,29.037213501424077,13.99128536766896,23.70340267328846,11.704614124912375,48.0,18,12,55.975724778255326,66.86727712747752,audio,Leitura/Escrita
88.51271514558151,57.80396822249574,128.30283182025818,60.91498392274469,14.107462692049323,29.492446185551305,33.0,0,99,82.5774238395534,94.5881913585647,text,Leitura/Escrita
42.69289033012791,60.70498669447505,131.3905110714999,71.32697381562954,7.465982817049815,19.632610407004023,5.0,15,17,85.32679118059578,77.68581938795008,video,Leitura/Escrita
48.59274266932989,3.076242755238127,88.02092586267302,0.8721201093089093,23.959142209580456,0.0,27.0,10,86,77.83224958610718,92.3311612300064,video,Visual
74.75757514519518,21.4097827961518,98.6973838422332,29.94293799493801,28.609347781952405,24.733787939983575,49.10107297107825,21,98,65.41071732285384,85.58558153281572,video,Cinestésico
20.393003789380735,10.069414898198417,81.35190735052039,6.147872539795532,47.081335019533306,23.71703618327329,27.4660158423022,3,96,81.74144005119989,85.90688044844191,practical,Cinestésico
114.94376297563062,43.612644641173034,51.354607562408376,20.030233537469062,16.540927193331722,12.125717565548667,40.0,17,50,82.16262496468529,65.91015700048266,practical,Auditivo
95.38320362163861,38.331240604192786,173.9840424692178,28.283910279944322,11.626192103175331,20.73810835026572,11.0,22,35,71.78213543588932,88.24086580544264,video,Leitura/Escrita
45.92473043685885,17.410314097144642,22.48688610553227,42.13897047362978,28.957962182359285,8.124806313462393,49.0,25,80,60.33961798551128,83.03153828376273,text,Auditivo
8.605964127273673,21.562803737493738,47.87850484491805,54.13657066987229,29.252818927168313,11.23795426986914,39.0,28,33,85.95504843085818,73.64738615441391,text,Leitura/Escrita
121.90537111571228,19.92085255837003,36.25299750018644,10.716134988659586,21.686513676101956,26.98837088535883,49.0,27,11,92.91782273613359,77.84899405896591,text,Visual
56.563804642421466,44.14534658797888,107.80196206987586,43.20098944436013,41.00059932060923,12.826159681042332,1.5935130664317658,28,4,91.99742742198643,76.65946917943154,practical,Cinestésico
97.13448935920385,63.8160226172795,102.99759799490265,8.492912641073783,19.62312879257762,0.042146704360071396,7.0,4,47,80.63404360448052,67.01258313389508,text,Auditivo
12.167170236168985,25.565248933254935,87.05568329657481,34.95170685706415,36.830054063396354,14.493574217749305,80.05249388361922,21,90,67.70003328419924,97.22267390987025,audio,Cinestésico
55.144912777400485,43.53641744278796,107.5175452824129,17.789839960626665,31.64990882563923,14.371292856685146,8.0,5,39,83.86842659488585,100.0,video,Visual
60.15731099154549,46.254339010506676,39.22510261558042,24.5148437620422,26.25318334021503,24.58694855498768,49.0,29,12,70.47575735190958,84.5170020097594,text,Auditivo
84.28131680469176,34.56689779347894,82.20082919513432,37.56406122057576,18.307255616673753,15.11469137740608,7.0,24,25,67.32492963326189,86.08353966552686,video,Visual
46.49803585562269,119.58456415573511,65.61889500658926,37.82174098589294,33.52362545926151,11.627341508477658,2.0,27,13,53.560331683780056,78.02892012062604,video,Auditivo
78.68549797042496,85.87813246560654,99.64087363597199,50.0545361033394,0.0,23.360449161849647,8.0,1,95,76.02382198347652,87.58065706173969,video,Auditivo
27.971387118522166,14.008375261448048,65.96715186067308,28.7661945049282,61.43968926306827,15.966321860008883,22.518723978749012,11,10,68.70132650862625,97.5782689950195,practical,Cinestésico
74.93345330249684,56.594648357583495,56.52699890564716,34.59676294445011,2.9404090510926473,8.999818547474263,8.0,21,37,75.96430379528505,84.1933621482204,practical,Visual
63.60886895135697,80.12013262386446,88.93179814963464,23.43394016393513,13.72907175227704,24.23998048433294,30.0,8,79,52.00642303762939,68.82413957376676,text,Auditivo
75.43316502176248,21.638481000857755,100.66592085169314,32.72984823934196,19.59082464804931,16.549294116134394,24.0,27,56,76.69826672583687,95.4764077359527,audio,Auditivo
81.34844634266669,69.4165050697812,46.60791818036194,36.59229072012768,18.535193292718386,15.023407733435501,43.0,19,21,50.68878836028372,62.12861412415549,audio,Auditivo
26.260737244863925,70.75863836825106,102.35319394971307,35.4609266954544,30.064110400265548,16.423267131293237,44.0,28,15,93.95335139581707,69.91469191747353,text,Leitura/Escrita
17.273765090588572,17.549103875111722,32.954577822542156,2.9437427386125563,9.421633813897657,6.434653028667224,7.0,11,76,80.21891234135084,84.28131747273308,video,Visual
98.33030465695526,21.649943579714726,0.0,34.97206344496343,31.026656182578265,10.778769790573302,95.74180577202819,28,75,72.21335228575413,64.39566532194969,practical,Cinestésico
69.96942035938775,77.20803867476091,77.01608709948052,35.468422160331855,14.21787901780246,15.028660814662267,30.0,12,81,80.62719860082079,91.12149062806598,audio,Auditivo
37.545403903303395,45.42990621651296,112.4161618294354,26.995997475618736,22.951409793374168,13.442690439802561,44.0,26,28,69.83881222944977,88.569052705051,audio,Leitura/Escrita
106.53455926567568,51.02952550479046,134.23591977486254,17.49158417725696,19.352277402021237,25.179427062532763,44.0,21,81,84.39963641607565,74.25206772784682,practical,Leitura/Escrita
82.54240173465732,46.811784328009935,1.7653398785971461,52.13818725755948,20.92935652682978,16.739246821816028,30.0,22,1,82.94774038460335,100.0,video,Visual
95.37891552191479,63.29955289436992,57.72026994732339,37.37168266341603,14.500751675356543,21.83923138109122,16.0,16,53,50.0,94.49292428403827,video,Auditivo
62.02555444230327,13.470557433778339,0.0,38.1238568489832,14.899360499039176,15.075162836606795,46.0,4,1,74.3599047158579,78.86829351709936,text,Leitura/Escrita
121.82243774645961,82.0982132256913,117.93953876789647,12.944506752787689,22.87272514027427,23.450307869968984,18.0,19,2,74.77355869863625,75.49331822431992,audio,Auditivo
112.66022527329613,63.39179984855547,54.101188311803234,27.4428835357764,29.437155057560446,18.180222052585233,2.0,12,92,79.04420714535233,100.0,audio,Leitura/Escrita
92.45367537774732,35.41218511863944,113.93912633109638,49.53885595179347,14.017206658021522,15.10736388310768,45.0,28,55,89.57101826227405,97.13751609533821,video,Visual
89.14712852863066,39.13046100372275,151.38889470115666,57.18891622166679,11.312324554270903,14.893735288327845,29.0,12,71,72.17150200076857,82.56324652968853,video,Leitura/Escrita
79.36127848755443,9.377849948885558,57.38576012452241,28.52938390749075,26.13460165671837,7.364490989672293,9.0,9,10,77.03434849659766,93.63545946639613,text,Leitura/Escrita
160.47683441885277,50.2850951203567,30.352526705628925,37.64533846836984,19.674961069423105,19.055325761090486,48.0,14,75,55.84130973691552,92.44189044169214,video,Visual
31.052296182596866,79.8129682948939,82.26295757352185,17.784027188305146,28.30498133985952,14.678362123708968,28.0,14,31,90.10286651273145,74.94379414080811,video,Auditivo
80.58154379995318,38.75617966001378,40.44865869859251,52.512645454205675,13.805583355721282,10.984064318550363,59.57195580522045,17,3,72.537098573912,80.80159760487554,video,Cinestésico
91.75273460548763,62.487067197410056,115.68373889704921,72.53337085436937,2.205610745765693,23.85169416649657,17.0,17,8,76.18515378019472,90.38654287319736,practical,Leitura/Escrita
9.902598939397615,33.31845538040119,53.10103432175786,23.001388931958353,14.669959181736658,4.9982717928415905,11.0,1,87,74.47517317689287,63.31705069225235,video,Visual
24.502244620026744,67.54629325197321,7.659455493702829,20.569946294537097,12.33647390734984,11.620032836540528,48.0,22,55,81.36235828430324,77.1196926056078,audio,Auditivo
0.0,19.606713226157687,0.0,0.0,32.048499572735075,23.22174999023627,36.58556211748287,10,15,78.47363403516124,93.83057398581605,practical,Cinestésico
51.917794966663266,60.39762498973999,77.9339486973109,7.776288426729479,13.631547857296106,17.524183527362027,10.0,12,80,100.0,74.88131598906483,audio,Auditivo
142.20718123036323,36.512914841943285,50.34547887842811,9.907953375633657,27.410169513364494,14.617128578777942,8.0,10,85,79.53935888403774,100.0,practical,Visual
105.07071156288085,44.50615844081883,50.64185640800537,32.02785511481079,22.67109426231699,17.008028345201172,36.334846282116736,3,70,70.34754570830918,94.14743819359813,video,Cinestésico
62.22284341259326,32.60946142333283,94.35523436828248,25.106494433379606,32.618029592819084,16.43531336839073,56.69871903492485,14,9,69.38643262476053,79.34470884511049,video,Cinestésico
183.7671652626686,37.37054808656664,111.07047968213557,9.819967688771378,21.576345584409438,2.8666996297126293,24.0,21,92,71.0724104758319,84.93557727656804,video,Visual
26.009177523709138,56.52094342883012,60.46093475233668,25.782539363031642,21.949550924121873,12.205904917216309,46.0,22,35,59.98163075370162,81.21796266834043,practical,Visual
8.898526819345363,49.55821499520056,58.07904525815485,37.58005721471023,19.758708895450265,27.93217323610999,8.0,24,23,75.39864207491586,100.0,audio,Auditivo
58.33356903310143,10.491174351025172,87.50500615898594,37.91759024873381,25.106006904103136,9.72540692178266,11.0,10,63,82.83468106208917,98.74424446933244,text,Auditivo
71.52196346817922,74.99167808410841,31.880117629682193,2.0958923686334074,12.043448661741925,12.453591887165327,10.0,17,55,72.31824144679803,81.25390971806738,video,Leitura/Escrita
59.01915755717721,67.62908157380973,117.39749538805799,41.01579068102651,33.99417926653883,10.6670338935265,48.0,15,77,75.81066740927558,73.9184644837959,text,Leitura/Escrita
0.0,18.35522091099849,89.31600901377539,9.249888345425845,17.634626166314646,14.303878213454901,37.0,9,77,90.15945146294234,81.17041035581263,practical,Auditivo
57.32639881461635,53.79415610490389,117.77376262198463,69.17746047549312,6.8845086210131825,10.335017349405614,27.0,11,88,66.35360118782921,82.43826926616765,practical,Leitura/Escrita
20.865914984854406,29.940504588973138,2.213655412413729,41.762196245302476,35.861815389340556,18.89393201726448,14.703260692233723,12,21,54.32181623522699,67.56641262390646,video,Cinestésico
80.09017646490116,45.26974430662119,71.67063422556987,24.76227519961644,11.48819517552515,16.578507298322133,9.0,8,51,70.41185021114337,80.8004126921526,practical,Leitura/Escrita
89.38271708372146,45.884482580269875,39.260786151178664,18.509321963994005,26.653345345088752,21.188380920856144,24.0,26,49,59.59567282875703,100.0,practical,Visual
31.80360641017934,35.31184399367356,73.49604340432245,23.080994242525392,71.56026601949941,6.592470670488316,98.51564686619612,20,46,78.86226064104582,62.00643318783527,practical,Cinestésico
73.88575619081922,24.32468668827207,86.82606029187944,0.0,12.134279084421498,12.277276136936774,35.0,12,22,71.39295499550427,94.26226499371805,video,Visual
28.223594343331452,36.36996666018153,122.38486426060935,35.03952260160865,23.323723332239847,13.19421894710292,49.0,5,95,72.80312954976161,93.7479797005478,audio,Auditivo
79.99135789905354,21.67616169037515,52.67620818711744,25.90733180489804,2.444944112953724,18.64517528070876,42.0,5,89,86.52934176974773,78.26042658708164,audio,Visual
88.65426961503715,23.363555835391104,52.58496255917751,44.55262623851789,41.52638634057774,8.654230422343725,18.897978953798717,10,90,68.08665138837223,96.94175758191057,text,Cinestésico
30.428218609933687,38.65643419901289,151.32821662178907,16.679485595738754,11.1428620020031,22.325230434066754,40.0,18,75,92.48216363573604,73.09662937551654,text,Leitura/Escrita
75.12139546553533,25.684800217784964,80.38019284856068,20.713155776251025,17.796496166716352,24.49132472414087,14.812743446920159,26,82,90.11322799203202,84.41082661860403,practical,Cinestésico
44.09227144882678,53.6410413142524,192.6600915934326,12.320566158594776,8.98713510160172,7.089021218915329,2.0,10,18,76.06380174872619,76.9322731533637,video,Leitura/Escrita
45.47431767751871,69.74492310671855,80.10548010534427,14.935641547586203,27.321512260547355,11.073016840851475,17.0,9,51,82.37022855556313,82.64911097649707,audio,Visual
56.78908920136327,28.39893517259914,29.500918345035522,12.270270058976717,49.053942420980334,10.744547933663261,106.74084401642857,22,33,72.5818208747102,73.82700930241954,video,Cinestésico
28.94273032741878,72.08235765928104,23.340507582776773,44.93960518269669,20.233852146585075,36.05908963741999,34.0,14,95,84.2409812884079,86.9857548086202,video,Auditivo
43.39052083958454,49.99370220605868,15.697071282937486,19.526072268729116,16.039548854714088,11.560799158336906,38.6331788798015,12,28,59.28510812423727,88.48805457731449,practical,Cinestésico
38.85054049474439,49.44004541838549,93.17181421654657,31.862635271169204,35.89523036103863,28.421003537249078,35.0,22,60,58.54487754874654,83.4938279978835,video,Visual
118.94175398749168,41.519105358321745,181.5869371123749,38.49000578693902,12.495898722453438,4.866944039147123,27.0,7,84,78.03514204535246,66.40031786327725,text,Leitura/Escrita
61.05790655915186,54.853648367194445,134.72767494852332,10.958021009807805,0.0,7.0827922706850925,120.85760129280044,4,34,66.1107519094023,84.03170166634389,practical,Cinestésico
39.008234760222436,49.64497905361314,153.69050250641226,34.95886455916967,24.583890099570684,9.507163745214394,14.0,1,4,74.48068593828347,84.22014359410694,practical,Leitura/Escrita
66.41939732202665,15.246751553454043,110.6993502137245,38.98654997795392,13.099868722481911,8.23448550842782,38.06026066752053,15,75,72.80473417552861,77.83284988613573,video,Cinestésico
56.630158509275105,83.34231543845647,49.699428357121036,11.883609111849715,29.88608793499175,12.856810126732011,21.0,12,6,82.20013531836251,98.67231287180809,audio,Auditivo
53.37091201400331,57.74581674533484,29.525446413965014,42.136691860970686,24.46619222116686,9.329774378228015,8.043546999000714,18,40,70.92339421434065,64.36070735099347,audio,Cinestésico
78.42500100130276,24.73427791642837,99.75277663461436,17.254186177834555,38.09939411720259,8.445267258123412,108.64574474901364,8,1,66.76138689376913,57.82716289746432,practical,Cinestésico
82.72523130141916,40.75875670895204,110.02737867774427,34.89572691400276,34.01500346552158,24.26777597178662,6.0,14,88,76.67613843497894,72.6916510030233,text,Leitura/Escrita
44.08496557168418,53.66657985622139,73.76055310193124,37.96024684515072,10.790359817646486,24.79034898010532,98.30653880390622,5,9,67.30854720193382,87.10424534091449,audio,Cinestésico
58.59884296484014,35.81372360841277,83.55800182215465,20.048457641707678,14.340628691075946,22.594371987002525,47.0,7,43,65.65994497937285,73.55683230633399,audio,Visual
51.74844908545068,61.459560955320235,134.22158681415434,37.76800487126568,19.243289273429365,19.191991644674623,8.0,23,69,63.81463811449546,70.19029081473924,audio,Leitura/Escrita
0.0,87.27744989238721,114.93359009487465,25.279637568178615,35.37551319034343,15.741944526236418,19.0,13,90,75.69478116221079,96.6649447131231,text,Visual
14.544268134043435,24.280279347300354,115.32449546859345,31.94052010055728,22.109840782890334,11.02375447467273,70.37430195143577,4,34,69.31294293402946,84.6254792279775,video,Cinestésico
101.00622802333574,12.379107936924502,89.04771233191215,0.0,18.485940644629558,7.374739961959264,16.525947382150925,16,61,84.66278739234671,83.770609096284,video,Cinestésico
109.34903140503852,70.56348780911253,99.60310053970248,2.5547727718787563,24.781405755558083,17.9039656274615,1.0,21,73,60.526039079410594,87.81428919465529,practical,Auditivo
52.52891881330865,54.43125010252287,87.99218933486715,39.23950509070257,21.989038669061195,5.610956859625617,39.489151860731624,6,72,69.57916444952122,75.74807046727116,practical,Cinestésico
77.29670889167299,35.38267252310462,53.85905937878834,45.55772108473575,33.1827939090274,7.048632566596853,105.11323391473063,8,19,93.1290722065875,76.21015925941809,practical,Cinestésico
69.33750463630608,69.06521326642068,123.48314075806734,21.576829350410023,4.4846257903187325,24.223306049638477,35.0,15,34,73.4014818860974,88.09779272561426,practical,Leitura/Escrita
152.36642425365713,23.650586120919282,21.19267258992584,26.339574717432985,42.143299425565964,30.205192333776694,4.0,17,36,72.63466747903875,66.551132192188,audio,Auditivo
93.5872473430373,76.86202798862425,106.88620433035591,34.42078879353453,6.522907696905966,18.146361105331845,6.0,27,71,62.841560171746316,58.57280153601454,practical,Auditivo
56.162472255577,41.335514728515236,28.19169710818877,40.39826402488056,16.782472960097916,23.851657218357154,5.0,12,53,61.51572487219019,75.66715826372146,video,Auditivo
31.33378678198723,74.38755812414593,137.16074068747784,0.0,19.675189641579053,13.033213460448133,21.0,17,94,100.0,89.30873289065691,practical,Leitura/Escrita
19.5264183456136,79.85030706336237,40.419611455084436,16.709396295324343,39.12688134356796,4.2986065112985266,9.0,9,79,76.71039492637148,88.79137982024623,video,Visual
66.10390907601669,24.666868244333042,145.07757416996986,35.93766463151341,6.751542190672598,19.89737294894867,45.0,0,27,80.45266730026367,88.57291504123015,practical,Leitura/Escrita
37.3094776414709,29.008857281828398,93.7916028780439,60.744357499404586,39.837041354787516,19.554314586160512,39.0,20,69,61.09998009519242,59.83705689576835,audio,Leitura/Escrita
17.332388712069772,57.19175773959604,21.421887311924763,89.40029552033806,27.571768211020228,15.573348431041953,45.0,17,31,88.62104124987063,83.15496808323492,audio,Leitura/Escrita
40.60281347272421,32.257387004209704,115.47213327741103,38.67645224211853,24.17095324423246,13.060996335159109,45.0,18,91,92.69947210369119,86.53864504642378,text,Leitura/Escrita
27.55355989156815,47.28816320021373,49.77277281085513,8.895338068440168,10.153663129820446,22.697684628648783,19.0,1,10,86.4947706082853,66.49202577389315,video,Auditivo
110.61424905217694,53.06256468310523,100.84013522846791,36.03402115801947,25.71141242038074,7.114135732580205,27.0,26,41,81.68333229606161,88.62057590546544,audio,Auditivo
86.44919270848351,2.5586540101829063,70.04639910570425,49.81493684311065,12.765133775802,8.809755368874738,22.0,3,22,63.70514422404596,78.88481103494208,practical,Auditivo
59.76082076050148,39.723245078115255,140.21584922648796,52.23104366282523,32.66661253198412,6.935147945916576,34.0,10,29,89.23986354347939,100.0,audio,Leitura/Escrita
104.39832416670077,26.205444518716522,36.48508657446759,16.400271822685607,14.772028118653994,15.679783701086617,0.0,2,8,81.67584960476607,58.22763931103265,audio,Cinestésico
62.321049229428546,30.13754355200456,49.37337190004233,44.36990912220028,26.951755221756063,6.296855903125934,59.5737190198883,8,91,57.055564149110985,93.69114367674752,practical,Cinestésico
34.161473960152094,89.93696179178981,53.947647736462045,39.953184277476524,14.447269119868285,9.526062555878053,8.0,9,87,63.787204085182154,76.05841903473926,audio,Auditivo
105.69372231808973,14.869862114414872,169.51865667302542,21.536514066507795,10.124770375730053,9.353955502182416,8.0,27,58,94.90853192385151,63.82848285559956,audio,Leitura/Escrita
76.16730131053976,56.26410373495955,170.54913111960383,51.12685887080716,27.413198169079145,12.915133341328335,21.0,1,27,95.13127241941662,74.73044856435008,audio,Leitura/Escrita
28.88261537020631,34.420741393363826,41.818988688999326,44.95898351488309,30.95018853765746,3.101004428768185,1.7828716578474062,6,87,59.51416966378608,82.77479241337466,video,Cinestésico
54.289839657491754,34.40479663008331,146.1610233991365,76.00679488308674,32.09010198900997,15.697639936298136,15.0,14,78,92.89759522499502,90.37466669565043,audio,Leitura/Escrita
33.731452398457286,80.48884960634263,0.0,29.00326537035816,2.2012489179183277,24.978429205317422,39.0,26,32,75.95303399153617,97.21964288132176,practical,Auditivo
18.51600807106992,61.30905493704729,28.20337096176987,24.628808307310216,30.64170702341044,16.083930978534095,5.0,29,46,82.81008954607151,94.21893088704343,audio,Auditivo
87.78532642594925,51.41225994439062,58.97959503832955,84.93060265313909,45.054489053568936,27.330569158410565,12.0,18,97,78.14119271782496,70.34617979295506,audio,Leitura/Escrita
117.28249921410392,97.85282002900443,22.662195869574717,11.847592455286723,15.48358910823053,25.6719854870154,32.0,9,21,81.45183496480902,91.30164692266116,practical,Auditivo
18.04297278542576,48.94822714812586,14.574406357434704,36.57868936381508,38.9514861210897,21.221880377982835,18.0,23,28,83.43828774485624,83.91284957120874,practical,Auditivo
76.88907710071713,41.30837762176049,84.45496192482291,9.44960058953356,17.368387279401734,15.597486741095086,14.0,19,33,71.48665064544288,73.45396979071012,practical,Auditivo
40.480722926345194,18.29698946884404,62.50763057952485,45.98064408389404,8.754112471308321,15.180003105963516,55.78978960031369,13,41,75.17752546173286,77.88089406522519,audio,Cinestésico
45.38623848705912,23.4917894004209,83.27918891617884,26.129317265832576,28.201097365176924,21.11039817890608,22.490403633940854,3,51,68.51478370495346,72.90157340555277,text,Cinestésico
68.34601039968666,98.9818885061745,94.16654401425296,49.02874853471204,30.48203967675276,11.86663512396774,0.0,24,46,91.5163894868588,87.51880122376538,text,Visual
34.080276909605516,64.89359161473573,118.03292055622401,66.02115890113035,11.618235176684685,0.0,11.0,10,73,77.65795837140033,72.7034211770588,text,Leitura/Escrita
61.45564883834481,21.13257825676666,93.02171116526308,11.651696549071051,13.99661340993513,18.93603243282368,42.0,2,50,65.77975674822818,69.7200592678256,text,Auditivo
48.090144631415825,13.550840865128599,67.56636998152057,51.36941598115865,25.93539432293191,5.95145096052023,28.0,22,44,67.8417408612525,90.63408037012424,video,Visual
68.11370477339517,49.63732123436983,38.23617113487149,79.0956021678687,20.03060116738573,7.302870174476922,16.0,16,93,81.96481972004264,86.28730548259637,text,Leitura/Escrita
58.49285671652589,50.94529594755934,149.68786124343274,67.52386647874913,25.846229524867407,15.001791583966304,3.0,6,74,93.4677769255302,78.12402999908389,video,Leitura/Escrita
52.83155859400771,50.97767670634729,68.83163733378956,23.658439179967477,22.37829540758336,14.239000979572241,28.0,25,33,68.08732514432656,93.67651303935972,audio,Leitura/Escrita
32.77309013875207,34.900884128926045,37.254129543315095,25.409790684638867,31.223237151261348,3.7033951494749573,9.257375457186457,10,20,93.47660002942449,77.39569413504887,text,Cinestésico
42.69686008295002,37.490914799942,104.45563154264393,43.62371511847392,15.67698814190459,16.323932513065124,43.0,17,12,88.56412429071327,76.97225454874462,practical,Leitura/Escrita
82.66173677477268,77.11421328375458,38.05161782462204,19.4443440100285,22.317309420303925,22.72911728688839,12.0,27,53,79.66455972969412,86.60488982345697,audio,Auditivo
104.7134207303831,41.71786012586661,55.389936630369874,55.38519858694807,10.726269943040665,5.973267437873737,4.0,13,24,74.02810456176563,83.29783939906247,practical,Visual
48.51112606316822,0.0,82.04188725472133,32.16489707589055,32.884336225033884,25.179866646790074,5.0,13,20,75.19258967351125,87.18924878923865,text,Visual
105.24973371678016,35.404007388496126,82.19196087361445,0.0,13.657252831826863,2.518633398960448,33.0,5,0,73.51716862072597,58.14259505441249,practical,Visual
82.54161370115366,22.971871314793727,38.575947675102974,35.09033719134331,38.81175037115254,31.938593154967627,13.072844061830313,28,57,85.1779596903596,80.16707384737975,audio,Cinestésico
9.917841566358845,43.50422837817024,52.930311946793935,24.7776390477403,22.84934068507263,11.709916556132134,72.98884954361678,8,68,74.92071412546629,61.7280406252874,text,Cinestésico
76.30080577139805,132.93147465134098,107.60165516695852,28.87610165822328,22.019990107573214,16.16493597461513,27.0,21,85,82.6705021849271,67.7904942900113,audio,Auditivo
40.1212872316246,60.812835713421116,87.37400412068794,24.470709513214505,15.050354491092993,0.0,45.0,2,70,70.66152476647427,66.64677461244494,audio,Auditivo
77.11796005779478,55.34017634971591,142.62727637719894,42.10569624910031,9.840045688319709,14.502911468245532,9.0,16,12,76.95640528312316,69.57416846466174,video,Auditivo
37.102225303724495,58.436030039545045,162.71558255705443,67.55545643439795,2.552396123946984,16.827857421745534,3.0,27,51,71.86425324744239,74.51146140367747,video,Leitura/Escrita
5.853536980064426,49.653757744184254,110.05025739959787,34.24579743387981,15.196571603082065,14.310703167204043,3.652820172068852,11,22,87.16528232549537,75.13507384454515,practical,Cinestésico
11.173726863505124,48.401889809036824,30.814749172407275,33.902068825309705,16.76091146784078,10.49535138358101,24.0,3,20,76.22222598247481,86.64275204257126,text,Leitura/Escrita
61.442548399841456,52.13701186431342,140.816818834742,50.15241957959095,22.118791788288842,7.427483851777481,22.0,19,5,80.45832844710812,82.22387814134697,audio,Leitura/Escrita
67.79167505164446,81.13087129659083,99.35788969618031,36.47257851131396,30.103793132832635,24.044212956298487,26.0,15,19,81.24572199639472,60.98925571182014,video,Leitura/Escrita
32.87050124686775,17.382231293481688,71.08991956143969,25.24333931733328,15.542425402031512,15.246457079983601,13.0,28,75,78.44478309211794,80.83294637546808,practical,Leitura/Escrita
79.15777376332122,64.77935502045011,75.8805369186385,38.68392972856852,11.180392357328259,27.32601901213418,37.0,23,39,82.22495769442938,83.18255246583428,text,Auditivo
12.828350532316405,21.472377400369233,103.08240371140192,36.900634857906994,5.572852139972875,10.788141161640617,31.0,9,8,71.83342235263356,80.93495940294979,video,Visual
58.0176060405805,74.41834103605454,87.52910568514741,53.1066185966501,24.80063617904104,11.521642453022265,22.0,25,49,88.93924530541072,79.39114023093298,video,Auditivo
23.669514007126303,21.626269770278114,39.2534169530279,48.83024670432712,59.17851081949576,21.524753956769302,74.94644888431442,29,27,66.81524913869832,81.90310125397056,text,Cinestésico
71.90230873674524,31.652663727898315,95.9860619757417,19.714876236148047,32.66330267956289,2.0162003039714875,39.0,28,10,76.69377469942707,94.72727761468458,audio,Visual
61.42196013949242,55.820555870710685,47.68443602734126,42.304475617634466,27.099327481472372,5.292293118776616,36.0,6,95,67.242140106874,64.25120012537265,audio,Auditivo
43.16260861485929,59.51633438689418,77.58390916375002,15.735699253582926,26.38543317267599,23.77987977082531,2.0,9,74,79.20972782531467,87.06045282799481,video,Visual
72.67835617504444,58.369088878848274,59.3827476383003,40.43898151411275,36.97623779709341,5.624528566214442,34.0,6,87,74.8405027302323,100.0,video,Visual
90.18878427643321,25.65056870194348,62.3396811892531,22.25078701859838,23.320814614168107,0.4475918775796188,12.0,22,55,73.44937955301522,94.16661308297957,video,Auditivo
42.69324391430554,41.098682219996974,171.65999105746187,24.977103234861918,26.461296760241716,29.948217504584726,33.0,27,78,91.76606725953076,88.5093692777578,audio,Leitura/Escrita
150.53649143168502,25.80840290501655,33.59321980644357,34.20068014046107,16.79216138148001,3.849458817006356,23.0,17,34,68.45658128944896,98.05346948099717,video,Visual
26.10879436027146,14.82990178649331,235.42662175580773,0.0,6.379566291452425,16.472955186625356,0.0,8,80,86.42609144921694,96.54634748402088,video,Leitura/Escrita
75.89412533745849,62.03577070572732,6.2619875746926255,3.73536638392158,13.161510995004237,15.552681541794168,11.0,21,24,67.31040087325208,99.17848001606666,practical,Auditivo
136.55574586540672,33.830344230883604,49.08163108608,27.337621743385753,19.908409614653447,0.0,7.0,17,98,76.12685200160374,85.85636802838474,text,Visual
0.0,88.53432972691044,125.12548758399087,48.57792490779924,20.60785372501303,12.86146381465753,18.0,16,18,66.80294277667838,70.3056755671168,text,Leitura/Escrita
36.093142335885695,48.65919650721392,90.45099582523585,24.460218447627167,59.347695571735805,18.587305995832878,12.707569175512702,10,30,68.3748285369326,77.29707682375505,audio,Cinestésico
77.3121638154162,12.447649984915255,102.66965573617473,9.75592387789384,20.812771675910685,17.834475052150886,27.0,0,80,84.20906088622718,100.0,audio,Leitura/Escrita
53.90863841871022,28.704519916581155,82.0354122720924,29.67795470605394,31.788434440256438,22.228165470428014,13.0,16,49,100.0,64.30643657274805,practical,Leitura/Escrita
71.13437620113926,72.90435327898912,84.36925298646658,35.868139908560906,15.64922758423684,11.900069480756528,26.0,3,86,76.00803870459774,75.29460860470583,video,Auditivo
41.880444398525384,81.7688554573985,61.91256828898119,38.72672655942544,21.362269478656643,20.700035536737285,30.936621181115807,3,62,91.54668315866707,65.87308847507369,video,Cinestésico
62.597693624186995,10.123428609094937,118.7613440277217,29.75665323606088,6.709923627765518,9.485367455359425,41.0,13,46,77.20323291690919,81.24763862877386,audio,Auditivo
83.6355954068502,2.4015122972190994,99.37721899810607,47.35250671555483,12.576719871234282,3.7162606686977995,40.0,27,0,71.12915755525061,72.32856208317872,audio,Visual
95.03346184979422,77.41930350743564,124.3990363272265,51.75679008621044,25.26981391363753,4.6181729945501395,5.0,8,57,97.64786416181248,78.91248977166381,audio,Leitura/Escrita
67.63262529903639,47.79228354741808,56.19908129339608,29.655613520886323,20.075601803941332,3.3031163584366823,32.0,12,9,84.59973958683591,60.49904839981241,audio,Leitura/Escrita
106.89638382098288,22.634145362472673,67.2214051458004,25.79246919882574,29.429386198972338,23.07668774312955,36.0,27,7,68.57278406117287,94.45830619468313,video,Visual
47.64369101632598,50.69258172244871,59.48369179477537,8.957007641882178,38.93403088960117,2.8834119275315473,65.3529235207437,27,25,79.70571459400297,92.22345256467975,video,Cinestésico
45.3718132778252,0.0,34.8039518508687,28.37791514412875,28.32391256091259,17.192310725194424,44.83752453985997,15,33,72.0740525009239,76.1605637793654,video,Cinestésico
47.023254365411375,56.145241411516935,82.60574643810185,46.68150928832008,41.48296863786959,12.872606447420536,12.0,0,18,55.10965803828704,78.64869992924298,practical,Auditivo
71.8335642713489,46.55642345686171,51.18239847770642,40.27935127066452,30.07759509756643,14.178811412394948,37.17568709066054,2,77,84.35973159265617,78.36592769268688,text,Cinestésico
61.61324036583192,58.485402790756595,92.9391340447583,51.030139888786834,31.63000969705304,25.9088583615976,35.0,18,71,85.94934055641929,93.99254211586597,audio,Visual
91.28466979217598,19.722080954149245,32.54329529869839,25.456721343015104,15.987907934553224,11.492581062277813,32.0,7,0,93.37942029992276,85.73576113995078,audio,Visual
122.26202395936316,61.44463875509448,130.16642144946374,50.19149691771386,27.095994793835665,19.892812492397468,20.0,17,47,79.22143692195263,87.68116952430694,video,Auditivo
86.13374110295078,26.696534721536658,38.62835694927784,27.100436603280453,29.280156591516867,15.300506811048894,33.0,5,24,72.51276575917467,92.33039133450946,practical,Auditivo
83.06974711567801,45.107675113486344,77.67558180201526,52.073776238548405,22.08491970575581,13.783848754938417,35.0,26,23,83.34989427378586,77.96410641791182,audio,Visual
96.03641766491835,35.743605199930535,97.71507586358237,29.672148788368144,0.0,33.39975299509179,16.0,19,46,83.49820365318907,76.90671507225703,practical,Auditivo
47.757738809353455,42.832612624418644,50.02758494299606,40.60847060706415,20.18252460856113,3.4692660342770427,9.0,28,83,91.38281183136422,89.01619448924745,text,Auditivo
0.0,20.083692104195418,99.83640252015327,52.126685464647835,32.304600477599756,25.31305468349956,22.0,25,93,74.55372376933558,69.69365415476115,text,Visual
29.757410672477878,53.022724836473145,34.218097163662996,43.072176921943395,25.274808330277303,20.251252523919778,43.0,5,68,80.28665899054141,60.2927871815443,audio,Leitura/Escrita
3.876242369224329,85.4826245602323,120.82411947138962,33.27583481316261,24.458388752292464,11.163800042945727,1.0,28,66,67.84455580241473,82.26315952898479,video,Auditivo
49.45459547876074,35.30758860085172,70.49522427380154,49.332951378094535,3.5037870729864893,28.034548139532895,73.62911331121211,4,31,80.37462086725202,84.96346411070492,practical,Cinestésico
60.55255137568655,63.51474577228093,49.125600721089214,28.004952541049047,12.795449293249412,0.21511910089170705,13.0,11,16,59.517383317691646,72.77699812046407,audio,Auditivo
110.29311936825849,11.028171707329118,97.2582092690011,15.598011662475427,24.11357631151439,10.825866741607427,46.0,8,60,88.89283866871038,74.21348945879545,audio,Leitura/Escrita
69.80782121292488,43.76657134240175,98.31217442874518,62.145105818773644,24.10383276786892,5.332142365847391,44.0,8,68,80.8783512186579,72.398076782591,audio,Auditivo
53.426984135734074,38.995907659165105,84.15094917134384,32.12460279693736,32.14666780132902,18.29666771897168,40.0,16,10,86.78183076240983,71.33074760655566,practical,Leitura/Escrita
84.88216743550467,92.4158618205995,43.772480870202784,32.38134076406314,22.561063679633587,6.095487190502579,1.9100215233120643,18,37,76.3822523650184,86.934958206046,practical,Cinestésico
0.0,17.76065948451673,62.24621908456916,47.3401000417669,37.45912639578429,18.46451157393055,27.324436556959924,16,67,90.32978247531085,68.19501513002362,text,Cinestésico
67.06843674325698,114.30817658493156,28.806326053051116,20.872591444031972,20.163742419312936,13.508508673427567,15.0,21,18,83.71993465426863,77.34477138566652,audio,Auditivo
83.12595581660901,59.93717546931616,201.9519008597738,20.076964922790093,10.130572634984432,11.165168458751324,42.0,15,86,76.556253122648,70.94663832485148,text,Leitura/Escrita
15.642412626604752,45.61272808980273,50.17618930748469,33.806059451622495,0.0,18.109177968266483,80.84468471250378,11,16,69.10820950302353,65.44711024098784,practical,Cinestésico
94.31262129620788,75.17240968390267,175.20759011651646,3.917983309262117,24.31009692130077,12.851027008495487,24.0,2,12,71.77780054593904,88.7017817474677,video,Leitura/Escrita
70.15489222483242,47.44210945213726,77.33145292767205,25.681408846981196,32.626317523881625,6.2909212555276905,0.0,13,90,80.51283332775587,74.80174777826461,video,Cinestésico
73.82690902894105,47.78318391335858,35.54130823313112,33.675579964731085,13.81824957899831,37.41098391707983,1.0,16,0,64.99861078760043,90.12505303642838,text,Visual
78.98345598318855,56.125447600374955,69.79158517755447,25.95072154762254,3.8082694348413497,11.102662535766843,47.0,21,1,85.83392143583352,64.9192412019899,video,Auditivo
128.12078573413186,64.47137764837255,141.66680426004598,11.99714210718428,26.297395144087382,0.0,26.0,15,81,98.3036831119396,72.58060546243524,audio,Leitura/Escrita
65.45598765175485,107.95350528286286,63.41085327197927,53.91266934306018,17.34079925804448,8.263210482228892,1.0,20,99,66.20983731049549,87.56087880695006,video,Auditivo
67.44661758901009,48.54391893817941,111.75895310478597,31.55307230923763,25.568747223681456,4.861786493018158,29.0,11,96,73.14451465407146,100.0,text,Auditivo
46.21917301379268,13.615056108024653,139.8182954432421,87.4956587138607,38.64048530411758,21.609164928324127,9.0,27,99,80.45940726256474,60.237839356096885,audio,Leitura/Escrita
44.67973956499004,35.94038725208686,102.16201991304152,26.09945624729333,0.0,17.57322127673269,18.0,23,65,83.83983160469668,89.32314954300328,text,Visual
84.91007449632737,23.99922871204707,95.56417969475451,22.483956021120843,13.00399191297636,18.189702414322753,41.0,29,67,95.70201033492852,84.122805981435,text,Leitura/Escrita
34.31748522273398,38.7295085076929,47.876402836921876,42.10901311690399,17.906243866880867,12.039820273302045,15.0,1,15,63.69464486352477,73.83899846760717,audio,Leitura/Escrita
62.146987116581776,86.3378745298967,48.52443381230219,26.763193105076706,34.548261741466504,12.765198023544627,12.0,7,3,71.81819282473317,88.49521986994124,audio,Auditivo
45.670276597046495,42.74093482763238,76.86843292333522,12.33357813012963,3.635969807935151,12.032551171138653,47.0,11,56,72.33983304439653,71.33267329339687,practical,Auditivo
74.36939477239176,39.1435323737685,89.10253497363244,52.04676388181244,70.39810532349439,14.350454526916241,101.65099487671824,20,72,60.99330145113452,81.53847660216641,practical,Cinestésico
70.00986315860845,60.387018720032835,0.0,20.66594665659006,21.358559015662905,21.68266748291868,7.0,15,84,70.14889980695938,74.7792809550164,practical,Auditivo
91.12619832773697,56.96861764410569,92.5659887433326,3.866260471328696,19.039993382661418,17.68860330004277,49.0,7,22,84.87268210812509,92.19431082954773,audio,Leitura/Escrita
60.20970671946517,0.0,75.53312288631146,49.92249080935999,18.019402367810937,19.000902636966934,30.0,27,1,72.21321097160443,76.93226850054764,practical,Visual
51.90375194119886,34.88333769598016,60.285951028955694,22.435529762810653,15.637369678199711,18.996471265993623,44.0,15,66,59.553788313925864,76.48126203713484,video,Auditivo
30.63708852653078,44.225673845589455,206.86094331473234,26.8762412586262,30.48116759269155,22.075539499053903,24.0,9,86,100.0,89.45689037497155,text,Leitura/Escrita
46.67120219771665,64.00157912853723,116.68617735354631,4.861802376373244,9.314792459175612,17.305200332322038,38.0,19,25,84.8414275976025,69.71961340907137,audio,Leitura/Escrita
71.31901479134557,30.161951049875896,115.8567167828314,56.11412229895486,31.445955257027492,17.87078458143135,30.839091425812583,14,6,76.11694130106675,80.68750056763572,practical,Cinestésico
82.70965849936056,2.4689458791625185,62.441381787741875,10.657791191854688,28.830369026286153,24.510449929545253,78.96619886924584,3,99,64.02073636932954,61.77465656313399,practical,Cinestésico
32.335040274671236,77.20932607416789,102.81171223774237,30.876742210584748,12.378665514859021,9.679632655975103,37.0,25,43,77.60706161971275,69.12066541370925,audio,Auditivo
118.34600649515491,27.292752223487412,127.22732380846318,43.68930483810661,45.85975175683896,8.154059360387944,40.0,14,32,73.35786215958505,92.87478516897725,practical,Visual
100.66913576414854,22.83099479374824,115.90927072454313,36.325753995046455,24.1905073475346,5.512627206505153,28.0,3,63,56.114765872845936,70.09302490463767,audio,Auditivo
72.40304709671102,27.513092205735518,52.45963706565501,40.63315847396726,26.132655446611437,16.46331650896205,5.0,29,35,71.28241447008143,74.55427068176209,audio,Leitura/Escrita
116.30387437674199,36.30949284688301,79.3846955589013,6.059859682723806,31.377767806686624,0.17014207024701378,17.0,10,3,90.63086284723111,84.93086402047938,practical,Leitura/Escrita
36.786324026892814,27.905106709235746,103.05208536026532,22.53131273047454,5.786500546814528,18.69723276847742,48.0,5,22,100.0,74.2081385885307,text,Leitura/Escrita
22.660358900657492,0.0,146.99360874868887,55.94868855810789,37.52291909122032,14.12645524399558,43.0,3,24,87.8777685932063,88.22842073216358,text,Leitura/Escrita
6.6383925328716415,57.941323937742645,94.02237442550866,18.192388950195053,0.0,24.077117598568456,64.04537165570643,8,89,86.03083278293367,82.15662787486065,practical,Cinestésico
104.88132934467549,107.24963903708822,40.63875640909923,33.05039189998151,12.312335899614794,9.624661516280074,26.0,8,91,73.4424469141679,84.35683111924503,audio,Auditivo
123.5794873141237,53.030439826790115,72.37434798709282,40.22615113222713,15.409683268210996,13.373453716659945,4.0,2,91,74.13453839319398,98.84572655338249,audio,Visual
58.33245987268635,17.24628659150367,0.0,44.437543287001525,31.45202874856966,23.97762666634695,9.516109125382084,22,84,85.90979027619466,83.19823062614066,practical,Cinestésico
68.3990587895946,52.184177235525404,120.46807520306615,11.607309632809748,22.187182661414877,26.065085174225217,9.0,27,73,91.62777289179469,95.38847290469344,audio,Auditivo
31.538534217185255,39.869573695410836,52.06690157631573,62.94969082468431,18.331852593016066,9.55878107398544,9.0,4,26,88.01096693465621,100.0,video,Visual
133.37255938850478,92.68108903899731,71.9552378945574,41.51219016831196,19.88002655372276,16.45424986069728,27.0,14,50,64.3363692461518,74.76547570165543,practical,Auditivo
96.14145343495505,53.36680977436161,59.16226001041785,29.97428769496404,10.219769764774318,17.355351821472386,35.0,27,78,74.33041109684754,100.0,text,Visual
63.281843838146784,25.316524024430084,110.11096512546953,46.343048746149606,6.563901365798216,17.989227244969186,17.617091893992317,8,80,77.77524684476295,82.63866020902945,text,Cinestésico
81.77299871696076,41.63991112827121,0.0,81.3480575913552,27.265116223360604,12.899394725475023,49.0,1,98,76.49365792298008,76.05320291339497,practical,Leitura/Escrita
102.46648599155606,49.145608092304826,69.41863801859319,8.419198484146957,26.937061125361854,25.25106718498908,34.0,2,68,78.87857543415596,93.27782411718593,audio,Visual
98.76309622565157,69.11644644293533,66.29634348758057,26.621060362629695,35.84494375157058,0.0,34.0,25,79,83.20576811668947,100.0,audio,Visual
36.28576633664064,54.09013079649446,54.1227264342911,0.0,19.32099848485466,11.630958121591327,64.24917462358215,20,22,85.02809751955141,84.55045094242222,video,Cinestésico
74.14405071407987,91.73742670061087,130.41792909724714,32.88977298972037,26.928152103009225,18.583445862183574,47.0,11,8,91.85870152221523,98.22392832551398,audio,Auditivo
116.460734894251,41.67653255858722,50.31738483681137,44.76346625909197,17.16293271635268,18.657798495594747,19.0,15,32,79.04273964249298,90.86530557898821,text,Leitura/Escrita
175.70136896789933,68.20918290407008,97.01286620324814,29.41256826835861,31.904749851934824,25.822072244918104,12.0,4,34,61.35966835160686,91.41747347679652,video,Visual
140.32221725403718,48.19525591918995,82.46884760471292,20.181996435025354,30.219627766781414,24.585803145610296,10.0,9,49,78.58234594014453,73.8586439712138,text,Visual
44.66352970706444,32.64376400919287,114.15317383874306,0.0,22.112093992244567,12.71566699754221,44.0,27,23,93.83811031184803,78.20267485989879,practical,Auditivo
30.311855392242574,88.5001188229119,46.64838203278731,35.603005251176526,16.604698433340133,25.398969948244837,18.0,14,87,70.2302414004594,80.71664139750851,audio,Auditivo
84.29712461000078,53.95806545078055,44.34608853066844,51.831517258729875,29.609321786082614,9.287666049780361,27.0,13,23,81.86846977063719,93.84974340653609,audio,Visual
61.67174736866084,31.139119577430353,180.5729350849271,34.36706066270363,26.46904523256566,22.4470990623347,37.0,13,18,87.7403000703314,86.37333041272193,video,Leitura/Escrita
92.82574555412845,30.410140652015134,111.99442006946434,45.78626906247384,13.155595979138173,29.484179827367946,44.0,22,38,84.81425708962776,81.69540410218286,audio,Leitura/Escrita
9.22606110855542,45.93151090281523,15.927192866313447,6.47783529869924,12.013785665150818,24.719552854839755,5.442574891645254,12,60,75.06924721043714,81.20349915377172,practical,Cinestésico
159.39346647978934,49.263695905351696,51.12432449378554,36.85819595538771,17.114670993182038,15.846163068192986,36.0,15,24,65.76570794278608,96.47110522742248,text,Visual
55.25976304263032,65.48221693113209,83.52339288468214,24.099265533830145,35.154138153482094,12.345769825823023,18.0,29,94,52.18337927579422,71.41413774370014,audio,Auditivo
47.193567901577396,81.7149372436931,99.32174775413063,18.563730740956284,31.464871587330382,2.77126962992571,36.0,7,24,63.88149293335971,96.95515819249857,audio,Auditivo
38.53892000724066,73.99914749152761,46.22692713824657,18.594545381758042,8.876725303294194,17.484317103313632,13.0,7,26,71.096958508883,67.6079724533858,audio,Visual
10.354299844026919,61.430863044697716,0.0,24.09582626950485,14.097705538167176,6.078262176232647,69.26344638419083,29,31,85.97422687422707,94.5540948217203,text,Cinestésico
109.16689524509916,43.81271182530049,88.31281150079616,35.73649973538803,32.746838496794865,8.654922691088505,27.0,16,10,73.96871937648625,88.09149152519423,video,Visual
62.199539015652114,58.82621161534966,40.90824111749847,16.108988372948993,8.643640952421709,5.474033594106627,35.0,29,68,73.52440153661088,90.02579814271594,video,Leitura/Escrita
21.301173007768384,19.34952192944921,0.0,38.26051427418268,25.09295323642008,11.316861338746758,43.0,16,32,73.00698101098727,83.63840434292612,practical,Leitura/Escrita
21.147636838091515,47.95854099893618,0.0,29.377923330012784,21.725574085739975,14.776244684104142,70.78597728925993,2,18,81.5680582850948,83.46034410910802,video,Cinestésico
49.926459021296154,124.970591179094,98.48933010692095,13.51441163202211,36.17044924521683,17.18891664932564,18.0,0,15,88.58357166430605,85.54254476026522,text,Auditivo
110.07064575868179,46.54169964917535,74.50161076417383,56.949978025125255,12.29575200862121,10.195946916688293,41.0,16,98,85.6343572186746,88.09054289087778,practical,Auditivo
52.212259459091854,39.00269278496143,62.102026675071194,17.197567799079877,31.433615302058282,23.554269651161466,0.0,25,10,81.0614969975847,76.7116917341276,text,Auditivo
14.905711406456817,33.00665343209875,118.61585270369666,19.958446295497644,21.848586540603648,13.334357936080272,22.0,23,74,60.2438725361706,90.34799130526237,audio,Auditivo
52.62770807742167,18.207339253152234,92.30636390580754,15.32538075266253,34.79442829078968,8.698220533875848,62.58530728518438,15,73,71.48325757156229,69.15529376421216,text,Cinestésico
51.818292907569884,24.30476183744593,187.29255741173415,90.39905353615129,0.2969141864859921,16.81033813794749,47.0,16,97,100.0,79.94669426673876,practical,Leitura/Escrita
0.0,32.58983802819942,29.713142547050506,65.03780092456928,0.0,30.70842266835053,3.0,24,68,94.73232333873064,88.35969924272277,video,Leitura/Escrita
94.54746170800367,11.888659616427159,68.79072816161127,15.951119906345369,17.794340597326862,17.68128453228094,40.0,1,86,59.624967817652745,100.0,practical,Visual
53.07196409373966,40.31236667899206,17.235968778698453,58.54127214998199,22.469060634166116,12.097154981011144,17.0,24,54,80.73484130173313,84.60788848261402,practical,Leitura/Escrita
80.88619094440256,58.04554347573294,61.97161838505865,33.01048041433317,14.49772375572671,2.7803091510503677,83.58532103265941,13,24,78.63098432661039,76.06607562044265,text,Cinestésico
176.17632091219008,21.844876397061594,61.29844511816629,33.858801316672526,9.113065895236579,13.244701432223437,46.0,6,92,67.3784153697378,100.0,video,Visual
93.79695088643273,70.38567847283538,91.93147730420748,24.83284186871321,31.91297457502245,16.879425000704924,65.9778954612362,24,76,51.907959785911515,73.30633760881247,video,Cinestésico
51.93333928335508,50.21584177055189,71.59473583996645,18.7587601956454,43.00898681593476,11.89935286995544,46.01534205694868,18,95,75.98824045016431,97.51409073748911,text,Cinestésico
26.80422273774989,102.07891802935086,91.81924983979704,35.06649148581902,18.62258939612073,1.6769228940720033,17.0,0,33,67.12241742379561,79.15329102500336,audio,Auditivo
137.20079409749582,26.84330892295726,94.6204046598613,21.823691550066144,43.97685520166223,8.195476883972528,8.003310824817229,16,11,67.16158260915316,64.60374305794039,practical,Cinestésico
61.77655302043465,57.090504541332315,145.42250370840998,57.25133444362657,12.903352790523792,26.63630768710206,31.03783053689151,26,87,71.45319640069242,68.05316531983448,text,Cinestésico
60.41787875738839,22.956421932787748,58.964617064985646,10.960633421353439,16.44065082913029,26.472008029843686,11.0,9,20,73.66324085345188,80.43643636879588,video,Auditivo
59.2762473866999,57.804950016730174,37.06420547667673,53.042351592824176,52.14293315115762,7.9068866463632155,53.99408237581349,5,28,74.90917205904313,81.39825271326053,practical,Cinestésico
103.85055985484804,43.436786795870624,78.61292653607431,28.33021726803299,20.683221299398177,20.382054297595374,34.0,6,50,66.16010101077998,100.0,practical,Visual
55.66918764228173,84.11126021353543,41.92019905011598,34.48628601031659,21.263125145869992,5.5714177218386105,0.0,24,22,72.79790470365923,69.61500662385774,audio,Auditivo
42.790139793592914,16.488107887502967,121.86862689527877,42.49736649944152,71.43196062769614,26.23453025595962,8.123047800620093,5,32,57.42576629597245,80.39462199303931,video,Cinestésico
43.59423176278824,22.098603154467906,91.94391930029788,32.175157091568714,6.0065783415122915,16.96188678315389,0.0,4,7,87.44959396128895,69.40578592917943,practical,Leitura/Escrita
59.017401893520045,51.94456436506769,50.204827124410336,42.96372577047955,47.4145328425744,22.59713198893227,12.037465940044333,29,41,50.0,75.07345146786597,video,Cinestésico
43.69725686598705,21.033039915515985,92.5432289556037,0.0,36.639862798081,1.2792532225396887,38.0,1,76,81.8370714607233,96.83972030069339,text,Leitura/Escrita
38.61462651968507,49.26412584198246,131.80749689292617,27.710874982076835,16.751420735014538,20.421096815399103,46.0,17,68,96.55676777734176,68.6366377684401,audio,Leitura/Escrita
63.192906830756904,12.657243870795085,80.59498760112665,21.476822733912783,28.59630786854846,14.938607490523973,42.0,23,40,72.54318358702223,85.87042424067833,audio,Leitura/Escrita
52.35068347737434,56.96348425333336,47.54166129543662,11.197409814423576,15.370727805991839,21.81543256632674,34.01388973259528,16,73,82.164302036574,83.92907359014391,video,Cinestésico
105.11978965748065,15.34953370462982,128.2873171168236,26.775677428815733,20.001122864603545,22.318942384782797,75.34050483979881,23,62,86.55732712120893,79.75828573641792,audio,Cinestésico
0.0,80.9579381885068,40.03405557683875,35.78624952272542,23.849664160476344,15.526277515797995,8.0,26,13,50.0,85.19436623191737,text,Auditivo
139.09480677180477,52.51261867292001,71.24481259115477,40.53989997748959,27.9856667311059,10.193362887232682,4.0,25,87,73.48637096424258,77.22663563025922,audio,Visual
135.16018679188014,26.064563631408504,92.83071530635806,33.613151358006114,31.209365124062458,21.237569457435953,3.0,26,61,50.0,100.0,video,Visual
0.0,78.72917862247067,12.903271135402434,20.014598026596797,35.69628586939493,14.518764004758978,43.0,22,74,73.81791554429054,99.2484549512352,video,Auditivo
49.719372177589534,45.20884526667112,155.89308627260044,63.198546189506864,19.325534414448178,8.01772037177886,28.0,6,45,84.88755722171022,80.47104697759313,audio,Leitura/Escrita
83.06262399261071,29.223162876145235,33.07123135818427,31.864285422762762,31.93611755172588,7.638782148338514,0.0,20,66,50.174560140891614,100.0,video,Visual
17.774649158465365,19.828906318475838,129.13084839987394,74.8814553786104,16.57695156550851,3.182684669500947,29.0,18,92,100.0,76.00972068450079,text,Leitura/Escrita
36.66549937227374,0.7474861665484198,36.30721458283583,41.65405054397275,47.516969130501906,10.917670723495494,75.66687833164293,6,52,77.86015807634625,84.0043199385628,audio,Cinestésico
26.682724636025135,46.99300094599387,119.99640231113669,49.44266762977057,22.07488797852182,23.821536368595027,0.0,22,51,76.30071968289867,94.31889063774514,video,Leitura/Escrita
143.43227054370212,8.703944572758896,108.70415732031495,16.541204907581147,24.456779070819238,16.422638397643475,2.0,6,93,89.65379427498519,82.4273336544108,video,Visual
88.07035179442383,41.906883988826166,100.15027839714817,20.20574766251879,36.12777487984497,10.761858352615675,41.44953202322019,15,6,57.04386779357684,66.18450941120562,practical,Cinestésico
98.14665284982476,49.03759492123424,78.79608268833358,21.753159605429502,3.952949902021878,21.438847505440638,7.0,11,80,62.70828966481683,63.88282934381146,text,Auditivo
81.65016192129706,53.58285550876391,61.90446699746052,25.271004991256163,11.266195301828157,8.34018702621289,25.74477913305793,14,83,52.005444763301014,100.0,audio,Cinestésico
26.12844686348312,46.68929503138331,49.82531482828047,34.0207564138463,21.025414398175226,15.762802194662228,24.0,14,53,93.01045196539334,74.70975349361223,text,Auditivo
44.26439201160679,33.411044273058174,121.48621417859863,40.72761585192087,4.80898490047665,13.562957018195878,79.52808817073314,10,10,78.32346371472003,78.14263236581502,audio,Cinestésico
74.68123683683754,54.63741408576591,71.57447010047115,50.75354336871118,28.31211103199756,21.233045004706817,19.0,1,24,87.24271193145385,68.87235921678945,video,Leitura/Escrita
23.336165733241636,46.70116058168235,48.413186190512285,39.24613560388218,28.715559662881418,2.382173032643994,30.0,2,58,82.82391009315515,89.48339279329188,text,Leitura/Escrita
81.38995290517164,83.31008358353844,93.28791272614905,32.14959457500006,23.2717055287779,8.198418033482753,29.0,18,87,80.73767761144585,72.18440140775415,audio,Auditivo
83.26654014184403,49.385351796170525,42.13521188847266,22.2614203030149,8.788659872420778,1.8940347272437315,15.0,19,65,75.78077713895989,80.67578393044974,audio,Visual
48.75537577351207,13.67400672669463,36.74777758868555,16.11911613535566,33.80138938868515,12.92322622552584,1.0,27,26,77.70921342707442,82.9952041941616,text,Auditivo
141.72229510932618,55.135773599739636,19.473850824058232,3.668431540339352,40.37210639718358,24.691420029059444,16.0,24,82,76.0760343622295,78.31621915012093,video,Visual
100.29210889768666,52.24937588027205,53.098155618881876,19.572759628846914,21.47076827445974,10.956422322771783,9.0,25,57,68.91408194430721,84.72657320947754,audio,Visual
85.98119793806845,19.666337428470055,67.10497416362274,37.0971817990168,25.105353784512364,10.914528494434794,6.0,14,92,74.53375234785331,99.6509623733263,video,Visual
128.3323269111256,35.118390526515974,78.50821046812446,19.45632842940649,22.017386547960438,21.97379539347309,41.0,15,10,77.73594573261677,95.55679921930151,text,Visual
47.50135609158745,39.21385424744738,103.29571855048192,26.432894438610905,25.30369188998799,23.548396467642398,8.0,0,54,76.10549119552131,91.88091733203106,text,Visual
78.47806820832791,37.31006431196535,88.44142732830278,36.996469311184754,28.222835879140774,14.291431461849681,33.91439490429304,14,18,60.22227892246683,82.14864709463865,audio,Cinestésico
119.3692929585691,46.677199331370694,63.319472315638706,37.81034244634003,19.654357601561966,20.477718832399137,8.0,11,91,61.55013331391591,86.68388756863891,audio,Visual
50.713606820580296,68.62733563662367,63.06315132670981,13.807007217509415,46.98785905525161,6.384363672976429,14.855338956745308,6,38,85.82841433916391,99.96152319754925,practical,Cinestésico
69.78399066726354,61.63533455345657,139.4289112150341,59.92587837296334,43.456241618964405,26.02379467140331,36.0,6,84,76.55941270453192,71.87842869465933,practical,Leitura/Escrita
33.26497833949376,13.755616131371873,114.53995570249992,46.91025134033228,5.999287655982613,32.18965035149641,23.0,10,89,80.8472534703594,89.7050277975773,video,Visual
87.72081057620703,52.44139980612097,74.42099698191201,13.052252141721603,33.05310737999291,19.1697263295098,85.3233109558756,19,85,64.07880090277604,81.15025566342807,audio,Cinestésico
54.45293590671033,66.5786663907082,92.98261599744276,31.6912833848408,8.195395147679179,0.0,10.0,28,69,69.12376401977635,90.08762507133136,text,Leitura/Escrita
53.7985101677352,47.73617041378405,35.24968996200591,47.86636024719287,35.920248985760836,10.534157900817725,7.0,10,10,66.56403387468288,100.0,practical,Visual
91.47027677510668,61.81960850371934,26.562680499081182,44.0277225393814,14.122620306801016,19.90260257335457,24.0,16,13,78.71454421368075,79.6798119551293,text,Leitura/Escrita
38.86968928371722,140.283744115641,93.31943852152331,0.0,5.567992062142061,11.628136022669098,45.0,2,59,68.34859700715587,82.90666493113049,audio,Auditivo
17.746161109093208,60.47419092213963,127.8177532077384,14.388217584247801,26.381869988485732,25.177588434000782,1.0,15,35,97.30103272572046,83.28534753913948,practical,Leitura/Escrita
17.72221255973151,44.98617191283458,90.20772337873315,26.25945562241278,37.44311114743111,19.70525811548692,9.0,4,40,76.79523301537462,64.53204519587482,video,Visual
117.42624203415443,60.90176948169507,65.49691937767804,12.554360245730972,26.635978685607625,9.348195993873627,23.0,27,1,93.48938618561859,71.49649871163552,video,Visual
21.58711942511151,72.31075462958921,119.24271610621128,23.79864344045338,22.04797877281917,15.258118486170023,47.0,1,56,79.04408154071417,73.94936309278029,audio,Auditivo
154.22861444721875,40.478060865699106,53.05585268953138,30.48594320525368,24.09140922775994,7.849334234887279,15.0,22,59,50.87449182080189,82.85739859946155,video,Visual
0.0,32.97171528572535,103.43442330225218,51.93381906052093,50.636194263480945,13.539320972700466,39.178366327505955,29,19,85.56041606458555,68.00717578035868,practical,Cinestésico
110.89369104870114,95.57388539009402,68.64399867536599,25.643191256583165,11.258007299858502,10.563254076539586,30.0,25,21,59.90448377530045,87.4958257137363,text,Auditivo
66.33052401607856,23.631426681159972,68.24676506791755,64.80906595960747,18.88152895913687,24.398094401864306,10.0,25,3,84.24898170324559,80.02118421017472,audio,Leitura/Escrita
57.09860664388823,70.64735449356232,144.34826743379554,75.31957061496628,15.473098514904667,31.92809645464796,5.0,6,55,73.29151578828072,77.85305452613163,audio,Leitura/Escrita
43.65242739573151,62.56749913477607,84.33726415393978,51.51464504028114,8.321346927082898,3.550493334113984,5.0,27,92,96.42711034464186,67.43844725492613,audio,Auditivo
71.97408343056213,18.364536613433327,82.49404657434242,34.27131890078353,16.716247405831975,0.0,31.0,9,57,89.39597927430135,79.55455135755211,text,Auditivo
58.87095892725455,83.66581927406774,72.84474477196696,0.5506627824153867,31.077210959824484,13.038620625188914,38.0,4,87,67.58179358298241,53.73315244001388,practical,Auditivo
93.09905646049565,0.0,68.67374213991091,36.91237298105798,40.296566659514674,2.8526744093705396,111.68154292894964,14,64,73.72642331878889,78.3704368919416,text,Cinestésico
103.6038917286598,52.510160336620714,153.59301975046534,45.725998317203114,26.443105001082003,15.369692829367338,12.0,11,87,77.44598069649217,89.50300665452909,audio,Visual
64.50905284385632,57.70462965977982,163.43198727941933,43.58805594713931,21.46475611653318,20.991488910447416,2.0,9,57,91.14743302282746,82.41914984321498,text,Leitura/Escrita
49.09163363358432,28.15288088695893,95.29894132449292,56.16875805112873,42.18026296947187,26.953135178134602,93.63379756530409,21,29,75.29151912325013,64.3589823652072,video,Cinestésico
58.291631288367974,42.47095391911164,73.91297053711858,42.897503422011866,20.78318302942377,16.61115646972225,60.3457745045954,16,75,64.75105100619133,82.24816736691474,video,Cinestésico
69.23405306676177,130.4586681711821,105.25050202088342,38.52410065729176,16.90490114072771,13.454758201203369,37.0,19,18,67.82441360799947,69.58568730135457,text,Auditivo
8.694948220301235,48.03051031172115,88.12981717370081,46.295710668087565,21.92004236968677,0.0,16.0,19,61,74.95518203623209,71.87530167707666,audio,Auditivo
19.554437336828613,29.885286759672862,70.91716634709125,35.00054776891317,22.775158588818904,15.209481193486388,2.0,10,67,87.34456978764692,87.17931385822665,audio,Auditivo
82.29792282068145,69.63326804925197,71.36112381820739,0.0,23.20187854921873,15.570298084395693,33.0,7,78,86.4218966580034,100.0,audio,Leitura/Escrita
65.12596314383825,79.25174381061589,106.60800550005547,40.05469509378235,18.61664717983622,20.111654513701964,11.0,14,83,76.23282243339068,80.5135875880268,text,Leitura/Escrita
54.48049990941963,57.51754582809295,0.0,47.9575204087178,16.225765988696704,9.33209518776727,23.0,1,43,81.4837277770979,71.82904541359768,video,Auditivo
60.553017991961795,102.93338956817769,77.37102937541746,17.88612989852556,51.57771283044298,11.519579198113123,5.0,16,83,71.1301516112184,81.88670447509999,audio,Auditivo
70.42745116085013,91.0953601434383,52.903337196137414,26.647912421445913,29.067872729323987,3.175981957566526,41.0,22,60,83.90408005186842,89.39029157499145,audio,Auditivo
68.70207383920267,25.15031534923232,125.74344993990094,14.327455291453932,24.131474759526224,0.0,10.0,5,20,100.0,94.3832796746597,text,Visual
36.65085823793062,30.293883292642633,118.68843467212454,93.68654521198148,17.66791501793606,6.132023273625734,47.0,20,9,80.49140901715494,100.0,text,Leitura/Escrita
65.87535765293045,113.73078619570127,28.386280316276334,55.22238686127023,15.487811730561234,2.4373934859758677,26.0,27,29,83.01605159726371,72.84662430905334,video,Auditivo
44.49470939686099,73.70028557417018,68.25419460551588,16.741966572889062,18.691994062730444,17.693698363364888,47.0,12,23,67.5460666796227,91.71495120701174,video,Visual
72.24758267143416,51.257617203487094,51.255021263422485,48.01857538741382,22.928288435866833,10.854927546665142,23.0,28,47,80.69990008725476,95.48917953418203,text,Leitura/Escrita
11.28897801354807,22.403712929958914,86.56925954993632,19.792589283539286,1.1956445593691853,10.694102959401686,17.0,28,54,75.29562286872101,100.0,text,Visual
90.87466911976931,79.74122223398882,119.31845709949133,60.51946467533789,4.306104046253163,7.124695630598303,26.0,7,51,80.80243752845446,60.49922073475619,audio,Leitura/Escrita
128.9263822533855,29.38058204376071,103.52438708878937,37.64524615863493,13.631176110610426,0.0,40.0,10,37,99.63013688775024,88.76202081649392,text,Visual
67.68089202941627,55.06992449445101,42.31913729069021,42.17558357419898,22.071394367785686,27.066485989980404,20.0,14,66,71.93406925321618,94.845207658487,audio,Auditivo
155.1647946635356,46.84675668979243,71.19028336798513,34.97877671561831,17.607268528481487,6.997835817785694,33.0,12,92,80.86851538784867,100.0,video,Visual
179.49068006533219,71.08320841429548,22.224237160067766,74.03109309582702,34.78121226099484,11.700639441200744,32.0,17,7,55.69913130676568,97.51705375266617,text,Visual
90.4311019505439,57.079519531044475,94.552317367365,14.581143524838916,7.953904193416353,3.3608626776855157,86.90032203388962,17,28,79.3199656336961,76.32136706303517,practical,Cinestésico
4.773773060050644,48.29731000723821,88.16049131540427,4.340949683452287,22.148618076677757,22.77544274752507,30.809884443216063,24,9,86.42054592352247,69.9079684756261,video,Cinestésico
21.61269099792895,49.265770602362124,87.35317573596498,24.10364698947808,59.49439485619011,16.147431496298594,4.265771800040826,16,68,69.72402657420949,100.0,video,Cinestésico
51.23172934593268,40.87029337286932,70.05666609749294,6.480176016595987,21.31119324675147,8.38907771787305,23.0,21,74,50.0,96.82757651617773,text,Visual
60.782731506325014,51.162790290370125,84.51705117760768,7.6130659499101085,35.79597586320009,11.86216310924781,0.0,12,67,74.61348231172676,71.51933073114583,audio,Cinestésico
125.834766686229,0.0,126.15186879080088,14.980280187030496,40.51246943269463,28.42543937699896,5.0,28,48,75.17183850385528,88.22595943056092,practical,Visual
38.22768560539603,41.27589348685856,60.021701003529515,16.16716641852559,13.061955820981774,14.416244544949773,18.0,2,57,82.24075050744304,83.10186516828703,audio,Auditivo
65.60300293431234,44.82643869833562,133.02544627913716,19.79138644950314,19.00685662207968,13.546131699072752,21.0,28,34,100.0,85.43806653888117,text,Leitura/Escrita
37.33851202940032,16.97971832760986,43.19025000453623,63.75703070771603,17.275730990691283,7.468948110885878,42.0,20,49,75.67633449863878,71.0038134245421,practical,Leitura/Escrita
52.01857287407447,47.7264663562312,39.610866344058365,22.40716408371996,0.45406995516724535,0.0,7.0,23,39,66.4371187633972,80.05864608921894,video,Visual
17.80016709455333,35.910575580277566,118.36655003460277,40.812177858798286,16.89603196244031,13.719690611365245,4.0,6,11,70.68104361897545,63.4706543762704,audio,Leitura/Escrita
57.642720712198745,75.1095139663098,108.63767413456675,43.413491617514026,28.810621873806653,17.60388089859694,8.0,28,84,76.980786170316,100.0,video,Visual
19.449461831509993,112.97970136420939,61.03017115119496,18.505162128278606,25.40589541812241,23.796675714621358,46.0,11,15,79.79354258818502,76.58381533229684,video,Auditivo
30.72380241068002,30.683888617636743,93.8609206028044,34.491085903711294,26.1908316938801,0.0,20.0,3,77,74.00264351177691,84.66321649183293,text,Leitura/Escrita
91.60925389823518,49.79514154676181,55.75901644234688,35.48639979139374,16.244910193605005,5.999229383815768,27.0,23,84,82.7868274572579,94.22258508576327,text,Auditivo
31.51803333504171,38.52104868783215,70.04512916993747,1.51065443753939,13.439027639943586,10.354071275548398,45.0,26,47,89.11870971233675,82.19870142373945,audio,Leitura/Escrita
138.97146194512172,50.66250124169332,80.32400094980875,0.0,32.692556718986204,14.972153211414385,3.0,26,90,75.43231689644891,78.87029524050932,audio,Auditivo
74.79953702642668,69.89552229399345,17.59598241874744,35.19175993196584,15.026828536423304,13.83973046777262,23.0,25,99,65.97585279255874,81.93921476883934,audio,Auditivo
65.54508371084621,24.834358622248196,175.43335656287437,49.324555765254296,22.940820387932142,14.026490514501843,7.0,10,0,76.56930145694166,80.63193603850227,text,Leitura/Escrita
34.24926659456359,17.387693301249474,46.71021956546888,60.96330202278616,31.497170085232923,18.264768468559556,34.46246779471268,13,64,50.70244702317455,92.46164997877945,practical,Cinestésico
107.26302579276314,52.45422447800537,95.26662199033495,32.37142313800215,34.617170162571185,7.773655113767126,33.0,17,21,77.35787064198034,90.10039711917263,video,Visual
42.73086521286678,52.59059168443622,31.266372755138008,55.258244841910475,29.714123576723598,22.473131537869556,19.0,6,14,81.23441495857801,74.55598980421087,text,Leitura/Escrita
63.66029443936084,23.913684806800152,93.40940456911764,27.067910346210393,9.226816360288565,18.467619533595844,34.477376558295816,4,83,76.88478991089487,90.4784905688975,text,Cinestésico
189.6523744389844,57.90710861525199,93.51806127350741,34.4584083237763,8.124468332249599,12.441341886975366,9.0,15,66,80.0431901556456,100.0,audio,Visual
83.57147225419774,27.368445416693373,83.44707252020638,55.00885262624301,25.78909818069134,27.807263935111322,33.0,10,13,78.85821486432224,71.26675829281801,video,Visual
94.47819978857027,63.52731196631977,35.195001737007274,0.0,19.356623526208335,27.451328284574135,42.0,21,72,73.89616819353965,95.32783884768105,practical,Auditivo
38.90470724622338,56.406880252249124,134.29970542587643,59.970053735240334,15.44828216046236,22.46316284155047,9.0,2,18,84.25193944319442,83.64711773208485,text,Leitura/Escrita
92.43889046636642,39.32774870592574,28.59303353429638,62.033800951160494,30.156278839944708,0.0,29.0,15,39,60.956835833038305,89.9228261505256,video,Visual
113.1240190690653,80.58089589062917,61.15328607163352,34.23051328814014,21.874593820889107,27.631560741743804,29.0,10,97,69.16279354310574,90.06624631596515,practical,Auditivo
41.19098826636698,45.26770691706133,106.02945853343641,54.758594448492715,20.52457386889444,21.358068179775472,24.0,9,3,75.50471053683461,74.33023608995721,practical,Auditivo
114.37345673990785,46.36359033837752,97.88456744747597,20.561817757058364,27.798286407550496,31.051269101703493,45.0,22,32,67.64146424087639,89.54164514190924,audio,Auditivo
81.23255806366427,35.88281138239319,70.53140298891516,29.519287587544298,22.708382104907564,24.89971673386831,69.69451055539719,22,42,83.60150795872546,76.23224530262145,text,Cinestésico
43.12599672317197,25.068433069195223,35.881769842700535,30.502870535828812,51.93930087048795,27.626741419978284,97.50853134611899,1,36,68.4136791904497,65.25049320289662,practical,Cinestésico
102.19886397337756,36.464516737684356,92.59556992609677,0.0,12.11952376766992,22.029238801443032,6.0,15,65,77.16305411248317,80.17044466071755,audio,Visual
133.12236324029118,9.027634022725067,70.67834331943088,12.477332582246998,26.56929066342088,25.7895455891641,46.0,16,26,76.16565656815335,96.66351631338958,practical,Visual
78.65429886651589,30.176925057157906,0.0,13.546873809240207,59.06768022480832,30.95298992587552,39.32184715866096,9,44,82.4627759361041,70.54531660005341,text,Cinestésico
12.89325840328631,34.302490132606586,161.20641608927284,61.60264797619099,6.227045107279,16.73243790702565,16.0,17,80,88.82645003502446,96.10076123189648,audio,Leitura/Escrita
38.18588472525394,34.8764049500924,90.96230457674497,55.53442524583493,16.56664824147551,2.4221556473749626,2.0,11,49,88.43885395518585,91.89283453439643,video,Leitura/Escrita
52.57444093345486,35.17005108258442,151.90195858040454,44.43126702101958,31.42207392885558,12.540312799878862,46.0,7,94,60.40803461961449,93.33439166032966,practical,Leitura/Escrita
77.41701092356385,38.76471600279742,31.665531840501835,42.36154345283559,31.572445477310254,18.119564795067493,45.0,26,62,86.94148148013127,92.9899784325319,video,Visual
78.62016292652034,49.58883036172128,0.0,27.53775880917339,24.3344785816784,15.599100674972462,69.19428899645641,25,5,90.27308224194599,82.5786161729496,audio,Cinestésico
113.53614288879092,57.49034148265045,79.76793504208148,48.02897504309315,12.653289063231405,5.027504270724588,35.0,2,94,70.17875715678531,78.13506502977769,practical,Visual
19.939669238696965,27.004695463034658,80.20472868386905,30.131826639481076,47.195987152131615,1.9514589984401685,58.672197691274384,26,66,77.3664691267285,89.9578351015749,practical,Cinestésico
102.30668120227392,15.935982892217112,10.826493033774184,30.86796071140135,31.835491025816047,9.070698650921365,9.0,19,66,66.09168319869218,93.35835268764268,practical,Visual
78.3175723585147,19.159111755137943,60.90130661439443,38.61752638703321,8.353366514876052,21.461916447873207,33.0,23,96,62.2742245267571,85.6730562529226,practical,Leitura/Escrita
134.86146534075456,30.255941576101456,166.43262103019657,40.26675716454642,7.960863510336198,27.642718166583755,13.0,2,58,67.61284734457614,100.0,text,Visual
92.42342176663865,32.961573643669816,59.30362850461688,23.682017750806303,32.29327088362921,22.33254091022161,13.36757920786622,5,12,69.59860960536389,73.9403701605249,text,Cinestésico
127.35643684839054,24.600078676050856,95.58356417316756,44.64647065797102,26.29360633428892,23.45941829691309,26.0,1,20,71.45149268648184,84.96749364748608,practical,Visual
108.86241399548348,14.07766671500211,47.22690604210657,13.017762889259899,17.00930914769945,14.35347541469154,9.0,2,63,65.41085909994013,95.31930033956068,practical,Visual
57.89502865624059,30.877583450516234,0.0,18.496166173100423,26.792938199823492,1.0633403383522886,49.0,16,36,73.53207851242718,70.64564594541294,video,Leitura/Escrita
10.171171994520257,43.628532402279426,64.0409613621433,40.31140132689757,20.646445275005497,11.358235352938356,25.534176750653366,8,79,74.88993678371592,78.12401178723161,audio,Cinestésico
72.88854657397758,79.56368041319355,60.70384038998632,28.67183678125481,0.0,12.92988470502097,36.0,3,84,67.29773016889858,84.92949810466969,practical,Auditivo
95.32304656015195,28.851538937833574,56.004261646607,23.191628757703075,15.760989276674039,11.023580105314542,21.0,21,47,80.43524332550028,81.58139791521262,video,Visual
68.1473651158612,31.74004355713132,86.67168011025171,53.57645113933247,20.63232146513101,15.43755892299701,44.0,22,55,93.24718768387461,93.08989409729112,text,Leitura/Escrita
26.73258068023609,21.466033823053785,79.24938950759727,20.891078788708732,17.241600401035434,18.531358079143605,49.0,1,43,98.8038774616449,68.91307302954743,audio,Visual
27.56830378775213,39.371216592504474,102.60724399186296,34.73576982817357,8.413967363405149,21.82412150594798,30.0,23,12,96.03391222638481,91.22771240233342,text,Leitura/Escrita
91.59458559998711,38.71256446967161,25.759784121842266,50.98841925106739,1.843510241211824,12.775041085069327,1.0,27,3,77.43103058328414,86.61185474816004,audio,Auditivo
101.39843495402238,51.462556264824,87.01646770466786,53.08713518715976,14.859111956321023,0.0,44.0,8,94,68.79735703332321,79.60367850173888,video,Visual
80.44502092117872,4.282670161317775,2.8531322831882004,90.03729621667802,28.97655771649744,11.136978245670921,30.0,13,72,83.26735734242307,70.75591431770002,audio,Leitura/Escrita
92.7726551400412,32.80740655095075,0.0,25.76811334599133,32.561974394136826,15.349683175935871,13.0,25,32,78.26595959916357,63.888967741289285,text,Visual
75.25177580769005,46.02214678383484,95.87131731455487,48.46054357476706,31.87713384138455,24.782463377067266,9.0,10,36,69.8668691099434,78.76718363147428,practical,Visual
88.14851417927993,43.676690326450085,87.74570952473749,15.765707583469828,17.170473746557764,10.457537262527158,72.32626181379752,1,52,82.83731396752877,90.47176655002997,video,Cinestésico
44.51865815347878,150.6897922362016,67.99116222240875,16.396456879169087,8.46293676369636,19.100349027195215,35.0,20,23,61.01901985318125,79.43914273721326,video,Auditivo
62.8836233082295,57.97895164755851,21.159302333572484,0.0,24.96634614979895,17.32070319708346,46.0,1,88,72.5560016446249,91.62980880391842,audio,Auditivo
57.883747831369526,19.918908063159794,45.22311707640736,55.093023028477944,26.351000115979254,15.351204264987107,39.0,26,50,80.55858459317406,80.5261794502204,video,Visual
46.96511317703053,38.09071505821854,100.29130323826193,21.599285893131576,24.001696052004974,22.44426655459673,14.0,4,40,81.43629319835921,87.07106160106562,video,Leitura/Escrita
50.72483629594082,6.947364163088002,14.143711099906035,28.1020113037941,0.0,9.713270425979353,13.0,6,28,72.93245596570729,72.82501397915578,practical,Auditivo
66.66401314901138,38.38800501406478,57.16453821184441,24.689736211150624,11.331154151165334,10.398508402851869,30.0,21,58,80.21709462940682,70.34424993790161,text,Leitura/Escrita
68.47895853175089,23.338878859984828,92.8315618361838,40.42747872495211,19.703112097140217,14.904793415246175,28.0,3,39,66.64398759312255,84.05940899162148,text,Visual
97.67268376720563,58.307805511203235,149.5987312515402,42.244132276872065,24.872181946304273,9.878827959250401,26.0,13,50,96.42237540820811,73.35033488680003,audio,Leitura/Escrita
52.37359503135924,29.0091945080893,55.319783656950726,10.42774664350576,27.673073626024866,19.0640983284368,20.0,1,49,64.81962328077185,70.21173761934551,practical,Visual
66.5487800276157,37.664681684095065,96.47709240106344,36.62493846279091,21.4425352228204,9.294461565070938,8.0,22,35,78.18159327409884,89.50701872234376,practical,Visual
76.27936142113334,27.28884317191193,3.007897529438651,8.494049627846572,23.30783806538236,16.810433661961074,19.0,11,78,79.13647898282373,86.91310558800427,text,Visual
103.409336530612,74.77702703706663,93.0807934389764,17.438914120267633,28.005160629876247,14.198617849705947,54.42827028131737,9,59,65.51378098791034,92.68358611496068,video,Cinestésico
80.24700241730599,33.57514467764177,41.861805484538166,0.0,26.85619374218483,16.719407718213645,14.0,24,17,75.73104254380743,100.0,video,Visual
90.95533618405905,128.21486602286197,80.75709658477895,8.640628317035898,23.12865651490911,11.322068839495687,23.0,0,19,65.90367827255298,92.19943199232831,audio,Auditivo
15.43318880889084,67.93046740406642,61.32866536161018,32.67793754580717,20.657376600472872,12.287293643785384,48.0,18,4,88.91042475055946,87.20357498393508,audio,Auditivo
112.81673752776494,49.641334546707725,116.2144903424342,0.5319594284561298,17.31631200862619,15.7680741439764,15.0,22,17,63.61217063023787,89.6400626148985,text,Visual
86.68892386870311,47.3746629463504,61.84997234885032,10.585959670692512,20.81291425042481,16.6165960492905,35.0,15,39,73.71260461018697,67.71055093528108,practical,Leitura/Escrita
81.76589373389646,47.87594596432503,91.9662204146641,29.964466258007878,24.84591378839275,14.966384676870751,10.0,14,0,62.7577499164442,90.54647307599944,practical,Visual
91.96441125196054,2.3030006545629886,60.21723878462133,21.84589655860421,22.67475388898061,28.642898852104672,7.0,13,18,61.42301273132448,85.96793777330814,audio,Auditivo
69.97138736293333,34.42233211698487,64.45930826966176,59.880549539389634,23.808264183452536,7.074104650069726,2.0,8,86,90.91215290882293,100.0,practical,Visual
163.24312538598375,56.90315942368643,63.56511373942766,57.50844819036563,33.427218613511855,14.48636964037829,18.0,28,25,80.42774673912562,94.80692672167324,video,Visual
128.9669437085775,39.02205633051789,51.44947320405214,24.234498917494776,22.651639227465875,2.410967823064123,45.0,20,28,82.22000224828932,92.40383434605421,audio,Leitura/Escrita
49.114843186810226,16.839381401310654,69.5065361932665,38.35706427605223,13.510014795268424,17.97665182933909,40.0,22,58,68.43423036653078,69.68002108634761,audio,Auditivo
73.73993800795604,38.951910988450614,67.80731222573625,41.239238353191766,28.83606785994169,6.078027708985488,2.0,14,62,84.07611811046769,87.12403566534432,video,Visual
103.60153431353103,74.08211032510982,124.66335316421615,32.37248133260907,6.338016623310825,12.77351795298739,35.0,25,97,72.53665875458951,84.2935071366127,text,Leitura/Escrita
152.69850604886506,64.93783431069438,72.95768009925018,7.566876952526943,9.18586619260713,12.023485397349393,24.0,6,82,82.93639294330103,100.0,video,Visual
44.314199185401954,38.759919812679364,155.95837980463006,49.36033277482827,23.358472647200692,17.24712901280937,35.0,3,61,70.34001704170701,78.5477135416108,practical,Leitura/Escrita
47.394395487124285,59.02898554116173,145.0851656959279,36.98495763088736,25.163966677865787,10.577672659638559,10.0,20,47,75.91015915319569,79.17554040850847,practical,Leitura/Escrita
51.54646173418478,32.669859592638964,53.06152948316578,33.19193228485778,7.54948776496005,10.237554418448141,15.0,17,61,89.9174362580947,86.87140306002979,audio,Leitura/Escrita
19.66648466897169,5.922568263465621,142.12741991652672,48.15381264259106,16.171825190132502,26.486851712687184,16.0,7,17,90.9097897117025,68.74129172854876,practical,Leitura/Escrita
32.44044160547405,21.510680237408913,39.891856429351286,32.682513400750764,13.939161677803414,17.27653432379621,41.0,11,65,85.62942104335185,96.07404549823428,video,Leitura/Escrita
37.93843818671918,71.25777537016396,90.57495608482073,12.720036786312853,15.133236771184032,10.511593183821855,23.0,14,26,64.50325884243205,75.39452722592729,text,Visual
36.96607304687615,34.52013836341391,145.65673169594317,51.02988356609741,29.435977762729458,12.993330625510154,16.0,14,5,79.39784753396063,60.81410576440697,audio,Leitura/Escrita
58.95945337839657,35.13232041249964,4.8049414302107145,63.21136305831853,27.065054635472528,28.16283961816596,47.0,16,69,82.17665291781012,80.1006700852258,video,Leitura/Escrita
67.02644197609563,34.00323607450239,120.4376226168987,16.918928779039657,19.808778201462925,13.118680973991225,19.0,1,58,73.62910242745825,96.98458702375565,video,Leitura/Escrita
106.5150147844223,78.08273179146013,53.60263603238895,43.92135916486622,18.03795766764242,9.485787014780898,33.80842443928255,11,5,88.70962760129294,85.86453130333611,video,Cinestésico
30.04937877783627,91.25058082472417,43.443215972261875,3.442782933358828,6.503503297798595,9.52003079898886,5.0,2,30,50.98053056049454,87.51090543003633,text,Auditivo
89.52967195429751,84.37560466896268,117.27983157446519,21.328298119265348,53.94534137963087,10.606988152083382,10.56131359394914,6,93,67.21260484630847,80.41385762307114,video,Cinestésico
53.58033467323473,50.65443319188247,47.12123007769034,26.129871957035867,25.921139002849184,10.24401822058622,13.0,5,55,69.90433497130168,78.47622502728822,audio,Auditivo
58.51608871042701,45.9124897749419,53.39647368323155,35.11232258975569,12.933308959268595,4.7628172132060556,10.0,13,53,55.824179531843676,64.55090630406885,text,Leitura/Escrita
80.24458476499811,9.66714901158418,72.64932290017828,21.524092896732114,41.63683426783308,6.006399224424175,26.866101586527662,22,84,61.037708697638095,57.40613742095814,text,Cinestésico
26.318339353131044,113.30237301722876,93.99564112044457,58.066117234621714,19.297763794253743,8.36543700510904,45.0,26,40,81.25289512542068,81.96272338440863,audio,Auditivo
71.47229238552151,16.6444089746413,65.04229948964556,17.23673866441652,23.743259205868235,19.732568147624782,6.954503794850421,4,17,75.30283636552964,93.12549194340227,audio,Cinestésico
64.99356624639168,44.335511275252586,110.82296909842383,66.61832583707871,35.88015029319955,11.950101701817012,6.39616132736861,29,86,90.73136022042902,83.44133704828066,text,Cinestésico
108.15829247320039,18.05394944734312,88.58414816874317,36.55690169596578,12.58501750087275,13.342706487247678,19.0,3,22,90.45226445884819,94.9749611678928,video,Visual
68.67505931723454,28.222663465226077,0.0,56.08847712044123,16.5624348048989,25.160704202039177,14.0,14,91,87.5148273174603,95.8371754563954,text,Leitura/Escrita
133.65900419732682,41.81830508930232,51.46865627725471,37.14360530081499,21.21461064199546,25.360057199507345,25.0,6,35,78.13238249000712,83.28766851441058,audio,Auditivo
40.86780047246052,33.46000863722493,50.33552652269053,67.94891623877928,15.005488071147866,12.74300045489812,32.0,2,24,75.659311085789,78.7734489969238,audio,Auditivo
72.55236496746956,29.21754593702043,86.77763337002978,15.09610494102828,26.69085210267524,9.953091914532727,29.0,12,6,50.0,79.43440091878057,audio,Visual
41.30578420725707,49.03767340331855,0.0,13.193731215954163,38.690665036782605,8.084557490611697,23.0,9,81,61.05440486673925,100.0,video,Auditivo
43.335686425192364,90.42293313614081,159.21533980512027,18.677007051421185,12.457018673928573,20.542206157665902,22.0,22,19,76.00675503098934,85.2654777915368,practical,Auditivo
62.325641543145366,17.902744138749597,88.58591332129735,30.482147204468415,3.348747036959555,13.362342131821698,8.0,1,4,81.16025708747671,77.88846371954847,practical,Visual
139.17046758337338,44.410828540277336,75.21068813711919,4.113433127811401,0.0,11.908040877417678,2.0,11,17,77.8966981213814,72.94876698762262,video,Visual
183.25855044890076,64.35918304611117,111.35487007467012,30.33508858977912,18.49531858505018,8.490683398899577,35.0,27,32,66.07535032284342,99.14517608298031,practical,Visual
75.41216222136742,29.736072709732078,152.02789184844187,55.403207001205075,13.368354098738173,8.842668727908892,47.0,23,78,84.37406282469496,77.66469861579648,video,Visual
35.02933280687314,25.641622185047964,139.7731942676972,46.14419981485785,22.078605010670806,17.560465531945958,6.0,27,34,98.26947329375966,98.5383415750222,text,Leitura/Escrita
74.14246669159212,35.389507496394984,171.4314003468,35.78975043663094,21.32597672026101,4.476493872901903,21.0,21,64,96.398664298647,52.43537202909289,practical,Leitura/Escrita
52.5084932235703,63.594504167214204,74.57415085625338,20.72759326974559,3.9678315338590373,22.958949550303508,13.0,11,62,84.8959932959047,100.0,audio,Visual
78.98795453266533,59.48876343285898,65.04659863215682,43.47767556827347,1.851161705185941,10.729242849480652,47.0,18,84,69.4077420204479,84.86894811161964,text,Auditivo
66.087690625539,29.37571410784803,69.36667794787581,30.48197846966309,22.95933240346095,13.80291244598566,28.0,18,71,95.87873827107269,81.18594423056874,audio,Leitura/Escrita
14.527676550083044,49.677533023760795,52.08038060870392,85.44501259700182,21.35428834719957,4.3041763348755655,49.0,20,70,81.57247972224208,78.24541564958237,video,Leitura/Escrita
106.42515603990185,23.168785525752654,45.95450651051759,59.000396215715355,15.741820016334486,14.901072494061085,15.0,2,40,80.11555528522005,98.90729848594029,text,Auditivo
113.87633019286565,53.62719020885896,29.304563457560743,41.12142315638916,3.428564148676955,12.373432458475522,47.0,5,49,88.82283178647238,87.07058858401203,video,Leitura/Escrita
41.61633928546841,72.10165873612293,67.34449922602418,29.827273678850325,24.713912627649908,14.599355209148268,33.0,1,29,73.78512894559589,70.96796391104549,practical,Auditivo
48.368953201920476,33.84383057722232,11.03663479707646,45.45989712362339,44.11562927799635,26.773671186895122,20.0244549654941,23,37,66.39997524877698,62.81090043971119,practical,Cinestésico
91.12133195091651,23.22828403105538,76.68207834502988,46.42197753340988,22.779824402189224,16.42158436632192,6.0,12,34,74.17863336445954,90.33564863341105,text,Visual
86.56260747699736,22.266381554330856,68.72842871851805,17.91012403410877,11.525261094349354,8.642726526833568,24.0,26,65,84.86761617482823,90.26127864086976,practical,Visual
79.75632818018491,50.69634672691821,109.50526834274997,37.731752653202726,20.445521655711513,9.309440715627455,26.0,27,45,79.25887670355917,64.8013196262449,text,Leitura/Escrita
120.3061361629905,85.16739838388524,51.72539504930026,10.164788479750566,6.33885919066315,19.76104948731015,14.0,26,7,83.93347262608145,79.44606474517664,audio,Auditivo
54.69158317517852,38.25227466242534,177.69011295631762,36.13597407501086,30.579607138387924,25.389546327947393,31.0,8,67,82.37070670617672,74.260653669258,audio,Auditivo
60.6994244776197,49.167734071029685,117.60405650631095,39.99941825185336,20.81844334529539,17.2553441660084,27.0,12,36,72.0106260298017,85.26313338957839,audio,Visual
18.620423159564183,0.0,39.423878152446385,13.813559207845607,2.3184308824676805,20.509701956438157,8.0,22,84,97.55361497641086,87.25923611648402,practical,Leitura/Escrita
38.07209880174243,28.30764538685601,78.15038305994143,23.17201642775761,28.481826506032725,19.87790178669364,12.786859735736614,13,12,71.44453328809294,94.92609947464035,video,Cinestésico
59.006190813786084,39.37882134258196,48.71978499719367,9.791191236279762,38.060511171961885,26.35251530686017,36.81074639891877,18,72,90.09546862612632,89.08889036369287,practical,Cinestésico
113.83673590553363,21.806331660363327,47.315102837022835,28.268064071813903,16.669523790244774,0.0,25.0,10,44,88.04371156640141,72.78559250169795,text,Leitura/Escrita
44.47166102891486,21.26987250420808,39.579881335867256,62.722252204006175,17.24104278559826,20.337751514436228,34.0,13,28,80.16348963360721,83.68915128829194,text,Leitura/Escrita
66.71363854916696,26.644408870622275,85.12758417657389,18.99776899982581,13.673379667833363,22.86988835122851,32.872971420204394,15,40,66.12198619662347,80.63107121492024,practical,Cinestésico
59.50731311781744,45.84385456652746,65.05630721660552,35.23895661895033,25.66540987081656,4.290210350915412,22.0,9,55,82.59213708201708,66.678710453691,text,Leitura/Escrita
95.65179820344252,36.253419631872504,103.87391084088215,5.590324080790268,18.749493398411072,7.914654527948672,15.82319717678137,19,87,72.9624048650558,83.98232784692273,practical,Cinestésico
135.80797277620866,0.0,104.78237750856536,32.80485314586996,0.0,8.193738010974773,1.0,15,15,62.41703614749095,98.56672337917715,audio,Auditivo
44.07393681239038,0.0,118.08700348240073,29.33590020233027,22.353508240517787,9.169678428980934,55.78553076367621,27,11,72.82384577282333,80.32426604187005,audio,Cinestésico
69.18885441268263,27.862696442856492,40.16646318740638,19.065611249502567,29.81149715570353,11.146263592515792,31.0,25,65,66.96196819902914,68.20553274031774,practical,Visual
142.3601544835584,49.15373172107104,86.63779637422036,27.16478553476289,16.130705534000526,16.94082250443953,28.0,1,61,80.85991768978782,85.32180939370664,practical,Visual
80.45674468878934,0.0,92.13589758248052,32.70442320755166,37.37984985123521,21.925397209338957,2.0,24,18,88.06280475728202,67.8628780102675,text,Auditivo
115.401219772081,30.005396476967388,90.59515557599558,22.403936922114926,24.28967948548517,23.650535662148293,7.0,15,29,70.12365553203895,88.63605506886287,audio,Leitura/Escrita
77.51784555977892,29.475042869651578,42.98798149124937,7.856061839973311,40.71529392414376,8.297415510657746,2.4568687598478887,13,15,92.12307728366923,85.24864991725129,video,Cinestésico
49.221237276388216,96.13348941708703,126.33322330215904,57.083616490302234,18.71601734082391,8.242376010376137,30.0,20,87,73.7144896561487,78.29089946525256,video,Auditivo
111.21168867891019,32.299563765742725,77.96235565062187,20.50090942934591,19.317137922357094,25.526574720129783,48.0,27,12,65.24978615061485,88.13080896578933,audio,Visual
93.26110741748724,47.65977969481857,136.78404932237044,45.6034835308455,17.36576364880496,20.173951483349157,36.0,17,68,94.60630606249995,77.87765698384453,text,Leitura/Escrita
126.56076174024946,42.825142801749266,41.22733958602254,45.1625960253047,16.977306079174735,15.662918734951969,19.0,25,22,70.53545521744952,92.03710689140384,video,Visual
75.21822093321893,0.0,34.538364936690044,106.54834629657755,25.30867162067149,18.78669340443974,28.0,5,61,84.38038224575682,72.27764978658458,audio,Leitura/Escrita
92.00024068767462,79.29960291804858,50.069257892776136,11.332703251667013,10.641687702094345,14.761569745188474,16.0,6,30,70.9572175578792,66.12246918998564,practical,Auditivo
160.802939533005,44.307930109125756,65.65925144135011,36.74740820589765,9.241061712757404,19.19667746438092,9.0,12,52,66.832620681351,99.07773354618877,practical,Visual
101.46476973112581,50.16537279349179,32.75229976139279,19.386715720588406,11.20218120207009,12.311466427954077,73.94669640846992,1,16,82.23997032401904,76.14599023503042,video,Cinestésico
79.46129662768928,118.52475412872653,69.6554316972366,21.918145431349338,54.86930879045807,17.150439475513846,34.54335259910087,14,48,72.13698597105812,81.67043104169144,audio,Cinestésico
54.98645759049437,0.0,10.902318417602501,19.196819684898152,25.3034290167058,2.9156315970440296,5.0,16,48,60.63348207820754,82.85281951167494,practical,Auditivo
64.40141059299968,74.49393299522217,30.798340213554475,13.115175482991226,36.11721259752147,9.497725641396553,80.34318173627297,12,66,80.51060124215932,83.22020479655214,practical,Cinestésico
96.1952689952507,34.25104961199289,141.38332967306997,44.25315207326967,9.424853297065685,9.583910585677252,33.0,6,25,70.06507495213063,68.26182002901575,text,Leitura/Escrita
35.49192987038292,63.96388489770098,91.13266820972629,7.882459694276466,26.233423006748286,12.004879734344687,30.0,0,12,63.46739827324741,63.241598354481525,audio,Auditivo
71.06019926618704,39.08975509397516,79.70384523525941,67.3723292273221,18.834286535466713,7.587893961762015,11.0,2,37,94.80143084681518,74.11307475308008,practical,Leitura/Escrita
74.38807669077056,31.51527333203913,34.37824918230665,30.825044040500618,22.141689411317497,10.731650993415347,11.0,19,21,63.03660100789788,92.98774205151605,video,Visual
60.86234468804452,48.055868027289094,34.040875696589616,36.336524593521595,10.23379684136444,2.884687500815035,15.0,17,84,51.8355514307251,72.72050132525688,audio,Auditivo
98.35355587821897,46.59017471146018,56.93561139205401,23.007170820806657,34.35630201701942,19.3896038111592,57.51223929923264,6,28,81.22861484961496,76.45078646300766,practical,Cinestésico
65.7329720405971,9.656526066566418,140.2399828724719,43.5958178904117,15.761664617935168,14.339891848708843,21.0,20,44,77.5934577153641,100.0,video,Leitura/Escrita
61.39309644468447,86.30081675132908,102.48859919705136,34.31345857750992,12.343888429698122,1.3583391377918659,26.0,16,45,72.82344878861883,61.54576115195464,video,Auditivo
19.20431577060242,31.67611190229492,52.62138925813108,12.539240513912617,46.75260937411916,8.321360715626614,43.953561215304035,27,38,71.854996066498,72.44966004089501,audio,Cinestésico
82.38760698081663,21.49657885158996,29.627765090532563,24.630143483799962,4.622921914699976,17.692811420497335,11.0,11,68,77.31669939018727,98.96604068573929,audio,Auditivo
79.36452543423226,54.79769209265846,79.37452732532167,17.105797291823187,25.647762643141505,10.655824428913682,17.0,15,77,67.47280758096932,79.55401328004777,audio,Auditivo
124.89764169916381,65.14298433725145,59.978437147856646,20.436972457230866,26.844861335529963,9.424468318895226,44.0,23,81,98.76897287608108,72.9401483450109,video,Leitura/Escrita
50.766652951409974,29.293298259675538,51.861157639857915,0.0,15.989623316861609,14.40325858393539,103.63970024974203,9,67,60.23769519690602,91.6876891701112,practical,Cinestésico
107.95276412726362,47.1690723641924,116.38466316529632,50.0898988422,11.796715388675326,17.74878028142573,15.0,22,96,79.44874916677124,91.20721872503917,practical,Visual
67.48151051132265,34.47351482986838,98.94903999980188,19.70191870269347,17.769743187335976,3.5091803436867153,3.0,15,38,81.42121003876584,76.51691604955994,audio,Auditivo
107.32359839290423,55.15843699847239,75.52910092880082,47.450640827453256,32.30868275380349,19.401027849743034,26.625752753666937,19,19,67.40348239166622,81.9236892703751,practical,Cinestésico
57.141134028391434,53.710154775804085,25.4828349610547,46.031884820914385,31.36779888512391,8.597653747140987,84.52447035444504,17,76,64.76265554722181,73.41891190617234,audio,Cinestésico
68.37064577311017,101.54880880371758,77.39887986147306,10.710004402252594,24.335624601918795,14.85657625400161,32.0,14,99,85.17174214170156,69.82508937111922,audio,Auditivo
78.23689529149618,36.48872109001569,107.19300517756344,13.673831464907316,47.94276929915366,14.716638874467924,42.58909488614576,22,67,65.09139245983285,78.86403072365252,audio,Cinestésico
65.59827369469075,53.37309609515813,88.1168974947577,105.7678829918776,14.922832308502862,10.783471054081808,17.0,10,34,72.91083957370029,69.89003039923993,text,Leitura/Escrita
46.60699156348415,41.961350790778894,117.28899314953503,56.26388912890715,4.646262222664563,6.810722030954285,94.4943905433053,17,7,83.87308962459747,80.1069331179648,practical,Cinestésico
65.82269978694923,65.91743563726028,184.9233420669119,48.213307849441556,28.25923583030653,12.71450761526189,32.0,5,51,81.07760151456871,83.5440656747434,text,Leitura/Escrita
92.20895249579317,25.623352247825395,128.23064912502156,33.860596596260244,64.02714198067414,28.002642472601558,46.70023098677952,0,39,57.02856332370895,88.53060456051611,practical,Cinestésico
29.20454101766819,86.40781398831557,80.68350942859735,20.53730395579217,23.927683630511243,4.106599756290953,41.0,29,35,92.47059144553515,91.27924985516827,audio,Auditivo
63.98909022440628,36.106054077666364,90.55870949321043,36.4852907130051,15.879814383105176,28.538504152839003,35.68173444121675,22,5,69.69989241220034,75.94263498367748,text,Cinestésico
38.996375551824805,38.71623645783004,214.9320788132077,24.787499754387216,18.76107636764799,12.922230631387741,47.0,6,85,79.74979403614422,84.99414607939069,video,Leitura/Escrita
95.85139886774527,41.83504968896746,85.65878779741415,0.0,15.539511913881979,15.282971336709114,27.25389395510615,11,69,77.55784252326366,84.92523446206357,practical,Cinestésico
18.343689125605252,45.044807928533544,52.456806227342554,10.176663202334236,26.42855493962948,6.306313508922182,24.0,19,99,81.25076797004073,92.44853902672422,audio,Visual
55.23431513711229,37.67541913756084,54.30100072152485,30.31639121775881,6.487095973015656,8.829844666580154,33.0,3,72,94.61104291291467,83.20719176374268,video,Visual
71.31635625193563,44.294263663410526,78.34942338208087,13.033991467461185,28.408621397668995,10.976722799695846,53.06290715546027,9,15,58.399318505943036,69.7193218753589,video,Cinestésico
163.6472278286045,71.56236115124369,24.83035023188235,28.99083802629698,9.956621737060935,6.6344402329767025,37.0,20,45,83.25952208925946,97.72562892071348,video,Visual
58.027492167810365,76.46135382220315,64.98593796225326,13.880084408507052,21.26824685134962,13.328656341033026,22.0,1,58,82.43009694050077,62.9313743780695,text,Auditivo
43.34401419920405,57.38309184993793,136.64372133114188,27.039914036272467,16.336583228622423,11.743872865545832,4.0,8,37,82.22133098157165,77.32160567431688,text,Leitura/Escrita
116.4347120832177,30.889209479522584,0.0,68.96767871890933,21.76762103250264,29.806249139485868,43.0,9,96,92.12228109517044,54.46368984351402,practical,Leitura/Escrita
16.559582987512677,22.215183435433513,123.70687356280803,33.71220821460157,26.370438699113954,5.672206514556311,66.11102530115315,19,17,84.34274017636547,66.63597576641736,practical,Cinestésico
0.0,59.10601116475506,109.28309765461059,29.85503368029979,10.133409722758897,15.821524133988698,23.0,10,11,61.180372150129955,74.95305018588121,practical,Visual
73.20043350159997,57.52093585059588,89.74887578577007,62.14656373051898,26.268770635290217,16.982770255214596,35.0,24,53,100.0,90.96724207629285,audio,Leitura/Escrita
44.93837326942167,85.48739150031719,89.01867897551334,37.20912890021021,19.51234348156885,6.4374356107853,4.0,13,90,59.41237746861859,86.88108024404269,practical,Auditivo
29.363015486078602,44.809749523454414,70.11017044172144,51.69844936877051,10.114709921340996,20.494619963622707,38.0,2,46,63.64683718761227,74.46065316157758,text,Auditivo
81.2506934189806,35.40902689279306,113.0496628953539,23.102111065272897,65.19206201757353,11.813383896946975,10.824626253232045,24,0,72.38212326375904,87.2936979512975,practical,Cinestésico
67.31402141313596,7.210316749491319,104.39390999694794,23.555475322087368,31.346658582304936,0.0,74.1808296349332,0,14,94.24940513187056,88.87622963380397,video,Cinestésico
43.07764107789815,48.18729075127254,20.99752468859468,10.483361004129822,18.467394466006947,20.27879689683652,35.0,6,90,71.91743370246614,78.39335151625278,text,Auditivo
21.590868039873165,59.93141021158894,90.55418447124619,23.565289239413705,56.573697361847486,6.0644729271810895,80.55466408910827,3,79,74.6806610994919,66.1562185578631,text,Cinestésico
135.22235842065157,30.67009241543604,62.80302512248633,44.471548414536684,38.418156093866074,6.617800430887208,3.0,6,20,89.32078603904563,89.35324233715428,video,Visual
79.50603533875983,52.809595904016476,89.7362907414068,68.93986027182338,18.54650577686115,20.503216663139185,9.0,15,0,80.06480134161129,79.02107594827864,practical,Leitura/Escrita
57.02472408661851,36.18993788004377,65.77893954284922,77.50968446673676,23.47397486434762,12.2227081406524,0.0,29,92,68.29004442709967,67.67545609169774,text,Leitura/Escrita
115.39910988142998,80.83913757481886,131.18479741922923,3.0871220017584555,10.11997181997059,22.342177204412003,20.0,9,66,70.82765164761686,83.67046792929968,text,Auditivo
27.897457010215426,17.046172203686652,106.40216369659015,46.24717818991101,29.661410775998238,24.68132876292255,66.85566610874086,14,11,88.70791833805777,82.79811854302355,practical,Cinestésico
14.234244872257833,41.70418899267802,66.267885035176,2.923015529641627,18.0093744624013,9.840572317421618,38.0,15,27,81.473339639826,84.45042699894186,audio,Leitura/Escrita
39.24275790356266,0.0,23.28862875814186,43.47175986183521,27.590171930564303,21.346099967640246,84.27188941575193,5,38,94.3065825905626,82.78923097167443,practical,Cinestésico
84.93584171700218,36.2620768367603,56.50145791577531,24.483232101434172,23.327604786370102,8.956313588856945,2.0,3,36,82.37934926262155,93.54163841076577,practical,Visual
67.30018347968075,7.390535125697198,120.32311426842992,65.23079697686315,25.598284488280598,32.86492733705741,46.0,3,94,73.24337638466618,78.20671972126968,audio,Leitura/Escrita
52.7629182643101,86.09775275973335,78.40720453811781,10.013274781581512,22.37642656299959,9.456343963750278,30.0,23,59,75.51076304465079,82.01785107370954,practical,Auditivo
70.5616618954289,55.54814705529022,155.75585360316603,63.991267062527605,7.892573733708355,23.208699527680032,26.0,22,30,69.91054256526448,76.02259715754468,audio,Leitura/Escrita
22.453817274286678,49.33341963932162,133.44724424340342,13.003320374819925,10.615328942589151,21.750320207052603,16.0,3,57,74.5443476602272,74.1550078437805,audio,Leitura/Escrita
103.31293812219778,70.4201245431876,103.93491590135173,19.973176337202336,20.916534018814108,17.52870257687147,38.78161930033906,26,96,100.0,93.38249630762076,audio,Cinestésico
76.55013274297133,21.021669583503254,81.4399390213653,15.028580583464471,17.17759408076771,9.635654708666536,12.0,21,96,85.18624510033811,64.3414739660612,practical,Visual
93.51887494764384,74.94726395831117,21.37454444261534,3.6857272076625165,44.97639983397485,13.788820064468727,100.32597765136241,21,10,83.61097989006673,88.76759989154264,text,Cinestésico
70.28176039133112,72.98749948992898,63.15055140985845,31.417913513827024,8.37061013147087,0.0,26.0,16,28,68.76819684691937,73.79459124554339,audio,Auditivo
73.70259657461352,43.53549377303999,107.1031408968033,57.091336767554424,16.425849518293,16.795360307058004,19.0,12,88,90.6958406628108,72.49961822356879,video,Auditivo
77.09301840696611,89.06717891326552,68.19669750163739,70.00357833480012,29.530094982140497,17.79692264822708,45.0,1,12,85.99415601792937,82.61577484065407,audio,Auditivo
98.06691568615446,17.874129751767317,87.60816290183114,31.457336806293718,17.001225255033876,16.06799535249097,12.0,19,50,93.81621289357771,70.06252482510416,video,Visual
79.28168279602632,29.230405355411406,58.84380896638534,46.75021912601284,24.60415649842824,0.0,43.0,5,53,93.3311414839845,71.83976928053796,text,Auditivo
99.87457590397294,38.84960623269183,33.956585301035425,33.48141956892806,18.604579570720965,4.874908439281512,23.0,21,18,60.20910711902478,71.50860353487008,video,Auditivo
88.27531662847551,29.420445838719694,65.68295775838614,37.483247921523194,22.56783257324723,9.0152721372107,40.0,0,57,63.901605107300924,89.33882951091336,practical,Visual
127.60236283296464,18.868847144794945,80.81666050614288,24.867770233091417,17.715274561904593,17.333271465512368,2.0,7,35,64.96212184536364,77.39804809237447,video,Visual
57.3079291713832,64.4616613419065,60.17641386570321,48.27779097173969,26.67065472728354,17.314711245143876,42.0,17,27,72.98313558891749,96.0111868563927,text,Leitura/Escrita
103.20351646348419,34.822911992603366,61.7501064300166,38.06218056909643,7.572609006508263,13.638209664230565,20.571683518102702,28,67,78.2345236426039,97.97016516497953,audio,Cinestésico
65.14717240521705,47.05009936713759,37.11878653049061,21.32310406685503,16.36687991611455,20.081964292831653,0.0,20,2,69.33196547904183,68.74547288658144,audio,Visual
114.02821298732447,28.59297267172639,109.17357211474337,28.837585501605183,31.644645110759257,6.7900609975768,78.80198925764863,3,88,95.72598540762519,85.44322704765736,video,Cinestésico
58.795261480669694,6.021230782290939,59.69404848441881,29.123548215037676,25.33695248006193,19.88188004555197,12.0,4,40,94.04679882081638,88.58663439077574,audio,Auditivo
17.076746936458555,45.40114716782844,120.84644407941641,42.39604975995787,51.66966403308604,18.797936838719128,26.582795373287208,4,34,74.9353840592096,85.42985202391105,practical,Cinestésico
106.25102783735667,1.7549004916044595,123.5061747689318,14.009517425584791,16.089753331344237,18.020437862703282,32.0,14,92,94.5532621614979,78.87353433443248,video,Visual
39.56845027575358,38.627319078290625,116.94225427616132,45.21525399595099,34.79481761860873,13.543676551314753,1.0,9,92,100.0,77.55904437841458,text,Leitura/Escrita
85.21930646966172,21.431051913790263,34.70429436084276,58.68008203579046,13.409761733403295,29.645950598650096,1.0,7,75,70.49293440822741,72.51725345222304,audio,Auditivo
56.99686942932909,79.74551998461615,0.0,47.460902288789065,33.286464115446435,18.945565507919028,38.0,25,98,54.907846559744385,81.4528365133738,video,Visual
46.61449700355661,76.19376808418716,18.478702444062293,50.23768573333058,28.174671266983722,7.253313093971529,40.0,6,83,72.8203161503927,67.90034971332824,text,Auditivo
3.3137780716340686,42.11507582542961,34.82560371497954,42.70239859977178,10.865414203677773,16.986443805887873,30.0,11,80,77.2582809566518,78.8521117836545,video,Leitura/Escrita
46.4308104225277,65.27413355309338,161.4385238644861,52.79918779321044,23.070392372518217,21.01986701659375,3.0,29,75,83.41242077552643,64.9719828869493,text,Leitura/Escrita
0.0,23.073680450685284,74.0538605529431,45.03354250054388,25.438197458402612,10.295131208605524,74.00518037126383,24,49,75.89228286874749,77.99865445771863,audio,Cinestésico
12.482915295428299,50.86958757340186,83.63615834321958,53.40383294296396,46.333907820037005,23.71417797544879,34.86996229784762,27,99,75.63017658899228,67.51418310900236,audio,Cinestésico
82.81243968432892,43.99620867437427,0.0,0.7259563067567001,28.362202291058328,18.056269645728086,87.32660355839992,10,73,80.23684741379165,82.06816361791404,video,Cinestésico
83.57400475952497,79.09313754137833,28.07117497739584,10.268380394252315,16.927537743382686,0.0,8.0,12,81,62.87478052916322,73.20580439057109,practical,Auditivo
104.74407588510694,65.44707000213535,101.04779217562005,49.64166152103972,33.69094582762851,17.39737581870341,23.0,14,29,79.11360277569707,93.97795584121424,audio,Visual
30.99071570612361,54.64984205559605,80.03709393339052,25.846659663467946,33.16760873738905,11.751766764698278,27.918808613382758,16,71,70.60383846982994,90.81580728364781,video,Cinestésico
73.19239946246216,45.774473256500464,64.8478152460041,19.92418816112884,28.264223241917662,19.297438516333887,43.0,21,76,76.99982199863688,100.0,audio,Visual
83.42453525047833,6.902251275434075,89.76948255100429,11.187585195065942,17.746485149558,22.553718722014516,29.0,21,94,84.57409845232189,59.37888017490822,practical,Visual
25.249059324223715,20.799074094410727,205.33941822764288,26.294031587261117,36.666632592275235,16.561296377134543,18.0,17,69,71.60896512775922,71.65805906126218,audio,Leitura/Escrita
105.10194905301452,37.545821328085516,77.0256590331478,11.195855368717512,13.216653706645065,28.322017871557563,40.0,26,53,75.86555233533429,76.96913922887985,text,Leitura/Escrita
86.32086871727014,41.86744748553303,89.10646020779069,84.3353063445462,13.858564687528153,13.570344923492033,9.0,7,70,83.79037215223696,84.60327818381484,video,Leitura/Escrita
77.63541869744718,17.39592550652152,76.74089215559567,29.663459220291397,35.24517181115903,19.998542584431,41.0,5,84,69.85731028429359,72.01941966842908,video,Visual
60.806575169835924,88.23353351156842,153.72383723458972,29.130741873559238,22.266333595908844,21.43954058909878,79.77625796495671,10,50,83.99829496132958,70.17907593199784,video,Cinestésico
66.25148423842657,70.32788110507146,0.0,61.23339814938891,36.01074306164392,14.221232248858138,13.0,28,27,72.69884496589918,81.3035720265711,audio,Leitura/Escrita
0.0,52.04236640784967,93.91280551760828,44.435177538998545,37.3844003812978,21.230194463822258,87.31733054748872,25,63,69.44599600557662,80.84888241526667,practical,Cinestésico
52.58467852438209,41.440737225674894,82.76383468627903,65.37588906126327,18.453502934391665,10.24261610270265,47.0,8,84,73.06580859007002,83.77618406420093,text,Leitura/Escrita
39.54047256006604,35.755820601976964,89.83701041644629,46.104329158613574,2.3786085364602565,11.619452647830252,79.59645887089533,25,20,85.92055411438801,84.43675726888117,audio,Cinestésico
29.951399703152536,20.961630799555287,46.99196061018465,20.537316738137154,23.999395576846194,4.5000904773095005,42.708660012514365,4,87,70.07555887587783,83.38594433115863,text,Cinestésico
51.56699121342135,65.76832734995453,68.28622391995424,25.531997925647083,21.016300535334246,16.931272930960375,3.0,6,26,79.60045390883556,81.93655316631492,audio,Auditivo
113.93059580548568,45.155050802855015,94.89937028129233,41.53547483163413,49.17782839198406,17.602013406834754,63.60220268641682,21,26,94.75705101230074,80.55739773326368,practical,Cinestésico
79.2252858380103,15.164788490367513,178.95185703653442,22.0891640754057,57.85126399386711,24.434105268633836,81.9997543084043,26,76,74.25181579649414,86.64763089724363,audio,Cinestésico
42.8646303065161,81.10685475347366,98.2812666290725,29.923400519591624,13.150128208562524,21.32912003484707,49.0,14,49,86.12060680033157,57.60677333435775,practical,Auditivo
77.17748344068475,36.89481902350502,57.43705013269432,60.88187196157633,28.011817639881826,12.721635546820535,38.0,20,28,96.53645404860383,95.44333486971234,video,Leitura/Escrita
101.98066309758006,1.8438488424521822,75.84272603982278,73.98141180862902,27.654021560133494,5.574562501325785,4.0,21,38,93.2538837515239,57.95517949119676,text,Leitura/Escrita
87.73901048738307,22.792299784409963,89.8859323434058,4.953274526304175,30.734127024104453,18.462803220159792,41.0,3,56,80.17499744830248,69.20838183095508,text,Leitura/Escrita
61.78891109760522,41.40700426323319,7.152488957949473,40.721184748334174,24.986899121355446,23.886025379317136,31.0,18,91,81.42107758998614,77.73239203349856,text,Auditivo
72.3677044522518,77.7537531468038,58.44684329044969,26.49413913222412,0.5750230903823024,21.041479790431545,5.0,12,36,62.12621406864655,96.546972024074,practical,Visual
80.9466994084077,91.15252606166568,95.64901786376107,40.61186566296571,18.4457756747224,23.6758201988583,13.0,0,92,67.19956841850048,50.04733109200384,video,Auditivo
87.58651747488223,13.290368618002173,25.40187583231217,41.65397538532243,8.442924250830847,13.30488375041406,5.0,0,63,68.95324818368081,87.41058339851087,video,Visual
86.85579660083197,49.72072578835274,149.00224301042647,75.84075917220532,17.97394227081926,11.267048254594837,13.0,21,47,100.0,87.92395039415734,video,Leitura/Escrita
79.05515405045908,9.05392022123269,87.07211873795184,50.301804714318045,52.119284052367945,9.104789182145609,22.902340117564982,13,21,66.87415485744734,89.94518116028478,audio,Cinestésico
91.48658145958005,61.65382107774147,44.30183373101367,50.19857493915444,41.12484002818783,14.552828267091236,53.971518814564604,8,99,66.7252324873817,73.02670341502541,video,Cinestésico
43.942943653182965,30.577506963642428,109.9267601404213,63.63406716689533,31.480908663974326,14.371273632249444,25.0,23,29,71.52670360831324,76.99164713044968,practical,Leitura/Escrita
99.52182196902977,38.12727622521658,155.95157443450051,55.54537564054395,23.417539207135395,16.65342102831293,11.0,11,27,85.11642322589364,73.83851871107372,practical,Leitura/Escrita
84.5485855124213,66.5159329508438,95.6741734727053,30.482776305552594,7.016740603310973,13.965620343715937,7.0,17,22,76.42621392668883,81.96974908437114,text,Visual
122.25782617875797,14.256728628315003,70.30742792143518,43.09225624767502,0.0,13.93097816218583,14.56040567357941,8,96,85.86758977026565,69.68173449271565,audio,Cinestésico
39.324365457312965,12.057636297740174,61.68108390636555,40.98121427149533,29.93218319422753,8.786447576222848,29.50846429126221,7,3,81.71259666077354,71.10747837529082,text,Cinestésico
112.07891409495748,40.81205412211624,72.68131746580809,25.364006448926098,17.860735336488347,22.532952108411926,25.0,29,2,61.19610153275933,84.34376922028368,audio,Auditivo
65.93732350387944,60.767577020386334,52.088275472019376,36.07235113212402,16.939152532016447,15.612144497949691,16.969790085066006,13,60,66.9272222998963,81.31615373272741,text,Cinestésico
40.45745989156655,9.613078490463153,0.0,48.57591758555672,2.9937275034862196,13.604448525717743,40.0,27,95,98.37390484508435,84.91586507590473,practical,Leitura/Escrita
75.31307761666255,0.0,141.47622686871557,17.19100637309916,12.652567865272907,9.020565974006363,44.0,8,3,72.96701755423194,91.8710539734406,video,Visual
50.389580754170396,30.976822831820023,132.36247613715247,86.42699139274713,18.05508515135224,4.344695116871312,28.0,19,64,97.4715360299839,87.04338601147596,video,Leitura/Escrita
72.7249783920575,51.034815998218406,83.9351542792888,30.82798863795134,36.956012632148926,25.46371354039475,40.99779353308626,24,11,73.50319052084683,88.78213998154995,video,Cinestésico
93.10338734989216,64.00523499477659,67.9732287543082,60.730623865482755,21.8863108156798,19.437109665054457,16.0,1,12,65.32343571711479,70.43136731496111,video,Visual
61.546088183047004,30.73677275829202,44.27091197463942,5.617615947002509,36.08067247172729,2.0086572594402625,18.0,28,33,71.96739222333294,78.47830942907957,video,Visual
77.84884273764882,31.77146785767995,63.49264316679302,21.648318407349507,9.643959439546057,21.105138405677256,16.0,0,58,65.31950204450304,86.84624648929312,video,Visual
124.2681107583559,63.078014685114944,18.057141581743583,40.1673877876912,28.810588920574332,22.379849361864874,38.0,12,92,75.53747383655401,79.77322474512658,video,Leitura/Escrita
157.60478732754763,2.6051660060915864,149.69802743186565,47.06071646443371,20.47298743128728,15.995008978407435,0.0,24,72,77.00925706565246,79.38049292583317,text,Visual
125.4417089983274,32.22958449633981,26.79208005521614,35.992040589032776,26.946691241185846,27.784887166014073,28.0,9,30,80.11605090369021,100.0,text,Visual
61.14010434504601,74.19969241779414,33.881180065348715,34.65709131271127,15.634851367344565,16.733757136983066,13.0,7,70,59.09808676745702,99.79948368290599,video,Auditivo
78.03668679783532,48.984374425700686,54.590927846475985,13.091043111687792,30.7168037389059,3.665411776406481,16.0,6,12,74.82631992490901,93.64404729172811,video,Visual
78.4055391819125,29.80386613618235,115.0826503698332,12.64587904155793,40.04110425834376,17.921352008386567,21.271362738231957,29,53,69.13384264440248,80.8434103219821,practical,Cinestésico
29.316223044047835,40.688820234116825,70.5078149741929,34.83756990434857,22.70783845193179,16.959178413701835,55.89229629995742,28,1,68.51585191041187,88.49456255104332,practical,Cinestésico
52.27870387729965,0.0,26.735247138933815,9.538410092724625,19.879759710868118,10.17362520977476,33.0,23,32,76.32684619133077,61.34160244796564,text,Auditivo
9.942477783672317,44.33913614836065,113.90184262650689,22.02183374566007,17.604441410629004,19.5884706950194,26.0,11,49,69.49548127310788,80.28468940438411,video,Auditivo
71.97669367815838,49.07017425108935,121.71682856062772,51.61871181077915,24.891783506377937,1.6586778704731042,45.0,16,6,95.5595953709263,89.79035825467517,practical,Leitura/Escrita
133.8212147600129,20.35411931490641,88.84522350257583,15.265135915848361,8.202232506254914,22.924534619542314,32.0,29,17,86.88061876251061,83.08792702656183,audio,Visual
60.80015727902834,41.17968443179195,95.05069844097942,54.0803394354271,19.706482978843056,7.975026371156379,28.0,24,50,86.8182829394204,74.27025284317902,video,Visual
107.21960289870098,48.93745001605396,272.487218825864,62.51974044854691,23.953072526493308,7.120430999063741,36.0,11,7,77.56978051481086,78.14194389900221,practical,Leitura/Escrita
23.227030109929764,33.1490159828447,146.47832132626394,6.428700024925494,34.42132006737894,14.089401821540186,89.31444442249094,15,54,65.37501165080678,79.39314566798079,audio,Cinestésico
16.068753593705395,43.40927541993142,45.964962994884665,16.014431352270194,50.11962359383868,18.46378342434908,43.94412632219708,9,75,75.82029929388115,70.91347718084542,audio,Cinestésico
66.73355455679916,29.054355936173394,126.83597474839033,0.0,27.740227740710523,16.31139250874744,45.0,26,42,73.49651633713732,100.0,audio,Auditivo
91.41294907836463,35.867774406079064,128.2490870319763,26.9817510234891,19.925192032592534,9.058726673820974,23.0,24,58,73.01784430326576,75.21303618992054,text,Leitura/Escrita
140.21808600550386,52.20432339178445,87.46835356482123,41.49582714858599,22.16689097497673,10.951285670464891,13.0,11,29,63.242655533330385,76.1523358318793,video,Visual
65.34366231093136,43.13945921936868,10.770520892483496,23.791575865877146,22.956655514819996,5.935661220980304,46.0,10,58,74.58482030731929,89.11896387342458,text,Visual
92.36042500293887,37.17657043434509,64.03649821141315,36.91195865423951,24.03299604166824,13.202560786961039,36.0,24,8,70.95930549747527,89.0786063770449,text,Auditivo
58.84474591497878,44.48432808581586,41.55117433822023,7.164985225773837,2.9424437761348243,23.60016971608728,8.585090872063656,28,91,81.8834703703802,80.17414248998232,text,Cinestésico
54.821181001775415,54.29219581273236,172.00469280779149,69.83357541925004,16.984737042306527,14.965896498848991,23.0,13,67,93.16266756186748,84.85593920044002,text,Leitura/Escrita
86.50979812460017,0.0,107.48781751409817,21.67336158107475,8.87811009702831,21.875314038075626,70.01171873789635,21,38,86.00799805422717,71.28489405666843,video,Cinestésico
79.56968635240258,63.181481299117955,0.0,39.37377073729215,32.78280947459486,26.643210701809533,49.0,19,80,69.65741336464181,94.87688446403513,practical,Leitura/Escrita
12.708235290472516,48.02060616430815,69.22877975985054,28.606882479104208,19.391504799970722,10.295851847704263,30.0,12,10,79.01058307693633,85.61711027918443,audio,Auditivo
104.29621049177688,48.509798664804606,133.68740420925516,13.759027146111722,18.066590503203773,13.507413975557082,29.0,1,1,71.79202343826263,90.47701568877609,audio,Leitura/Escrita
166.84131907057275,63.94493847290455,63.46623631902943,12.703735023903267,28.96797332033235,32.369542888499964,8.0,26,22,62.795857891889156,92.6252854313627,text,Visual
61.48388056896938,12.566526055390682,95.51722757508276,44.51691703505139,24.223247974498747,26.55474729583956,26.0,19,62,70.7139776305129,95.5185643374167,practical,Visual
71.87410600312228,25.81117995144907,141.6681301203936,44.184263557958104,8.713654856207928,1.6207637935011796,27.0,6,21,96.14792611626083,71.26947440322772,text,Leitura/Escrita
74.82090558848216,34.2290260824859,81.95810811834193,45.7507356233014,29.401822261439218,18.097186528487253,82.29358422795866,0,60,71.27681646429515,75.08589583310437,video,Cinestésico
67.82021297471721,24.324929577511433,82.52039996999702,42.2558829844864,16.648330267736153,15.004479938717564,25.0,29,25,95.78955701400544,93.4648059555603,practical,Leitura/Escrita
43.490845384637396,128.54496681123976,27.419671855250165,32.14485952213825,2.5546711139394596,21.6116248868701,17.0,24,11,80.48878515520333,95.59741947283963,practical,Auditivo
39.851298961858454,22.864558123464146,30.74644484012404,4.109840719998502,22.748675239314977,9.040169860119558,83.3603834244797,2,31,71.05909521019423,68.52934400280924,audio,Cinestésico
93.7994619833854,28.88906441026267,94.8273380059361,25.944499548582453,18.164596779835342,8.283133023674623,7.0,28,8,86.60048428906408,90.64897101873628,video,Visual
95.18187057778094,44.087780632059534,108.68736479694056,50.82958481921614,18.850490685081574,9.591434277651125,17.0,28,68,88.26687307108692,75.69056199514773,text,Leitura/Escrita
76.30800463783297,23.57922997061419,65.15207143874713,59.296607974088616,5.177685763226913,10.424571630412537,19.0,19,89,65.67440611553295,73.02968530635138,practical,Auditivo
71.74500990442333,32.08638576487472,55.16384851871766,40.30434948148016,31.516655830474754,21.522593334472113,31.0,11,70,93.58802635580516,92.42424030216449,audio,Visual
83.15096131945035,63.610125582228044,59.318390408173684,53.04091772564293,18.97896941108561,5.5503906148089595,28.0,4,92,77.59478823086476,91.40962932365409,audio,Auditivo
0.0,57.449792689335965,106.64191280708488,38.963065588420925,20.37553076660563,10.019088800325449,48.0,11,32,75.18796191985491,84.51662473284193,audio,Auditivo
135.14968688749275,38.13226282200103,58.26645713461907,19.330451595757808,24.006416383398367,0.6879008759884702,47.0,28,23,66.44467330094383,81.4579484382395,practical,Visual
7.808586636657012,52.59798764323625,23.062735034445097,31.75686324224777,12.119237460963287,23.056942587298984,17.0,2,88,86.79538267607738,85.1486117993516,audio,Auditivo
49.126771757906035,9.710593816384659,96.02781214390606,33.543354693963494,30.598623364708818,25.168240795449123,10.538311879748719,19,94,80.17275427361307,76.40023826419099,video,Cinestésico
26.40990316121568,46.43186422678477,87.14075666556076,23.32975009821653,16.32925353981817,12.383412553089709,0.0,4,92,92.01197763109153,84.12114300730602,audio,Leitura/Escrita
21.15955572837283,128.2085632947766,71.09885529364718,24.23418935110618,11.034144593528085,12.616405081494216,27.0,27,68,69.92468656474232,93.96465700455734,audio,Auditivo
94.82480362135558,40.36803261566876,126.26524072398286,26.91349509484242,37.032475291790156,18.62577521826318,59.983232110922124,0,37,83.34100571910068,59.228403406991724,video,Cinestésico
45.96896396064326,44.50528234495099,69.28038049273225,54.08429748847677,62.51947523248436,26.795856059026043,117.44240100661786,15,10,84.11813593570801,87.97252298540033,text,Cinestésico
70.39511645192147,53.85445510233719,80.12142855915539,0.0,40.12527258817542,18.26888598051134,5.744861195016355,29,31,68.31221761218877,64.60945078429532,practical,Cinestésico
78.05598470256199,14.613390069066018,28.737677804558615,48.08727631074065,29.22977565140431,9.419664460199083,19.0,8,63,60.830098603190095,99.80185630285243,text,Visual
74.31122481669364,104.77382828993699,62.31156916771639,15.94807147560926,14.79369393437701,2.0494194241084767,35.0,9,71,80.81373059338924,73.6297439012714,practical,Auditivo
62.30465673180766,59.40395735854251,91.33341158230104,9.418812190955787,4.023802708315436,6.0789898986920985,30.0,28,19,59.266530503942604,67.82328622393516,text,Auditivo
21.51023327434291,72.63713798178217,15.561919315556516,47.69913195057696,54.84176425339297,15.58575560249972,58.0754898477569,9,33,76.5201577783778,86.95269227088747,video,Cinestésico
89.8880045834142,25.339340089520213,104.31306497429846,56.713590002600014,40.5451488940476,9.757379814393644,27.0,12,41,77.34823974624412,83.6417006314241,practical,Leitura/Escrita
45.18730250516062,76.3612384511565,129.56367921862434,77.91232843915108,35.42806773769682,16.559741647926067,2.0,15,7,91.6079547805457,70.00813097038342,audio,Leitura/Escrita
13.302543040207468,55.50310988069566,71.44506094556039,42.01052921318365,29.772595536614546,10.576607870110127,10.717227604838724,29,65,71.07156109232793,67.47000242831606,video,Cinestésico
47.15654517102263,72.3746319872185,106.30056145303851,60.89767502606103,8.453656612711558,6.534828549644708,44.0,19,20,86.07272972003804,78.12518512508717,audio,Auditivo
105.02279371902932,65.50514594848991,81.70534801969825,38.38085755416728,9.343173021804335,5.583746948375431,22.0,28,78,69.85790555636974,67.95913049828803,text,Auditivo
85.50665226340479,43.710418784132166,121.73251644247554,27.652839358152622,3.1626743238595125,27.49883607498584,6.0,24,69,84.99991005059611,69.38527027076373,text,Auditivo
49.540435967764225,98.18523065963447,35.22436695420873,35.14389565982014,18.926213815899548,22.111901993469147,35.0,3,4,95.60341543836832,81.15620790421434,audio,Auditivo
49.522268870447135,42.80719739696094,74.75735985264218,48.65203692518945,63.24236920095833,28.84414361462367,0.0,13,66,64.31952861633759,70.34128365744903,text,Cinestésico
50.350948463478524,0.9307850709498837,72.95633752364816,18.309370121098247,18.583373681277568,19.31960720604082,5.0,16,42,77.92035721730907,84.26539290026543,audio,Auditivo
122.30243950682522,17.65627076585995,52.52577727906396,26.989802417656747,23.023229003482747,11.560068731081287,23.0,27,15,100.0,94.90143595883477,text,Leitura/Escrita
71.4580635669466,36.28308495614505,154.0773367791747,45.531464441331,33.755969643042086,25.586727379919502,36.0,4,98,82.51223740933108,78.51444585099418,video,Leitura/Escrita
72.90124941573208,46.1999796633111,151.3635657048486,0.0,25.980870996795122,14.735455989105857,75.3368536307384,12,72,75.61788270229648,81.30151061985585,video,Cinestésico
117.80643551585325,38.86823022200208,69.40478739306592,32.071176126263204,40.35531456719595,16.76673416232282,35.0,24,34,82.8849894735102,100.0,video,Visual
111.40947610631358,64.37941579587326,87.67573808958184,1.708069440734608,39.920944074974535,14.657404967395848,23.0,2,82,75.41080864094754,76.77494249827076,practical,Visual
52.2287356253789,0.9779627192275058,72.95814665353646,30.795889693989285,32.154786279844586,0.0,71.05612810070895,4,42,57.927740054294475,91.91235195180742,text,Cinestésico
54.10950452745065,69.92906015743641,45.02453655324885,42.97934634202875,14.224657359807871,27.837880098358823,44.0,15,97,86.32287374838938,90.70857597912482,audio,Auditivo
57.851962217578084,3.6404154922569063,6.273390276929433,22.846853090342464,34.42693275937545,18.92803156766203,54.02504314385369,18,38,54.970515861348076,88.54317339173784,video,Cinestésico
102.12393395744357,55.19424590968337,45.29792809166222,55.156738052803064,16.52475057481142,17.63858448694808,36.0,27,9,70.83208348861658,100.0,video,Visual
81.8288863091094,50.73551629771418,21.281456666689408,8.092486508722683,8.434447829326636,14.505791501835514,44.0,18,73,87.07425749156648,82.80574965958618,practical,Auditivo
108.00134481312267,48.392199440482365,129.64357273206912,47.86891022447749,32.812386535229805,16.307422563089048,31.0,16,19,71.43457571357214,82.82902510817622,practical,Visual
81.97920231646738,22.72234078820468,106.5043641686586,63.06668489497252,32.1644738727708,10.221768513230018,24.0,17,0,77.12355537894807,90.94573291220567,practical,Leitura/Escrita
57.57850259674253,65.58929863315502,91.44198039672875,7.467440525846861,21.555116037635607,19.93263481845817,9.0,17,5,95.77386766996068,91.32842211712895,text,Leitura/Escrita
78.73745770590072,60.834493281177025,101.12038386757321,70.661914485608,7.371352462718221,4.543213244806941,34.0,24,52,66.48885213165613,100.0,video,Visual
0.07224222858441906,51.67088606023775,30.73871140004392,29.043820717440507,7.704737487826138,16.488547459764376,24.0,22,45,62.77774280408046,89.29586171972683,audio,Visual
87.48983024107444,49.55158781908823,43.15975866984067,16.837739667665524,21.072292884191526,19.492587764568835,26.0,7,65,77.74513987493283,72.83805486386673,text,Auditivo
70.39465427693978,51.59714570590264,72.38252942370174,8.893692078239745,19.20027480438913,13.410646929416776,68.3234499163233,17,37,73.17076701587409,81.91362254111611,practical,Cinestésico
89.94030329578956,25.86214864025302,106.00691469982182,26.69972958510489,27.07020962990562,17.9669423397682,71.02684873206839,8,32,62.563268858111584,89.42230017567836,practical,Cinestésico
0.0,57.11111318041424,87.55897658090758,28.088896914150602,30.219631550600035,7.069324862125998,11.0,28,66,81.3695253999487,100.0,practical,Visual
122.65124114342183,72.98961788647841,139.89741671357018,52.90273003040857,27.331793174225577,7.273385832832287,3.0,18,99,89.2085674709929,75.70323872925405,video,Leitura/Escrita
93.25693468037609,61.41221119958372,72.73412073326057,25.533057656640597,33.78142680497613,16.893736968211144,41.0,9,76,71.40244983394368,88.95983768266535,video,Visual
93.24548450212549,25.40795060385181,84.00825494343712,39.4983796517264,13.43571632712365,20.428397236968415,59.77013434253086,28,34,72.08667993875054,66.91221695514044,practical,Cinestésico
39.48967162161146,47.22834634546206,77.0578516795239,24.185552510051306,16.56808431313288,0.001074755986312681,2.0,1,78,79.70392742009156,99.94559213314312,text,Visual
109.40142892488166,14.137169124827047,33.95097038280725,0.9755382413929361,27.589816954601126,19.176165080886133,16.0,27,44,86.90361419752067,77.32212378073322,practical,Visual
28.397533104790316,51.44780622351352,103.36608185007884,34.57154364192419,24.480783410128918,10.654387996989303,8.0,16,21,80.10139834123694,87.85255359571548,text,Leitura/Escrita
41.286931179125844,49.012068257250775,32.42089693787866,0.0,63.18922838150258,13.4575513015407,50.08015188174218,24,67,81.54688493008145,68.50695422609839,text,Cinestésico
117.42094061600358,3.6687567686827376,72.83788900152884,35.306559463370846,24.205367059040693,4.2838566114797025,0.0,23,16,80.65200217084599,90.31415906434007,audio,Auditivo
54.279527977099605,16.764323121752724,53.17732204791155,15.31049654576047,59.50199462627909,8.187062078506335,37.99769956462981,12,4,83.79307292708977,83.2183519002277,video,Cinestésico
99.87216645346282,34.33722206512466,158.87835679740016,32.45040532373701,25.400178017231408,22.72900260424249,40.0,27,84,75.39309198743466,81.05603167863171,text,Visual
108.49370117504535,33.98280505718348,68.60369656869008,49.71112472286906,30.6216744758866,15.262906991841705,19.0,10,56,65.87674485933643,94.60072947357298,practical,Visual
74.87045663917814,15.810461291623895,29.026696511485774,21.984544175093312,16.764850532155428,11.937772786323531,40.0,15,87,74.82332158400276,74.0963830819467,text,Leitura/Escrita
64.51256715430729,47.779574587043676,65.30369262630764,45.918843877681766,30.233584906369664,14.068093178951722,81.46243682040226,19,94,78.42853465781648,87.49555037445128,video,Cinestésico
70.94883007398676,45.02947217881024,145.85227396412773,29.209917979259227,29.109444038394752,18.91369459731441,27.0,6,39,100.0,77.25888524619279,practical,Leitura/Escrita
132.10246755714826,55.48120772450373,128.56773811533833,56.297922030983784,36.12978170593054,18.5239559693067,47.0,27,29,70.15980376803722,62.78952874370337,text,Auditivo
58.27143608899244,24.88416999683274,59.73281967403085,31.228720291372976,27.29236949310753,14.399783996825594,34.0,29,41,88.55054816312592,70.17583759519063,text,Leitura/Escrita
66.03297140144903,93.12590396853112,14.6150209091726,17.392605217399627,19.168282280653806,23.743672887173346,15.0,2,6,71.7194354932324,75.69585291312715,text,Auditivo
91.51963188022836,120.57975468047934,98.58929540008434,40.30857675592932,33.77335029528342,22.763701095253328,20.0,15,70,76.10468755886136,93.68189023748577,audio,Auditivo
93.1657779887395,42.45489080200686,21.67904529351221,23.46315405564546,0.0,18.306976233043166,12.0,18,90,90.15396749263593,89.01143630529225,practical,Auditivo
95.61090916681141,27.756661656903585,54.73455954723802,17.378257288064873,10.252155796916883,15.436894263280564,51.6866619863,19,87,82.64292581420433,96.23861412322142,practical,Cinestésico
98.62013092813677,49.82415330823993,60.983283007115205,22.832402239443134,26.81634223668389,20.25856876095631,41.0,15,18,62.587007272590434,100.0,text,Visual
25.709852618085492,32.83941240506027,92.25772388470716,43.04031189903173,20.14108356253125,17.514139374409467,31.0,1,40,74.20688659589365,74.65249195409085,video,Leitura/Escrita
109.00294596903288,37.212055986735315,132.5403479252824,76.48894027185956,26.055136511241653,23.48640057444758,49.0,13,33,100.0,78.1151314024117,video,Leitura/Escrita
31.912859788333236,54.79306303449343,46.072800119976435,0.9886838181063453,20.64407522431942,22.19649101390646,37.0,25,21,76.41878042628495,83.19292453033458,text,Visual
69.079063957171,1.812878249854144,90.44413517236008,42.860315541558904,25.709456946038728,6.853968788658172,5.0,19,51,68.65587426621961,73.28489394698923,audio,Leitura/Escrita
37.37172449941926,66.36604649705339,90.3960392511422,65.47102464508203,11.855971790068093,6.312294634066349,49.0,9,90,73.99429358102095,61.58505290663541,audio,Leitura/Escrita
58.075849602210226,41.453610486586825,133.7444433281928,39.88659838847869,25.704860860796906,9.39000364476739,37.0,18,5,87.77346468073476,79.85252281983158,text,Leitura/Escrita
69.86287230910442,31.770137108756394,97.4583240470844,87.3229664364328,29.944145282075844,22.80910952053537,37.0,23,73,94.64957826154769,67.14434406288889,practical,Leitura/Escrita
69.6407164635082,64.86562268344761,85.2602021327903,28.884820053622136,32.205506039312326,2.3895280258300353,12.0,10,94,75.17855301482174,79.65828118465673,audio,Auditivo
72.65762262705854,68.56701491132702,99.53438283746081,27.231728367210824,40.13554294648699,18.158059112863945,45.0,17,24,99.75313800936102,100.0,video,Auditivo
108.41133807175942,5.375973931101491,83.74219404778388,38.88494320520015,40.29447700221129,17.90034472874369,74.42357782296901,10,65,83.24152363455639,74.90654903669291,text,Cinestésico
73.60602904541939,69.89876454906472,85.87549332282265,31.489707224270244,34.06319017242545,24.30118446948954,18.084852196056048,8,9,72.56518930367099,81.94774005628068,practical,Cinestésico
52.67530094128054,40.82651264541237,14.62218916387328,24.143868925792937,6.920591745036396,16.4427095253111,76.27023479967352,18,73,66.84293951900656,89.06648385809282,text,Cinestésico
130.34519713607025,48.8600426089475,71.75796947079881,37.742160593795695,14.68588598861575,4.254324875328795,11.0,19,25,65.25115695360958,93.62602336333956,video,Visual
95.68411466773921,104.87300313089266,86.7827641800563,20.21207560175032,18.069179259933875,7.325160314815017,32.0,28,4,78.3542132048037,82.92484187942296,video,Auditivo
23.171765545890224,19.576750848793996,157.22019107598993,34.509389444738936,30.50319552276355,5.544035824817403,27.0,9,85,78.6374421428956,76.3759756631192,text,Leitura/Escrita
118.47899936796829,49.46943798070457,45.7677229018172,22.080089673515797,13.889988759103709,10.696448269334876,2.0,29,67,91.73743753983425,87.64748055224365,video,Visual
136.8471186191814,34.64717818202413,46.933625378897425,50.29603740249611,27.963400197488326,13.536787460608585,17.0,25,97,89.66311802917859,78.93443451060055,audio,Visual
51.07309489920024,56.935415504329875,49.906476365074056,0.0,35.58545311667519,5.676467790231545,56.664952366286784,2,70,81.33066547497228,88.46045008889408,practical,Cinestésico
101.27120439934859,0.0,88.77448649619701,35.933982521444136,18.228318848852382,26.765295925218314,39.0,2,49,63.21003827043104,62.58508343385904,text,Auditivo
55.4983323890242,38.01811399517462,106.1858369223473,30.514077213003333,29.054342349315863,4.397749024380472,2.287688402250992,23,16,68.27781127447595,89.71088338382202,audio,Cinestésico
63.76729360414627,47.25537562368806,55.73889624479394,4.786943111428197,16.088436277471573,25.768827390899844,3.0,7,10,87.556775257411,65.96301615254758,practical,Auditivo
54.80784527148391,75.3271522317587,101.77868097694672,34.64590168704003,15.709627519073344,24.48130425151472,49.0,28,52,69.36933800204898,89.62607274076652,practical,Auditivo
60.46737142744403,60.76838605185496,74.3217933207608,37.13627987747298,2.952140942098854,22.186420397512283,27.0,28,49,86.22141733919524,76.46182473787819,audio,Auditivo
27.111747393143943,25.84748210355948,65.64999779931473,38.844588470361,24.878531332657435,9.449867140025997,61.84264304592197,5,7,79.7460392303476,67.6813131186692,video,Cinestésico
16.79847352217117,25.75652271647913,106.46611369652639,0.0,15.200318538512736,17.73960703341521,24.0,19,91,82.50308173881034,85.79298645079636,video,Leitura/Escrita
107.83515189674917,37.78669262885341,96.1313977610755,50.49584117781657,19.805305483799696,4.7810309315950565,44.39895814383458,0,96,67.9716718706456,89.28767535075775,practical,Cinestésico
34.591159550450165,22.067155453695836,81.39522358754745,18.933949429727384,38.06300259196336,22.287256280269993,95.04705138476945,19,61,74.05756156475249,75.61921351896463,audio,Cinestésico
39.79195372645422,56.83967390904254,149.6538899676673,40.298516201297645,26.586319527905097,14.408121747709849,46.0,23,88,76.89647954874899,96.66300099113306,video,Visual
0.0,32.61585599105108,40.17213749509365,41.11610671023429,33.778966200882664,11.725438283306518,1.6881446878528852,5,84,85.32538898301121,57.1491550533065,text,Cinestésico
40.831147569314936,0.0,123.07502953871048,29.050644083663748,29.954151904494744,5.210041226749846,41.0,1,75,72.38850402532923,66.79403710253399,text,Leitura/Escrita
20.30730619777505,32.503558867563875,65.39213161160133,62.79684270593842,25.755619258303653,0.0,33.0,18,89,79.97595929933634,92.92408930468729,practical,Leitura/Escrita
109.26045480409107,19.229123583120554,39.574955455397465,24.217601386314627,21.294937222448567,6.6916731437139525,47.87768883493774,27,28,75.44823131932284,77.76330725802084,audio,Cinestésico
90.29451268027903,7.374483690781091,69.61965020377598,0.0,24.651717030133568,23.902385564903252,30.431475528126334,6,98,81.62678357686164,61.377866735511525,practical,Cinestésico
39.35548964466828,15.25146723554855,99.56643577723787,63.4829930333111,23.128222367668464,11.777332572201567,43.0,10,43,72.04971709842306,73.01133819558007,video,Leitura/Escrita
159.85106125980394,42.1881694366594,172.13607442710324,18.374325554756403,25.73767109901901,13.645369143079622,36.0,10,44,61.83430207112785,78.35903917140547,video,Visual
89.45296460974782,92.50237125546992,63.55489645108793,17.182598058929187,33.97844307031498,20.24443486630762,43.0,3,28,81.7396515171005,78.34038268527075,audio,Auditivo
50.25505849474133,61.1529566483559,30.44374446803608,23.95401197944917,31.911730449400956,29.44535102493012,22.0,19,87,59.82050885053297,76.29249016192352,text,Auditivo
0.0,27.869932235685205,79.5553751123035,34.083550879910824,14.58526993492831,25.60003723956511,32.0,15,58,87.84979714762169,86.61340613311732,practical,Visual
128.72827717772225,49.11808390341405,0.0,29.140943837668466,33.1651815158296,7.221319969470495,2.1807121206133804,4,14,73.44073902517093,79.30533948387425,video,Cinestésico
24.74596712236385,30.818193795620164,66.78151260885069,38.22100387060756,26.7101780491777,0.0,26.0,23,69,59.52468917725554,100.0,video,Visual
10.638037591293248,26.107992616737107,85.86579248624342,14.161647427661434,30.67997778058972,33.87691407280083,47.0,29,95,75.43510775825787,84.2454859971967,text,Leitura/Escrita
90.67711296028921,16.912746635340312,97.8110134030824,18.86420444353898,42.77408915074176,33.15193289327563,42.370746855850825,29,43,78.79123633069237,84.57671611193587,audio,Cinestésico
133.19257219017817,4.96342386496562,104.07677872997465,28.260043915176997,34.382863816670465,16.507628771434263,51.87537074447399,6,97,69.67298912445023,91.65157123894522,text,Cinestésico
101.52818455531555,57.46171883151076,52.37506333822989,58.46830938988059,7.459773475714835,4.836094035345427,15.0,24,35,75.20029748824348,76.11231249570419,practical,Auditivo
76.91727360157078,43.161069798402636,78.39298425870359,46.65826988866868,10.010636237544087,22.705812271151515,19.0,15,83,89.28584211244393,67.38122556641515,audio,Leitura/Escrita
117.85956874413858,38.067526599702205,43.18577092862652,46.27833395492448,22.72633514319414,14.136130511899118,25.0,14,56,72.9780966461238,100.0,video,Visual
85.60246676340924,31.680661441052827,30.517810581730714,30.578327531764767,29.037915047649005,14.096151015147116,25.421052840044315,4,63,65.62942323533866,81.35841748108112,practical,Cinestésico
82.76785769360296,21.08507878606438,80.8463172783222,22.745120438436473,14.96464985407773,22.155670744841032,12.265664296537562,0,75,72.0101600262816,81.39351207898929,video,Cinestésico
68.43574271908128,52.16492383369937,25.424505799119025,26.299133638283394,26.536478255074595,17.67499797498639,106.45517854526908,19,98,89.1484013645926,73.66670078469764,text,Cinestésico
63.12603311855628,13.657361601068303,81.31890756494684,49.19355772437487,26.312243569717833,5.5134807118804385,43.0,21,37,96.99080971091149,73.83144666896422,text,Leitura/Escrita
88.13643919415533,55.52055827686951,35.16891140352669,39.05468608441108,8.487733424928559,12.40206451934421,22.0,21,16,54.80073826057725,99.78873466131691,video,Visual
37.38106233399971,35.33071398733613,89.23891152015909,50.61916901364832,31.049972018044144,20.28922342929077,41.0,8,26,85.91027909191477,89.84655798137611,text,Auditivo
51.57974769399678,24.9512952529393,177.38212276049927,51.50652111544812,16.22468851440175,19.082017779240147,36.0,25,16,87.3756405822773,87.83823405746658,practical,Leitura/Escrita
14.712614060582588,10.66429618768646,24.444420601883408,47.80616518112633,32.57613112576651,17.096132594867807,7.0,28,62,84.2398267912015,93.161454519321,video,Visual
57.049811196157506,29.971957062287267,6.865797237478659,19.368999623762743,14.665475542240996,22.467383635806915,5.0,20,10,78.04182369564437,85.69029537259759,text,Leitura/Escrita
30.342266785472475,59.50624916955958,65.62895901274764,23.780542367789543,15.942735391263737,12.106264097461883,77.90199262850005,4,63,57.31736490498514,81.31522730078157,audio,Cinestésico
26.892320483526873,78.51400719700179,70.54942285852154,19.135461986884998,15.418630101582805,16.429358201752578,21.0,21,38,80.84488788647462,78.24620315679019,audio,Auditivo
65.39682453460435,59.5684422405607,77.65307573650541,34.71666886312279,25.452515715123265,0.0,10.114600844871193,26,1,65.59022738717283,92.10323849941554,practical,Cinestésico
101.76006859033798,50.442850918678715,54.37878196679793,24.615624222308796,20.39551311084592,11.402798449257489,49.044936524314,5,65,61.11707568515148,76.26279129509567,practical,Cinestésico
107.12777411258865,17.926603429392614,62.97762454110989,40.94659405551293,17.839985784268865,21.111223268605155,16.0,2,53,61.81598617526534,90.79695347698026,audio,Visual
12.88498189130469,33.38421551344885,124.65724746188143,28.027703800622863,23.339651496761903,11.87684426306286,37.0,5,28,91.28650872392663,71.95987002045753,practical,Leitura/Escrita
30.311155902889872,30.509604879457072,106.41508124256936,30.64546459981922,18.288206302036006,11.270180866263104,16.0,7,44,76.39452466029198,73.4070096314955,practical,Auditivo
146.94953710656253,66.6114980807808,1.5732930388601005,40.302868665183844,19.33887606047993,6.6683763858014515,36.0,27,87,82.82466021874674,81.76324588921398,text,Visual
30.525378193850713,16.06422707147377,57.08711963389882,0.0,3.9096805142974573,23.026927141833163,41.56372654128303,5,87,81.69075254496364,71.96061623272837,audio,Cinestésico
53.26100550008926,75.38268959153044,77.48330778793722,61.82446960995305,23.91698016010473,19.387706188324564,48.0,15,79,70.79066435416235,87.978518254783,text,Auditivo
76.50156297073656,80.64778316081313,37.870836338624244,25.752721726801866,19.10796702308332,21.603316782584677,48.0,27,30,74.29526426122544,66.51965748454971,audio,Auditivo
30.94966635409094,76.59240403432175,167.8300081059711,0.0,36.102929804828705,1.1902883043368835,12.0,15,48,79.55043691425199,80.99229623381073,audio,Leitura/Escrita
104.61420906626144,31.80626814741005,47.760654191994206,32.37140847865179,10.604348327460418,13.716399653874928,31.0,26,8,72.8967222713451,86.88398957147542,video,Visual
19.979235152453867,54.24644319160324,92.1273670464648,39.74628320740689,1.9170467150048545,12.75911193799995,21.0,20,26,75.00638591131904,61.89200421680319,audio,Leitura/Escrita
41.95897068146359,85.63303673077685,89.46077338948018,28.771584306412606,44.281651287371574,12.75542634721158,10.069312595331626,2,55,78.90484293874336,75.58976179476392,text,Cinestésico
114.14462715487377,27.647166461326066,49.30503239193369,44.8678666939,23.465270183130006,10.071779650256353,21.0,16,77,85.75120748981756,94.04953487244136,video,Visual
12.210187994049924,9.299195049352807,7.877876075149956,68.09496775885546,9.915669794688542,12.231165825759877,20.0,20,44,74.94701993342795,84.28727993294068,video,Leitura/Escrita
108.54863213738669,2.399799321844725,54.99709155792134,34.46814286535768,4.702510449959085,21.797158261653216,5.0,5,88,87.81269645401343,89.13278766576616,video,Visual
59.410866032199564,54.254240577226625,128.00525011224283,59.784146110554076,35.3739673068429,0.0,13.0,29,42,84.53344889533048,86.76888204480716,text,Leitura/Escrita
76.57469863251444,2.3369958388283223,58.208670562520155,28.4346232584287,46.32789923411602,29.21835814424363,24.697483996767147,5,21,77.41078976405814,78.90683742763959,practical,Cinestésico
108.90793535996268,32.553618941241545,40.37479944893575,56.632362738600726,0.0,18.870729000211693,2.0,29,98,58.005704803924814,89.95386225852926,text,Visual
134.13639707766032,48.74626374077921,102.39852733259525,7.8120597246334995,15.41776970743499,14.661344834718298,8.0,21,32,56.92737690434266,92.14078147647271,video,Visual
63.75673507943722,43.70351073659828,87.37240639531306,45.958990071581944,36.64192054783899,22.25467317098341,46.0,18,26,82.5582328237024,89.26999628734168,practical,Leitura/Escrita
47.11783376624241,48.508897283683446,80.13292433714643,54.81257812705435,15.239374422221331,3.38532203865252,20.0,19,39,92.4626551180341,73.24281997584468,practical,Leitura/Escrita
108.74549128577962,44.44579711601708,75.23096313821583,42.19920609096889,15.093877659733472,9.682392758791888,49.0,14,25,68.28619556355048,81.40840018545838,practical,Visual
76.29894087109165,65.57731626626787,96.97625733665755,17.342191838626512,24.819251445192027,14.03139654087557,51.373148698134116,18,82,91.70093900583089,73.31103508270785,practical,Cinestésico
101.62264735712407,20.95367238522406,153.3599736106391,3.8449109640519588,8.791030262318406,25.92448296345742,29.0,1,44,82.34935974254316,81.35900853521674,practical,Visual
61.21775073611647,40.89036548746252,98.9532637680098,32.3523452414729,2.9522425577195577,14.628027350987537,41.0,7,44,65.91658748292015,94.26234258079765,video,Auditivo
38.94024936579734,35.40565819940958,110.59439882359206,34.21845738327906,30.525473107347487,18.60043736948117,41.0,6,25,75.30848667053507,85.72725319329822,audio,Auditivo
69.52354144902164,56.6038362372522,52.291183035425064,52.34399114171474,1.5706309375232443,10.283368032510978,31.0,26,69,99.76929133723412,72.17627525381002,text,Visual
17.921841846009194,87.84309673802939,34.09461629106833,10.944569305123707,22.47271452108756,18.89473655173993,22.0,7,66,62.574359972002945,73.99553034411325,audio,Auditivo
112.48730229560817,49.02450638637016,109.88487105821694,61.447527914997956,28.865794927576495,28.417916743795654,2.0,12,5,86.20851797902503,83.72767224276402,video,Leitura/Escrita
27.408418333873914,63.669873337798556,73.75094703408587,65.51121546040682,5.4877370109884165,22.964213533392915,0.0,21,27,71.77255447276657,76.04560121252428,text,Visual
39.212844066122784,23.1075819411338,32.252054052239096,24.333526687162845,10.757315974049284,14.348352097776965,2.0,26,66,82.06896290918512,72.74659959185243,video,Auditivo
38.44778203292408,73.34448223102274,89.74816860409818,17.078969273158958,32.131791883915895,20.403926778123758,36.0,14,12,98.55695134733955,93.44959666174148,text,Leitura/Escrita
86.84773130833324,106.0610866242433,83.97611606016957,23.89538450439943,25.3289172022704,19.620135636857693,6.0,11,62,71.13762911288633,73.86624371526813,audio,Auditivo
51.15150965123917,54.712439944914934,82.6137688256328,30.21007451057071,20.682689394415476,19.052701373578206,4.532771500165115,14,12,86.18912271707174,89.54666816029386,practical,Cinestésico
97.432262180212,75.6359781754212,122.45778533347041,48.35100292424321,32.02249003361171,23.89562688688327,35.0,13,76,100.0,92.55323189530938,practical,Leitura/Escrita
39.795281272683944,6.867535846444525,80.1837655548105,21.12907905242929,46.047873681578984,23.835821630699733,101.01921920077193,6,0,75.66274737344234,72.66537908831036,practical,Cinestésico
68.36982486671405,29.51103727474696,52.254696925548046,53.32797801221013,33.71250714749099,13.982731225000926,3.8232495687882526,16,39,82.84888687494185,71.10037443442859,practical,Cinestésico
34.93958840220728,25.293930786360953,52.01347806729049,13.282015274879075,13.345838776701381,20.13503249182215,6.8730311344268245,25,36,69.09559229796724,77.23867913518835,video,Cinestésico
124.35447383320165,54.42958647514686,28.03670107021434,3.9119227174080002,22.739786993759726,11.93524063072165,70.014684841351,4,30,75.19259309031213,69.11372279326375,text,Cinestésico
24.372047429114616,18.997185207957088,132.46712637147832,46.600656364309756,38.1793595384687,7.615420829475379,2.4115586810070964,19,16,73.23324907291757,81.21033878502742,audio,Cinestésico
69.29462130681082,55.14990298674971,88.83960549891432,0.0,18.114051708525118,12.844049954368108,13.0,9,8,88.3553052860965,77.94348088146613,text,Leitura/Escrita
79.01330642796296,67.41072287993427,103.51750370847836,41.24071871009691,29.38957178234851,14.389774786083338,36.0,18,63,91.9176050606963,83.60580015886302,text,Leitura/Escrita
72.41397292354495,75.0436663716858,37.49227714916395,76.76521693812072,4.7022591989066385,1.7073520865760639,30.0,17,56,73.90345150882541,93.96943456232822,practical,Auditivo
54.44137023366875,45.67502047323002,280.9628223144288,45.20003698122348,5.057364709337612,21.882660475333765,1.0,29,12,100.0,88.1748498077032,text,Leitura/Escrita
56.105379007997215,20.242533181985017,58.33641369440358,19.46457042996683,21.808711114824323,0.0,30.0,29,36,100.0,84.89239775412356,text,Leitura/Escrita
61.314344159373285,34.00186810901203,54.99032260378743,29.139038043198095,15.084555861930955,36.71853551589057,46.0,24,13,83.468537431799,60.339515870320824,practical,Auditivo
77.89136710311475,64.99237810593334,84.55428927001212,29.237988170707,13.729513853022592,27.01503307037055,42.0,23,74,69.83973468278272,92.76072666047212,video,Visual
88.9163735038473,55.58698007810665,91.00745380104972,32.40974910529675,3.141956795371688,12.911930206621491,37.51113240445533,9,24,68.88171183260097,97.22627660704549,practical,Cinestésico
126.31569004774053,62.53855237803704,103.52762193254894,39.933944732394295,20.195458447981817,15.075410884510186,9.0,1,94,66.87618645309962,50.0,practical,Auditivo
43.27524644976499,31.641809084682187,133.2662977719242,14.413332474483912,24.402533034946632,17.423774988698266,66.17657138535193,5,77,84.49166070238161,86.89382542975625,video,Cinestésico
18.905910612627665,0.0,87.71551794112493,55.313220828551906,26.534789819517407,10.286716896088464,32.0,2,56,62.882317925106356,78.40641425243535,audio,Auditivo
57.351538549462354,28.510253304008195,33.03892200116663,33.67671426558927,20.68906133120972,16.540953180695492,18.0,18,70,81.76837654111007,71.50204996977055,audio,Auditivo
137.39128012962954,109.585982889368,61.006920620737645,40.90191069602706,18.673959217595034,13.84800017838671,45.0,4,87,64.18890652175887,88.01128583911954,video,Auditivo
35.88976296090807,14.390888579950666,129.56668030573388,34.93154876336194,31.77000636790337,14.245818262152271,24.0,6,99,94.67827106883475,97.09705900607331,text,Leitura/Escrita
109.17350416332202,43.78959642442161,175.70745151371625,62.40186730918908,6.8753269655145015,16.45168850784511,45.0,6,41,85.03901793741777,87.75230728837754,audio,Leitura/Escrita
110.33102442229321,77.42233916428948,21.0768082551496,26.14421386780403,25.363892188475763,4.491777613168045,0.0,26,41,88.33638561859827,76.28808048738473,video,Auditivo
43.39235274876016,14.901546639954152,112.09017768288297,34.163287702402975,4.832232553027838,15.316557793069185,54.617648204981684,9,46,86.41454578321272,70.56530175591844,video,Cinestésico
77.06949237555827,43.694209495621664,124.8952823461591,22.677076633680244,11.616381199991924,16.30758197293982,24.0,0,43,100.0,81.44627633789544,audio,Leitura/Escrita
108.85189869385614,58.7583107502131,162.69071383424856,26.79989694937123,7.873428673766863,16.030796970847316,40.0,10,40,96.17038886810492,88.73169292381588,video,Leitura/Escrita
48.62616777037539,51.267104773488605,66.43018491774238,40.32307959679324,27.819425354519183,13.273353956510764,16.0,22,2,76.43630833988198,76.12946973766273,video,Auditivo
53.892589196929144,141.0273591323123,40.51485794557858,23.345897546889212,19.34589766404606,24.102862207754974,13.0,6,89,63.412069335753955,77.09617008349203,practical,Auditivo
75.86824454448289,6.628014822436093,96.28054727904662,17.192653687434344,19.864967554070233,12.17077956094759,44.0,5,89,64.47476945002622,100.0,practical,Visual
29.557298079213993,61.17457059767758,92.90508594869674,20.352249869594544,14.946750168413622,16.818607254585523,27.03889436569345,5,0,54.131514706840626,90.78651945959726,text,Cinestésico
40.521673648019785,36.54396525207071,183.02578853059194,57.769209880336255,17.003065040671107,25.378380271404367,37.0,12,78,67.64065518709458,91.50128678393632,text,Leitura/Escrita
23.281791997132302,55.4384030967335,117.43832155380277,25.60951983289067,12.365346966908884,14.364990879837501,38.0,15,10,84.17464379233492,65.39714093941188,audio,Leitura/Escrita
61.022504047776785,48.82614303398492,49.006229183805274,28.23517602596754,40.657966293926876,16.715706139740412,1.6099099397417458,12,6,69.40345819174838,72.9281132070654,video,Cinestésico
49.485292724274835,25.33687605780007,15.442455174165545,30.225416254306456,10.089088646683864,14.228922909480824,31.0,1,11,73.19864395590149,87.47338585401067,text,Visual
98.00051882474918,44.5799278491868,98.67806438487922,1.2397667098455152,33.29794365205076,24.898958348508792,31.0,18,37,79.927154194614,74.91766849525483,practical,Visual
18.833079630519016,2.841970972034254,84.83613188553952,7.9331039193972295,3.2441955037590553,12.938203507309638,39.0,18,53,71.95934741934242,100.0,practical,Visual
69.92640696643372,52.064950011427875,36.197607849761425,35.04416833871344,14.771846967373797,25.266836618305646,11.975959997585818,28,66,63.78171199587416,94.10312306590646,practical,Cinestésico
85.00586884826774,45.96316931981051,51.14992143461815,18.944559582709545,51.00077657271988,14.171296842823482,57.65835958261486,18,52,74.46766332436567,74.66454662615946,practical,Cinestésico
0.18793072285633627,83.405927045187,53.66344158169958,45.85087366920628,15.648612520379656,8.124322212415866,2.0,17,89,66.01509513227155,97.83918606607484,audio,Auditivo
71.22169709542716,93.45500801426398,18.095544880615364,44.50210656375816,6.851213355955881,20.43498536459297,17.0,24,93,72.29213503020937,79.95747903280058,audio,Auditivo
96.83006977419876,47.352396804194214,41.381116118820316,40.78752999533156,35.81256312361755,12.562657329954751,104.5482980353467,5,31,88.42776964423004,100.0,audio,Cinestésico
23.710769439263835,42.96178839596553,30.315937511777605,57.296576809688965,20.099171162622966,19.964007192793304,79.92651561759973,1,99,72.29494695903826,81.44686130525037,practical,Cinestésico
136.40274708421592,22.378633266774155,55.56323458392222,28.753660083852253,11.641297443816942,0.0,42.0,18,44,92.70957553347745,94.57442348988549,audio,Visual
102.25391953387856,25.75558472701898,44.1455875584653,39.73322888855759,9.041291892012826,15.04164209515957,2.0,25,50,89.3163598693797,100.0,video,Visual
69.75598063284282,63.73469240354662,13.054827769663795,21.233985351059534,47.683736056259434,11.323157609940157,47.0,5,36,69.20694691420957,100.0,text,Visual
89.2444407642267,68.72670811411957,140.79065806993185,66.78554869303085,17.484480998158638,6.493930507749775,4.0,19,58,63.888762335842245,92.65022918443603,practical,Visual
76.74980737565167,54.636354310339094,113.83892558602307,59.754504786540295,0.7443263966712301,10.574071985281606,23.0,22,53,74.47445838079807,78.58859680556164,practical,Auditivo
62.28016174237234,40.92005494506548,42.73432024680051,30.178206517766878,59.41376359088406,10.410374845658787,52.85472601216488,21,17,86.5332776339689,85.1413269999312,audio,Cinestésico
76.16267977339108,21.907712500124678,113.339311526678,51.574237855361375,26.110709051105708,14.616113641195351,46.0,14,0,74.71655648496132,71.83815828123885,text,Leitura/Escrita
32.37979220761901,63.455136905348894,111.14651494778487,76.84586036544589,12.335335689802122,4.061388309720353,47.0,5,20,96.46687663032351,81.52133718864116,text,Leitura/Escrita
65.08082472108234,93.27095177360127,111.68800491707168,27.792907427788396,10.668809113138582,17.53019024207771,38.0,27,27,87.08439989136087,68.90692467502005,audio,Auditivo
26.884223559128568,78.82434872927499,41.34882406689725,20.150638938004427,26.73472796158231,25.929718281646302,47.0,2,15,67.25974349637394,66.42623600358057,text,Visual
56.66321815953899,22.433538456405223,108.2237374393849,43.109846265103236,25.61165945829424,17.24742797558261,42.798827444496595,10,47,68.23948911711413,80.50426764139443,text,Cinestésico
32.8827707560563,54.385653981056336,50.82331435275727,31.176588691255052,0.7402218155489884,21.47190887383207,35.0,7,27,82.12662032127007,92.62277890671672,text,Auditivo
64.6125409696183,44.62891845051145,23.244815854098533,32.7449167446789,37.87239964604669,23.756499636910362,27.0,24,21,76.5184754964157,95.39086173877392,practical,Visual
97.08279525631312,83.09287940603538,95.3447795760074,17.48592985398052,15.660095377840431,24.891916097473413,47.0,21,82,68.13938473456321,79.18087704274392,video,Auditivo
92.73930361782807,60.003970285983655,115.17654484428499,4.234917774549054,34.95571736482427,29.96110954257044,48.0,17,0,71.47819551880413,97.46989698175497,audio,Auditivo
78.27414362721531,22.54077819092599,160.57681407357396,33.542136148186515,57.606800773870916,11.006384013792559,68.47956855467665,16,94,74.29480447272582,74.30938609153426,practical,Cinestésico
27.230617059822627,88.69513753312174,28.00961572184253,43.574430622413,9.989904555171858,9.252128118711068,15.0,18,41,59.351455750445396,60.82167338201977,practical,Auditivo
86.72067666938415,54.42270725091163,94.46218897782761,26.612898763859373,30.33189864363148,21.26772518659788,35.0,18,97,82.65643106482695,64.53166782952721,text,Visual
159.98456310146776,21.6745179887255,55.656956467226344,51.546442793383,13.485574501363189,20.6661297572592,6.0,23,69,70.2130781106081,73.71669168419606,practical,Visual
64.25150740919715,67.10885602210992,132.95242005973026,34.44321274452638,1.3329941319605823,21.205402396925514,17.0,20,91,56.325311988557495,88.16624743262228,practical,Leitura/Escrita
129.5798861994508,100.78263195158404,18.53286570690623,14.179433175511202,15.754018339778575,30.114259634002018,5.0,16,2,74.76129031690547,73.65197316532614,text,Auditivo
71.79953518183116,42.68592994495586,31.556880162779645,39.86429088242846,23.97637501776279,15.090959270387954,49.0,26,94,77.10919497569401,84.60958641857302,text,Leitura/Escrita
65.76147349470095,41.591957247520725,42.84438118917306,28.761111369730642,27.646980149098056,18.409252477169478,46.26458566141435,3,79,91.88822192302676,96.46283383583977,practical,Cinestésico
50.72650607392496,51.08115542231815,72.76374159838296,41.54953097002834,29.52854533099423,7.156893988132201,72.08072454369636,6,80,69.14554979080032,68.99903037422195,text,Cinestésico
64.00622714346846,22.765938594874836,59.78015826151494,29.015160244084292,31.43566044928613,32.08256899180766,33.0,4,43,72.8529218768634,84.7849973179589,video,Leitura/Escrita
55.42590490858368,40.600629583281645,113.09866441377572,88.70154764251131,21.06493980290092,12.307640630327112,40.0,25,26,91.95442711993213,85.38963072655721,audio,Leitura/Escrita
129.59484714471336,0.0,105.941311639027,59.503754437623805,11.567016887150475,12.534272574713361,28.0,28,50,68.39552631992417,75.17524753451788,audio,Visual
88.70106950383752,85.37340101982771,90.98521394358745,29.41283959547487,27.020303236673264,12.226000871934058,3.0,15,23,67.20543798747768,93.54210925245083,video,Auditivo
44.053486264387594,8.770135551162813,126.65756738813039,48.74565630276478,21.976755669542452,9.840833130845297,13.0,5,19,80.09501382824406,85.7540022697793,audio,Visual
31.859778749467374,70.06839656857998,84.553932030937,14.152543940621099,0.0,9.164503609218805,4.0,13,31,64.59532692110434,86.70493458499483,video,Visual
4.913838806901104,33.39759812067099,27.40861513809415,46.12832311772874,29.633002795602316,10.8103657368838,51.90021926405235,25,98,60.42726341800547,100.0,audio,Cinestésico
75.23973980737631,35.76666036137646,192.94239084845378,62.72567094114964,23.918287077161015,4.073632575592443,38.0,19,12,100.0,85.22766742366719,text,Leitura/Escrita
26.899001814783794,34.532116310608025,48.81953175379009,42.95155920284818,20.2012112958086,8.717456637894093,7.0,1,42,80.79498737600645,89.25290549685498,video,Auditivo
0.0,51.24985762915069,101.86464748899495,29.76655366694559,28.917005810695752,30.591704891580953,14.0,24,19,72.35790715005635,93.54892931521839,text,Auditivo
71.65735813592892,68.37062690296074,165.20206033235834,0.0,13.276064156734979,20.885241149130948,18.0,17,1,78.86808109737572,73.49526000540783,audio,Leitura/Escrita
134.78998552298373,0.0,85.98408037556398,20.37409284521806,39.752220092864206,22.407233413821743,18.995085932871664,17,67,80.05864358116156,92.49821097053679,practical,Cinestésico
59.8178726538032,65.53930772176375,22.695569391404593,29.428887010174687,4.330406288326472,24.41767029933532,19.0,12,90,89.05039888858977,74.9810588500233,text,Leitura/Escrita
85.15472323354925,46.760469622034165,37.862574172157295,15.32617592909284,40.238168217524375,29.673076514899126,74.54790276230649,27,59,67.44024708684988,74.55376610661703,practical,Cinestésico
62.45488075642695,15.859567042855687,116.29605634097975,31.833645068205993,68.1017752358027,0.8286195884492482,30.03328431095842,17,88,78.66146525965682,77.28000027691864,practical,Cinestésico
57.03331040426572,33.14777281519862,64.08070600250143,23.71554831718148,10.05143647532459,5.160935077707675,13.0,16,3,69.93295823789761,73.77935165055045,practical,Auditivo
87.57229448963305,73.52786054416407,124.16587885895684,23.923201158215363,12.401978680122248,8.570210712842517,37.0,12,95,79.8073512178163,88.22156432657162,video,Leitura/Escrita
51.29176367434046,21.089862401145375,144.6066234492809,18.74429532207261,12.899845571084477,11.242161628083219,24.0,27,16,85.59140224465071,82.67210655145055,video,Leitura/Escrita
97.33527352326577,16.93298978808081,94.37130017281132,19.26730521772157,21.29998225801595,12.595444875318009,15.0,11,0,74.93321426947328,81.91942593223507,video,Visual
69.6509341858804,88.04972446244435,79.75799343349112,46.82248817774892,9.369637271462818,11.424179577551673,17.0,2,32,82.35566898302572,86.74505033154821,video,Auditivo
39.95728639070854,81.51082288330785,62.696607007283696,20.08462418058759,24.2124737869098,16.754471305056434,0.0,21,29,79.87086559115593,77.24817562613654,audio,Auditivo
89.76127048609568,21.241488469272024,75.89191232355492,31.461260543891296,28.46839945469165,15.282363125961727,39.0,6,4,64.83864824083632,76.71929629635324,practical,Leitura/Escrita
54.75120729913774,71.5650480775365,100.026458885197,23.149535774651305,25.343472134537844,9.217321638574003,0.0,0,11,61.42176792934558,80.48683884901544,text,Auditivo
65.83567383110581,19.484946327194454,89.37493358737277,35.084902707141296,2.3158457436192776,0.0,0.0,29,31,71.30283315240708,91.79358477435888,video,Visual
76.09529530711211,86.9085964331212,60.99449997837736,36.84374232792799,29.951676651586062,7.057050356970414,20.0,4,37,93.28625262441825,83.8984764937742,video,Auditivo
33.04596054626889,61.227419297462674,151.89280792541442,0.0,29.3736741425368,10.606090773499398,24.0,20,16,69.85309977675227,76.36750817747169,practical,Leitura/Escrita
97.08488997197047,50.64012397643886,65.48380597045757,45.32452820741412,28.301613723463042,13.023364505538245,26.0,0,57,72.91777290387247,99.22729100976713,video,Visual
77.13945071101432,47.23322122494033,40.191823898296235,51.545520513656314,23.72842248655825,5.962660325515705,9.0,3,39,69.63653973043478,83.58451652394358,video,Visual
92.57686697494734,75.22376249734748,63.0908237167265,21.693857596569785,22.20189314205133,11.073548268028638,49.0,25,95,73.26133320114337,73.45015511391281,practical,Leitura/Escrita
105.13196647162934,39.9937265477645,35.74407072915819,15.41552632897748,30.323893981263968,5.952100892115309,11.0,0,23,76.78239743905056,69.05543264271591,video,Visual
59.24919123764568,16.362517491583976,97.68541302492069,37.33756371749374,39.23513487603455,13.993445187613336,27.0,12,11,98.37260797466587,89.83178480999021,practical,Leitura/Escrita
84.53298897600861,48.98947825664614,166.33518608247746,25.163438848562322,10.469595366351502,6.415269373099077,48.0,13,94,84.32411192993442,80.12390076194008,text,Leitura/Escrita
101.7062264705194,123.75943763930864,41.821668663932186,33.3589031091991,30.78125395794772,8.208762749036284,31.0,14,18,66.96469038572909,82.10872358510515,audio,Auditivo
76.73430919055586,19.70481013628296,76.5966516356336,0.8021207046170353,26.66745677517825,4.530526952086888,79.99031070909021,16,28,100.0,90.45802915699515,practical,Cinestésico
60.310578595301415,32.77074466612029,47.01587290304054,13.231085879448905,26.28991554167285,13.77199443544173,17.472516521299557,11,84,75.78573220961125,75.22593768402184,practical,Cinestésico
32.51321110010586,48.32892076202906,60.889183555499685,53.08795800262361,4.634693096179616,8.068417840380814,41.0,6,89,69.22779043617886,74.2388133490283,text,Visual
47.938223043084726,38.921903019885214,17.148557580516176,16.076700489779732,17.15210590484605,22.254274133403435,25.0,22,51,89.1209637467759,88.12984796843116,video,Visual
50.84325886935997,20.35392839245371,106.99992551656008,86.6118314717247,10.027350420315846,18.24680213354319,41.0,18,91,79.08535486926067,83.07961552080296,video,Leitura/Escrita
51.96660557611221,62.43715712460941,63.22031170682633,35.33007293385205,15.361455704940543,14.441185054530855,49.0,22,16,91.62913654987443,82.02319081143861,video,Visual
54.39086091043662,109.57446231114464,88.91007804124934,2.8609842811761297,9.018136162218502,8.620116021249691,40.0,2,72,66.29357209033333,94.7373757807617,practical,Auditivo
61.69949774691322,43.92262918047815,130.5637934878584,56.24832008113082,15.510916126869937,18.04416244253042,1.0,17,20,97.42873917575241,55.138334322786434,audio,Leitura/Escrita
75.89078263070192,34.329542610804374,28.056275626678413,28.2349904671072,15.938896429765968,20.525607114789096,34.0,25,59,77.01047664281694,91.20056637899783,audio,Auditivo
57.885036658227264,9.020789498930498,107.94693854152399,23.167994156253894,31.069930599224413,16.141507297613042,79.2045925641242,3,97,87.91052232702434,87.91153650364225,audio,Cinestésico
74.59504931478605,45.159519624423616,77.36060640776984,33.674356397580055,6.102655940823864,27.829614843735442,11.175193215254613,29,74,94.01765708701544,84.5677077770046,practical,Cinestésico
76.83410975032407,62.07754686632515,76.94377310121203,37.11950228350188,5.544818522546766,18.67709854459853,30.0,25,19,63.67392709478746,53.26560326290494,video,Visual
0.7360030093838645,64.07924400756242,69.67861763152014,40.61387732961929,23.619142707305265,22.308857740544273,22.0,2,52,87.75771820758322,92.83888783270268,practical,Auditivo
31.819938185437373,39.951923181622924,73.71710973674342,59.20005352917582,12.02561882929901,16.068523324287824,11.0,11,79,67.55651610387594,69.73565889364114,video,Leitura/Escrita
55.677373328351536,28.214566964213876,130.53523275887082,55.136165292437305,30.745297902299313,20.405315626055813,27.0,22,62,68.71992393985732,74.92308021616613,text,Leitura/Escrita
23.709157714766775,24.213664258140266,86.64559525750039,9.365488668204573,22.252697220150466,8.625750138646598,14.0,27,56,66.96590540207563,78.29407335209932,audio,Auditivo
77.99786189988613,56.69502652649764,8.85865080290558,22.895318135232134,45.444912364733376,11.332813094297649,32.35271925734143,11,28,80.03636636177862,84.07418034651975,video,Cinestésico
171.50303854127762,58.27543242771171,51.14337069288665,74.14572502902932,34.10692320420895,17.79490842785904,11.0,16,0,75.3301587693486,92.36060602697324,video,Visual
135.12513163267695,9.085404266185336,61.07685603587437,40.86736590572592,16.902891881934273,17.736795852459053,49.0,5,81,73.32863915837164,95.86891182790366,text,Visual
53.59671387209376,71.79677956361368,140.00321658592225,107.13402963973823,14.255132945837243,19.06089458354598,47.0,14,58,85.59821044537794,88.15853510078516,text,Leitura/Escrita
104.72178410549856,51.48142441788003,111.7658852074494,50.93151123298778,39.63108274252365,23.803143138229835,1.79623673287555,29,63,80.91289589293473,82.52927204213125,practical,Cinestésico
112.62532711741741,67.99189290291586,42.98907148911262,33.62703107333623,25.09513563929686,3.600230625476703,10.0,1,85,81.68248123941353,92.86786955791334,video,Visual
49.88742086645882,13.157445030297698,52.57133536137553,34.52110604671676,32.22866873351956,7.204379619117631,77.92978708463774,7,71,85.94166835615131,69.09246284177753,practical,Cinestésico
41.597920093771805,12.683516891691223,66.02312458528326,39.99266486897755,33.91457966955942,16.836581128594027,36.0,13,70,100.0,72.48973193180977,practical,Leitura/Escrita
64.30119594363698,37.02061380465406,41.946534346341046,3.932930762302508,17.877556901600695,9.205090945572314,37.0,4,88,74.78637627558523,94.0648438378532,audio,Visual
48.354695443763134,50.05568853790388,57.848472671070816,30.270708787023363,26.982893352594143,42.02214593031489,37.01662182345342,2,93,69.78911037869084,88.37209486728682,practical,Cinestésico
65.11248667126463,75.92721645853928,96.97807769957899,48.160118288132956,33.77545584942491,19.125756953361087,96.91078023056512,9,97,81.13536129185188,87.2379941644442,video,Cinestésico
64.81721943149594,96.92345514253492,33.1157576622479,21.005400077681944,10.654061051015288,14.373353208558742,20.0,6,43,63.557451837353796,74.85583238343473,practical,Auditivo
60.091380604602435,35.14637446375933,138.12955631869042,64.06522023179586,20.77585389486391,10.876245815329128,41.0,29,47,74.69269767356062,89.10492131943695,video,Leitura/Escrita
73.1081450923905,19.472615846682157,18.53039781617705,69.22195871577924,33.96760177398491,11.158701734455644,35.0,10,74,96.07123221798463,68.38755547519642,text,Leitura/Escrita
124.56243989832807,64.60001145438301,50.35317012452279,16.35479341031287,24.449683153761757,15.241125290521419,8.0,14,14,73.75871625182296,100.0,audio,Visual
156.90628412331503,20.705891484985703,58.467874492370484,23.23045703484503,20.310634263989314,15.895855460970061,11.0,1,34,62.91807541641961,85.11323963820658,practical,Visual
15.453060946502895,72.56937109544643,162.1926803017033,23.118487492223192,18.38232718834331,11.346406842451897,9.0,4,22,69.10163989700571,96.84170406340633,video,Leitura/Escrita
0.0,34.31230700786981,60.381919333655915,17.667515899658895,33.478703093612936,12.814782027840785,78.09663580428442,10,52,75.48716679393807,64.78557907934515,audio,Cinestésico
88.02959733717822,71.81164145235701,0.0,10.685920745204083,40.374949128204776,25.75427660187677,8.017944755327353,7,44,86.4189653696801,97.63404045918521,practical,Cinestésico
23.77763888242414,53.57862580118557,0.03888825985625033,16.493273079329597,26.09238830889753,26.076039701208273,32.0,12,84,86.28545777531187,80.37029565069285,text,Visual
53.257037943219494,37.26009021115083,122.84819599507907,76.89260275856994,16.68135138178021,17.016271839479018,4.0,10,91,81.60248754186908,76.20520743988256,practical,Leitura/Escrita
24.89660921821921,52.15911531177035,91.48197995264681,16.26784456364561,23.247815941101145,4.269922182106098,15.0,16,12,95.08909419096128,81.94838818985598,audio,Auditivo
8.887084663863336,33.1818424530784,83.14095501695385,31.89688828591035,24.799397411482786,19.308025253112348,36.0,14,33,73.95179634059538,77.04957933583992,video,Visual
76.24388184614364,64.54777216835073,75.86495370303466,22.45696869493566,9.928050124730216,27.434259532888206,36.0,0,37,73.61432376602589,79.27670998697693,video,Auditivo
82.77465480907941,61.75055631072172,110.67908591269834,47.68298905555409,21.682305411836943,25.95824881569903,28.0,18,69,50.0,72.62373734729145,audio,Auditivo
66.09852516466641,28.1237718386259,51.11430727420039,49.66743444905425,0.0,20.875406822477338,17.0,15,67,70.52637050838784,81.82350829895466,text,Visual
0.0,47.05367084561057,101.32186946093888,42.961049732084206,24.82533709821185,26.379383642286573,28.0,18,4,83.52015034908494,84.86885950300572,audio,Auditivo
43.612666552425516,41.571540594382995,12.879479024075394,34.592018296541326,35.04758898428958,15.427074179832173,9.843614244706165,12,39,90.63961336859704,70.98434504696485,video,Cinestésico
71.75412016207639,0.0,38.32682584716768,26.534106947386523,38.12990066949148,20.02482375866964,38.13115995090755,22,69,66.69765366332716,72.31805764994517,audio,Cinestésico
15.63265293677614,49.16336229577397,6.753551177386434,12.121879437131252,24.411696467410795,9.553795469398558,52.00461527909919,21,20,79.62252329293048,66.27208750253591,practical,Cinestésico
65.50079759337467,24.97522876496615,60.38041447655727,59.152933216832956,23.090468350240346,17.3381236492457,41.0,22,27,85.46879032323288,74.9606932003866,audio,Auditivo
59.54070452481013,16.9333519358851,68.380857395678,18.6049047337117,57.83964529684621,25.636273951764196,93.0634724746195,3,2,75.11208153195899,93.11602029723922,text,Cinestésico
77.37874498803265,6.2531130577857965,73.99355222792819,39.95469520549262,50.856047027522536,10.284612708104872,72.27402226670536,10,22,52.167195424727694,71.54066359897031,audio,Cinestésico
63.5874110524246,4.122150042642197,115.82143401522015,68.79493105732226,19.708273007734395,8.10845256428571,10.0,17,71,87.71701157113736,72.68366734812759,video,Leitura/Escrita
30.807931773553335,20.778127064647926,37.53563342158952,21.67079254642006,21.393196307295597,15.779911512189575,25.0,17,18,82.61430624060893,81.93921946481535,audio,Auditivo
95.89714504993475,45.913414750375,63.34157044553745,45.57018790973943,31.109111447344333,13.186702370208003,27.0,9,74,65.5257710498154,76.29203566200474,text,Auditivo
55.2441128091909,79.06518275053136,17.589366598798797,41.46319805008283,8.160888962999836,20.193181768563363,57.783476484462966,16,49,72.45845469125614,100.0,text,Cinestésico
89.47132098053996,29.48240648209592,117.71301412962876,55.919457530726476,16.769242573229754,11.37392379242366,18.0,29,73,63.44503957871236,84.27372065161677,practical,Visual
32.00196122780412,58.294515991785154,59.37308744856996,22.959803003599333,33.355704555367566,28.74751692482171,44.0,12,57,50.0,83.35218346217371,text,Auditivo
46.70153246425469,48.009627730126574,64.14438335613778,13.68698642563716,29.75200541684766,4.682591216311554,26.0,29,91,96.44931306688282,89.43768784799322,text,Leitura/Escrita
49.486172676115984,42.621303724316974,125.6129114955429,22.417653668332335,23.692637776499048,25.029878289757875,19.0,24,19,74.96251466198149,95.96731629520062,video,Visual
54.81161820229731,38.451130785480125,26.521371325776975,33.13280313801498,6.067679619915186,8.881206173535176,3.724049053715482,13,91,90.97674996704983,82.3328758155738,practical,Cinestésico
111.3512544042703,16.094124728015107,30.604451008881085,30.87319090627585,28.185331899418106,0.6321381233278132,26.316199598462376,29,92,83.57322191906178,78.38872513313999,practical,Cinestésico
18.84296571205931,106.31910403348765,31.632288629600218,24.098431555881742,14.10084603750067,16.90300125079094,38.0,6,71,71.45790238334551,100.0,audio,Auditivo
11.593158063697764,120.58923337753193,67.62450164051813,1.362038115341356,23.310389028172136,12.963136111888932,43.0,9,82,74.1681933989559,79.00239724685733,audio,Auditivo
175.8456564024019,6.346826117546286,85.1071070373159,37.057244941936595,11.906533152051198,6.123125056775754,28.0,2,52,80.66177390770173,80.21752037602954,audio,Visual
53.720289685444016,19.51942818227241,155.6563798758704,86.18862876427424,9.742766050253927,1.5489848662778876,14.0,1,84,95.1300791629939,73.54151011705981,video,Leitura/Escrita
39.92781784020251,34.403793152459876,271.3621751940873,64.08284298796676,0.0,14.933113701828345,29.0,29,81,86.67179942925168,62.73196797293244,audio,Leitura/Escrita
128.34495085383074,20.709244101796173,0.0,39.1370327858027,32.21804684976701,22.80669513299054,39.0,18,8,86.05593145289484,97.39041183451381,video,Visual
41.831533807894075,50.1193110691173,91.3057456193546,38.586679592326526,19.519188313185996,19.679627944691553,115.06250058589964,6,3,72.03331263325528,56.51931602899174,text,Cinestésico
114.78029140640808,25.43455595186774,50.50042995997191,35.955700048236,32.66647269725232,15.453653190714125,0.0,4,40,65.02856453214314,79.9427715909508,text,Cinestésico
126.03731196670242,83.30112135613206,49.47546978889293,43.97498950302142,19.977618835258188,18.83078058574188,28.0,27,24,74.3519074643887,89.59493233408075,video,Visual
45.362657755628916,63.810971886871926,67.47236817192251,62.022302989309864,9.325660670395006,14.782286940977144,29.0,2,33,87.56636501652426,100.0,video,Leitura/Escrita
124.71924639796511,44.2514806126443,38.193061521720935,25.30984245520086,9.315509952239946,3.5622060557570308,64.40883973118662,24,72,62.98464605260713,61.68348771286374,practical,Cinestésico
41.82855230989985,91.92620414921652,128.9583692111208,18.060166349868688,9.946848740027646,3.632848118212454,45.0,1,8,61.63277915853378,70.98896713015642,text,Auditivo
113.17493301628821,62.11800848714618,99.4804064454866,26.265395170789873,12.76831561170607,13.374651768122568,31.0,22,81,79.47386296473428,86.19550996117786,video,Visual
86.36183932568768,28.721050238835133,70.81185924950812,34.71194244675999,23.66606247013805,13.714773709071405,9.0,25,74,70.93643148629576,88.18155618127135,practical,Visual
133.67665935113857,23.675655109160704,117.285551337045,25.2587555831554,12.042823364793886,21.80786142805412,26.0,21,12,73.34159094337998,83.08933690211406,practical,Visual
106.84533590180558,71.20250868790508,17.061486214539357,34.71508024697145,37.464906315946216,21.058433790197977,7.0,5,8,71.40307334299176,79.19012090597833,audio,Auditivo
60.960124471972996,57.23272248995888,23.425320403417587,36.587252005506265,54.01053288385306,19.841064126071593,57.26905318498669,13,79,90.20600901763211,67.40437271130259,text,Cinestésico
37.3974638896145,42.781207973068355,0.0,42.497691469052725,42.63228193677673,12.757738295382554,80.30629889911229,6,3,87.61761160395,83.5719287899494,practical,Cinestésico
73.7991642881735,8.460070356180054,71.54737777276904,71.41004875101703,18.8034109752685,3.954782639118884,34.0,21,33,70.72054747205524,56.78514657922422,practical,Leitura/Escrita
61.593620337031176,23.943511120983153,75.65944843466636,31.170111277182862,35.14280735720484,18.29656909652819,35.0,1,6,69.67206786919553,90.63495342437382,text,Visual
120.40161742579869,38.52054272811244,73.6000502276317,10.383351522785091,29.413075315870643,19.201354506097346,112.56787188090232,10,14,83.50004267969592,73.99643305736427,practical,Cinestésico
64.09605993248212,38.486687913483394,75.22696688709581,24.82343854771215,33.25645827350293,0.0,82.72896302620504,20,37,81.01936237103243,90.16287942756635,video,Cinestésico
75.23053148730884,79.45084353579617,20.613010912687137,30.66093851109899,21.699745397492695,8.325294507338699,24.0,2,74,74.58542037670215,100.0,video,Visual
90.88223181004217,12.28024115202004,98.11041599149077,2.463468657343647,27.01823040543344,9.471564980848832,19.0,8,95,63.62399795035765,86.43693479036439,practical,Visual
19.586211314109107,50.11178483671749,78.38696313836493,50.82996780153724,37.53699681477049,15.94680160898749,82.6701338823425,7,90,68.17459953846455,93.9072592914143,text,Cinestésico
30.851578844680454,111.63193839160587,95.65689985130994,32.135668687656995,15.248747215553967,8.573116537874448,16.0,25,93,69.8323243245371,76.8388371936959,audio,Auditivo
140.50598856948113,85.42899490845592,3.753323784348183,35.72029251870428,14.670062805740463,14.694923449402877,22.0,10,51,77.769943311191,75.43232878022394,video,Visual
40.293171630858126,42.237921347950625,80.90218005792265,50.48289693789398,26.399029571520845,13.315720477176065,24.0,17,80,92.03727154697238,97.45903632185619,audio,Auditivo
28.592670519541812,77.8434835887061,28.428216602886557,20.547857547864798,27.152365838912328,13.726804227698176,47.0,0,99,68.13119765211871,85.20776444734007,practical,Auditivo
76.09958257581859,51.39520714397294,89.08448931733649,67.62904387438358,16.06648875177127,9.26884565039403,48.0,14,82,70.39789542242184,80.04438522609814,video,Leitura/Escrita
95.57112463988992,63.30350876408958,88.70277145227342,28.352038153470964,4.12811930321546,9.888119567466578,30.0,3,6,73.91413523172056,86.87177475098649,text,Auditivo
139.64788329096282,38.02309597521388,73.18827621895696,27.23869699476121,17.926839039917553,6.357863521754458,5.0,3,44,85.31738980514059,87.50887576475847,practical,Visual
89.88143057417449,48.71950779000092,40.19610070772384,18.417114182934313,44.22493470513263,18.040539524590656,84.66349499981256,27,58,60.53117033239297,79.30780592058483,video,Cinestésico
37.29614734291618,0.0,92.82975155573263,95.577489941078,38.05416846419781,19.568821028730945,3.0,9,20,96.84793221250402,66.73565172692004,audio,Leitura/Escrita
17.34567999774469,53.64138980125263,16.396263966472496,24.367499398866435,10.55791849614899,8.835056398997288,59.016011760564474,10,27,73.27968637884331,77.29463262838733,text,Cinestésico
105.0400095586646,42.52355807323934,175.1513687988579,64.8538372552728,15.734287471694264,27.165120768136354,19.0,17,2,76.99358741085122,86.23255423458473,video,Leitura/Escrita
50.31960483473593,35.550502064434696,102.72062562591195,2.9654579800305205,16.105964384746233,12.483188420463609,40.0,22,13,64.5929809367108,78.77228574313189,video,Leitura/Escrita
66.71487976202997,80.93724391439116,109.14924804893641,47.6998279453468,33.55805339431501,27.241484990372484,0.0,28,1,82.06520773420627,96.5299457578702,video,Visual
99.84582425547174,34.64213264351262,51.57139095163849,45.78316733935588,19.650584995413674,9.862982609347174,44.0,14,28,73.28828804758466,83.83655023866788,text,Auditivo
76.68690028201979,31.938480218699382,51.6748404057696,31.461511654459546,16.464393123390966,0.0,47.241187699204396,2,17,76.70705482754506,71.21863681914593,practical,Cinestésico
73.67663316244823,79.83106604409468,77.72837215765402,34.183093471966366,25.58695282921819,18.21758259929881,33.0,6,36,74.9814711907722,66.80828042167876,text,Leitura/Escrita
222.82767937194632,23.358773903002866,100.66608760925763,36.00000008420349,15.953614799590536,16.9883608409519,9.0,6,44,71.80903965748976,89.91832416743766,video,Visual
40.69445308859571,28.997694341269224,45.16990949350335,64.33185991320434,12.472365205533661,15.275150362460664,36.10221212924801,16,44,70.13418753645263,74.75771551895413,video,Cinestésico
146.47420220616456,37.059491531383,92.56084013453118,3.5514495164477218,11.072266927238493,9.862140172448086,48.0,21,23,73.99406894621792,90.67715743142642,video,Visual
61.71039374691254,75.95224017236407,56.614166081574844,41.73041081361191,37.340419544226194,14.723422196113448,23.0,19,45,68.3044767362419,72.8186234123727,text,Auditivo
116.06245936529109,44.15605014706627,0.8412845037933181,16.32574046769146,23.84209221649462,10.909924337043782,12.0,26,11,59.65819039312778,79.51075768652498,video,Visual
105.85405279237595,22.44293232375213,50.03900762747369,29.70122405550403,21.07760055452543,12.581203469345995,28.0,23,52,100.0,90.53069717594913,video,Auditivo
75.23507268868872,41.11903398878124,28.731212497300312,26.281798213820053,17.50106264187954,21.7330580461206,45.0,15,44,61.36595752662486,81.48202968627898,practical,Auditivo
129.2868699880529,27.85291133575577,71.18659532888181,23.575226133033667,22.921488421187988,16.473737836240748,26.0,15,31,76.81459006942539,77.8449760160514,video,Visual
116.28750087085722,38.455579095539086,28.33572925139284,29.84302306420906,22.80235946002494,19.87961109865582,30.0,7,17,57.27972171575958,88.36230167650291,practical,Visual
72.43310141638936,48.51687317259658,102.4091285250116,12.987432820833142,22.921688282073262,13.14505194699368,42.0,2,12,55.02952563382025,100.0,video,Visual
34.82370997982981,84.00883813731858,66.81234488764404,45.4377065419195,21.14845090277753,12.2638612335618,9.0,19,3,75.97826491852267,82.93786688274723,video,Auditivo
28.655724179368992,4.4797649190319575,63.78414018344414,3.0878473320209956,41.02316520674721,5.772139752890851,52.58799536417825,14,22,76.74367587768303,85.92950809425129,text,Cinestésico
1.0093023187199464,76.97448967978477,92.95622482256539,38.09646769242513,20.23104346000731,12.039707099454425,38.0,0,61,87.61498990802383,72.47765463472558,video,Auditivo
121.68621389820967,76.27582994262072,103.73674269265518,25.101962211981434,10.220611644473612,0.0,9.0,9,53,78.99546841015706,90.264193771346,video,Auditivo
26.90374902834951,67.69064095187812,95.16645672100783,21.515480975524877,13.875771090991318,10.278224269554922,23.0,1,73,80.32528282191495,100.0,video,Leitura/Escrita
53.36239129242684,48.883966545813436,43.00798951577483,33.035750558980425,0.32323211082698805,14.345006582473287,53.65230461535717,6,54,65.50399755934995,72.08532357487147,text,Cinestésico
51.69560100333238,109.842231978814,7.911063436075466,6.645733699402829,40.268171160423925,19.509389234161247,13.0,13,68,89.99012068233549,68.1810602562801,practical,Auditivo
69.22220093427302,49.33090622900254,45.9882585037687,30.59570732579452,42.204606245107996,12.850576979800346,84.12116580460224,15,39,84.28851246050223,81.75542243835149,video,Cinestésico
84.4721163761789,66.92451512405496,48.39757136732135,8.656846382826686,15.375296513673398,17.781388337959996,82.75575349588509,26,13,62.53670522251575,88.7550504984441,text,Cinestésico
85.81420465079236,50.44501272035557,73.74701085473039,36.91908126476747,29.367039251420167,0.0,55.15478162748274,27,97,75.37963728210636,79.08610327949738,text,Cinestésico
72.64686870184528,38.041695071141916,57.919859160169054,16.13463999554437,13.631235257935668,14.545305182344402,16.0,14,27,76.44052231526497,79.67708522600759,video,Visual
54.98634858640766,122.56141990517557,94.07765402179999,23.23508974456036,35.42547211374117,1.5639776566927726,20.0,6,71,71.54346343394332,78.9141583821961,practical,Auditivo
91.37445544355745,57.78074244559784,48.545585505525864,34.409240819147435,5.801228357290711,5.3335718747253384,31.0,12,79,82.71850485806794,96.34936057539163,audio,Visual
52.53926621449359,88.71026473029606,68.00355916014703,18.411868322366463,21.144760588187793,13.502675617089112,2.0,24,94,83.31733138348177,75.92968173053941,practical,Auditivo
108.22036728059979,14.473911669233281,111.43956051189113,29.13054000497546,33.05361905473212,25.210111902988437,24.81570745716015,9,70,73.09514302194894,86.07255017754922,practical,Cinestésico
117.03811063550079,14.233847650729246,81.96388248842382,7.292542481327196,28.26838630709114,17.96965410776047,7.0,8,66,72.19130754202341,96.47081424754917,text,Visual
82.04633358149452,45.854309642837066,113.63545179413079,51.44078846782919,18.95990772275305,15.145847977096937,31.0,8,28,100.0,82.40230625770448,video,Leitura/Escrita
79.88643806002239,42.91042395536481,48.9319445322688,56.47370708326157,3.0397871433708237,14.843756884263183,80.47539562919087,5,99,84.32838892362237,79.72052228721708,video,Cinestésico
95.20421572455975,27.717548699833678,71.08574497149915,118.01618947131392,17.48882165357559,9.290968854364262,25.0,23,60,81.63601807295265,88.29343925226281,text,Leitura/Escrita
99.86196462275335,42.8196539922412,40.228536146681826,31.36752219999659,10.27837782056675,10.648132693018532,29.0,24,67,58.70790960919946,81.85336502146397,text,Visual
37.828836907480515,71.77253856087191,51.06475969759852,41.823062111957796,20.795795465565607,18.419008363766377,8.0,11,8,78.44000106305036,75.08071555592416,text,Visual
71.99063855257924,53.908049491005976,132.7723187519448,4.298814203509547,34.34177036520327,3.917115852444045,31.0,29,16,87.53669519588924,77.33427715071015,practical,Leitura/Escrita
40.459293186245134,17.179829804945236,62.23391050477059,52.541014894583824,3.2889038935764776,19.74443240226417,19.651455216247122,22,48,50.0,75.08120545185533,practical,Cinestésico
44.141499547507294,55.266975699355854,22.757942571656912,41.64342757086159,11.997772646000962,11.891943463049177,21.0,19,62,77.51869448318025,71.96658024709525,audio,Auditivo
77.5909205626528,36.22393352231791,131.88592525709242,22.740998325731503,14.47307046216503,21.604456598956524,33.0,29,83,70.83308013204265,98.30468474998774,text,Auditivo
97.14849214300907,56.043192912882674,81.19878169008071,48.55771200433514,16.183689045867887,22.688747657856666,40.0,19,77,72.79145719870448,100.0,audio,Auditivo
60.63814730208185,31.727686687407143,28.64405986861966,43.25434502309088,27.40125664105244,1.6153278999540799,17.0,21,45,69.89574550054122,76.46294957744418,video,Leitura/Escrita
69.26499037796891,30.447088347919895,54.53528754657117,23.12962225478165,28.774854432451036,10.347353894182255,30.2975567139517,13,92,73.51810709596359,80.91718949748365,practical,Cinestésico
111.06644833905713,14.897292560532101,96.96425282095701,51.700388368768486,24.158027257204452,8.15577849647501,17.0,26,12,100.0,78.12157179936209,audio,Leitura/Escrita
67.22259538465705,37.446906369636196,216.06793074886062,21.08449493076397,13.742269562682237,0.49817627941485654,36.0,19,99,79.58729086615162,91.07499240118156,audio,Leitura/Escrita
138.05049342541184,28.7878472630538,50.31826476176708,58.959931616329065,22.299243454179376,6.739733790324715,17.0,26,44,91.20488925950407,93.05645561840046,text,Leitura/Escrita
76.96528936894633,0.0,155.82357423196217,23.75154952587407,27.77797630877715,34.53004676212272,11.0,6,52,73.51023805010085,62.22736201310353,practical,Leitura/Escrita
7.177117225325468,81.05944049003327,165.24424917802853,20.47824065265045,12.677004502629115,19.876079169699523,3.0,7,16,92.23120157374409,84.76010800065626,practical,Leitura/Escrita
124.62710011726148,61.775393084333444,47.99709932239004,16.354653173874986,27.813581198065148,30.33830374884603,46.0,7,46,75.01655855621951,71.07342127161878,video,Visual
71.43475154648334,32.47398550150008,75.15626186958454,66.12100745943279,20.523727687275684,21.632787520146685,42.0,29,61,89.51945198999942,97.58272157875278,practical,Leitura/Escrita
162.77750322197744,40.37638099481197,33.72917634191804,20.748369577204386,30.454602404822527,9.065254711932196,26.0,7,49,75.07153256097487,96.44140067214114,video,Visual
80.19544053809875,29.01936466544651,62.87886006218933,9.780063234492467,17.985800999230264,11.945830426607657,4.0,1,42,81.41625232441208,71.76650461637364,audio,Auditivo
55.84632048048679,73.91445755621731,68.71935089799742,20.91480000096303,30.00215507522651,19.70748944192246,10.135960355438893,13,67,50.0,77.58678612062147,text,Cinestésico
23.271052911319025,106.73290168899265,93.08774993288296,29.519364439792696,19.5939376832147,18.50004962778429,12.0,9,83,60.801746865424306,77.11022741733842,audio,Auditivo
53.729302281419244,64.23411608239792,108.15642148571564,12.285412745034215,19.03787737959421,10.38126387433333,22.0,17,74,79.17080498008644,85.25112942885815,video,Auditivo
34.484386373720994,60.47061288370689,43.81663773824235,12.724783364484846,38.233380069683214,2.920054635366345,81.2390119295876,17,85,54.564616461037645,90.41912604177477,practical,Cinestésico
42.58429650585832,52.32033618093332,1.1436227520901951,61.669445011493764,25.36807469224904,41.30208949910991,24.0,17,71,69.69419644352791,68.5179270802829,practical,Auditivo
77.65735213261829,13.265491222481387,69.25643272533152,17.091518942791694,12.164824588316483,13.870802621257555,72.3263380570562,15,27,74.4565915896335,98.38754500912114,video,Cinestésico
166.85154151552052,31.763532620726856,80.27381354890241,25.1543644684049,34.33633608817878,12.39408885453904,3.0,19,44,66.71859862387103,100.0,practical,Visual
71.84014589468943,42.63855933543914,78.72961906897646,24.491444988010713,1.737687852945323,15.906675711242414,66.64417296868443,4,40,68.08438597306227,71.24676432408955,audio,Cinestésico
24.123508138944473,46.008976821658244,58.56643633718346,23.679647883443373,13.15187890261104,13.05817128551177,43.0,19,93,77.71582200153593,80.72801794362309,video,Auditivo
73.33808004660422,35.62693445129928,108.683584767343,69.53298558039634,19.057309292350993,15.981831261643869,14.0,4,96,97.313958380763,97.10808544114316,text,Leitura/Escrita
95.89894459936954,38.17200884981771,157.82141537292847,58.992072598866024,24.12355969085948,25.295578288931353,25.0,19,96,74.57835690649485,92.32918586677484,text,Leitura/Escrita
64.31670552595514,38.38243004269077,83.36069591368782,25.41068352702612,35.76172527741379,14.00361216250861,41.0,22,35,69.2494180381263,87.62751385255152,video,Visual
98.8158359146812,41.04516980994966,56.93210512489205,11.452825701114765,1.4170851177489254,5.698316485377909,10.0,9,90,67.68739026672955,96.6163176832663,audio,Visual
60.44064584187591,32.59608691386526,52.49307640164015,49.11660341773355,14.923058716102894,13.706849644171113,8.0,16,83,50.786202481227214,100.0,practical,Auditivo
36.4530506075328,31.262928545691672,64.05516748127943,28.56988363204976,0.0,11.284785748720713,10.0,29,32,76.41711790317508,81.05159981851212,audio,Auditivo
102.14209283230613,14.308314686000614,127.28589866407239,55.95482722285753,20.31621973910248,26.39119149797481,1.0,12,24,84.34717745828492,80.2532522688253,video,Visual
56.371555541766554,59.55631099372401,63.5844751665831,0.0,32.730911777271864,24.368952517900567,68.0917239983764,16,18,85.16643207315882,81.72419852091399,video,Cinestésico
72.58597331721083,0.0,86.44595795660533,50.321386454399565,35.907957421712524,15.86020000344639,26.0,17,46,74.73202347378886,82.46552095497319,practical,Leitura/Escrita
33.375234665937,63.071806866338505,66.91377311835502,73.65680869086407,21.206347608934543,4.770113161445948,25.0,12,84,70.17841600491775,74.75463260999902,audio,Leitura/Escrita
46.876250990297684,120.95854886929243,108.46441751046876,24.701037968427627,30.440251294423796,5.192861892480433,7.0,16,32,75.21605547591685,84.41625067814218,practical,Auditivo
81.67144073483314,33.95638826034757,138.5943039160636,26.617598649980458,40.61087031947356,15.120986092676429,47.21539809456157,27,66,83.29273686566466,67.45598940272498,practical,Cinestésico
48.81500543724699,0.0,85.77145673009859,34.43267537385508,15.647518029948316,17.69058375457025,20.0,14,13,76.54850448310384,73.34466132991321,audio,Auditivo
111.80891553700215,32.77378876065419,99.81334079586397,27.395330659912958,5.910392532079607,12.00301744539156,7.0,25,78,86.20879749549252,87.58244776154798,audio,Leitura/Escrita
48.01091443156193,38.716316774223614,109.44092033455685,38.62031840144308,22.750022982918107,11.158643326342126,0.0,11,32,91.80477219115673,62.45129148457749,text,Leitura/Escrita
66.74054177255658,19.788035601421733,0.0,24.932773587128956,7.447302551846696,10.257606134570825,67.16030933515152,27,41,67.60863440769296,89.03167591994776,text,Cinestésico
87.9777249561927,29.695632123835146,96.08028024996861,20.5886889836044,41.52361348100779,14.812848318048431,25.86719723071223,9,85,72.8002991332697,59.88018634294297,practical,Cinestésico
17.44902801200905,70.60390397726702,74.69582455985453,48.43284825300839,27.194768942664957,0.0,18.029167844793403,12,64,91.34605511761201,62.686754211236845,practical,Cinestésico
7.175735640576725,87.51482867547176,84.99197177312537,36.916170484446525,31.951774115114162,6.189386969842321,27.0,29,94,73.03188876902374,75.01021256944115,practical,Auditivo
14.23031056289716,21.508717712438003,45.09882320707033,33.75942348154953,26.07352639169043,9.983593236421196,9.772892870937273,10,46,62.32663034033429,82.8686384281935,video,Cinestésico
149.6508341784977,8.048016608091359,56.544009235801795,42.12856510335175,22.68850786400992,24.660025559615363,46.0,2,34,68.30643903749706,100.0,video,Visual
43.444255623226596,42.045989686807665,55.614127222388944,26.034662501947995,22.09348857334689,8.489490864568566,22.0,21,83,65.61820148778757,80.57622763159596,text,Auditivo
136.74597857004755,35.73086441299124,105.75680444255636,18.386942724706493,27.896730357039207,16.443745134649653,105.16903187291763,9,31,78.5716258570127,77.5344639242401,practical,Cinestésico
43.072572040278345,49.92398374726633,95.84807046902662,33.575132187319355,15.67340486603408,16.812342007447967,35.0,10,54,75.87671408416983,85.79581247984804,practical,Leitura/Escrita
65.53653909591111,29.29366574864682,202.92647084660183,48.32182845546284,23.9245601847052,25.383332045286096,16.0,5,53,86.18249354806805,71.29101179532066,text,Leitura/Escrita
106.26329857703627,73.1970047631868,85.0801846655263,14.11182437440647,10.738367365167917,25.1006192557132,8.0,0,75,67.6393478145935,81.39415159346406,audio,Auditivo
120.18278664477369,78.70308080120458,25.351106900149396,22.496084751199867,10.049606887877987,14.539976249640668,24.891998095391937,5,50,53.76621461601772,68.0055374204464,audio,Cinestésico
146.79610251366785,56.310020448885254,65.5008797361815,22.25825037192848,32.42826893326828,11.196122070484456,21.0,4,79,78.06619786981922,86.6807354674158,text,Visual
96.25098691779428,39.03822985338455,47.191370724525456,61.86834344743521,41.94163897103334,9.689335177394478,20.80945202488458,6,58,76.48463681546889,78.70163674150596,practical,Cinestésico
90.72187577434387,36.336990578934106,0.0,0.0,25.49961790102024,13.071494220273753,12.064661186487157,21,71,80.1775781570884,71.95732078550583,audio,Cinestésico
122.10222132256001,32.86653731640258,125.98148290398262,27.3057041789155,36.65142382543782,11.5277331654112,43.0,11,13,68.27012780834744,91.53413348463383,video,Visual
83.35083228499913,63.61281824904289,94.60998897770014,55.88540689222156,31.16339909081453,19.429019274865855,15.62250200329198,11,17,67.20455524640623,81.58549653159643,video,Cinestésico
60.027676711617374,27.45373108097394,88.66225612647594,31.82766696198681,33.22703219988979,18.362478539881636,36.0,6,54,79.01466858481545,96.57631092155046,text,Visual
58.47744960136767,40.904454179999654,75.78912811048964,41.30126210131639,21.755740849258217,19.734409529160125,2.0,1,93,90.1901957253098,67.4769912647771,video,Visual
59.89876627767144,41.0239580376217,21.629385095764682,31.49739472649652,14.128590027602769,25.07426969148935,80.8861447098449,27,96,75.11168009506328,79.23951092302957,practical,Cinestésico
54.89446132425215,29.96431614376936,76.9299504396631,33.61679811168866,38.4804019177085,29.902952971201415,7.0,0,97,85.54849949763572,72.3973760029652,audio,Leitura/Escrita
46.40315852018175,12.550689042317984,142.65806157970678,0.0,29.90710846624085,15.997307147260456,9.0,29,55,75.85402620483818,88.69762058176292,text,Leitura/Escrita
80.89162342370146,46.45949007235336,48.05358280197018,57.48751538045739,18.789789689904357,23.795710171165226,46.0,22,48,64.98909414045751,87.53912065192134,text,Leitura/Escrita
88.65915625711531,38.77992056289233,0.0,18.36590093096413,41.08927665427035,12.186718529326278,93.62861834833774,24,97,84.67429419154058,85.07879845068621,practical,Cinestésico
62.65220658875542,79.42355400897355,62.05128972766759,17.994968907520445,15.96296566002093,24.480055868664124,41.0,17,59,84.08414239086162,72.96166741930537,audio,Auditivo
104.32590243165785,38.88092631033578,65.03848560903614,22.51519116031332,28.291490350595417,23.49207325740675,42.0,11,52,82.10774025175193,88.85470582940096,video,Auditivo
25.74932657599485,64.41642597626095,128.46058089555387,68.26958916058254,0.0,23.06732775954393,8.0,6,70,78.27412923576918,64.69869071256669,text,Leitura/Escrita
54.19021622160846,22.464524375763105,124.4090260196977,81.53465936048478,9.801986663054063,15.752558729532192,13.0,18,5,89.22185563318665,62.646892964072286,practical,Leitura/Escrita
54.263851908450455,74.24080568035785,92.31620342809231,33.25811906292601,29.792597442869628,9.653134688072889,36.0,21,69,83.9376179738783,75.06491322503906,video,Visual
6.091117661269546,5.047269803434766,79.05694318353726,23.028491641324084,17.503444617810807,3.8437724970761877,26.0,2,85,91.20158684956706,91.24245881224783,video,Visual
57.51957942471902,70.11935786874515,111.84359858303483,12.341603738231843,22.075422948887418,14.679702339831206,40.0,28,7,84.88526104647443,86.75164400988294,practical,Auditivo
86.75771593125647,49.50861365053247,16.836057671533986,37.02810242319104,6.532143378845653,27.26410033799346,31.0,9,14,75.6382122503364,57.002536914731095,practical,Visual
105.40349229726394,24.088858641182355,125.17560535166346,82.1133346461673,38.478669957021026,12.521240789087415,3.0,28,25,67.1908680572615,93.22742831879786,text,Leitura/Escrita
78.92435053664333,48.48787875722025,155.51423411895982,38.11918629901483,31.905296437176766,21.281012683680437,1.0,26,38,85.87128751788457,81.31112196178434,practical,Leitura/Escrita
29.27439527012385,65.59037339520317,26.61531998719162,0.0,28.467702559356614,21.751611204151448,70.52892808686856,26,2,77.56577395849308,64.32227652410225,text,Cinestésico
147.32397463956116,0.0,17.399528696116377,40.05074507723286,15.953041431366737,12.730510232582617,20.0,10,56,82.09029775318304,88.99466229692734,video,Visual
96.63101086576059,50.054896149816294,69.67515113872408,67.85974868463067,30.296043614196932,25.530758700156156,0.0,4,9,93.28838269627332,90.9252541467842,video,Leitura/Escrita
100.09662996861374,0.0,46.84604951196478,6.21231539421229,39.824704501689276,0.0,43.0,1,2,74.04849487943221,98.80656780990229,video,Visual
53.205477034505044,25.472779365870302,96.36968122258507,32.64726275494429,29.537602558113537,5.2179977700946,10.0,7,93,96.00987189813111,90.99073062553965,text,Auditivo
31.216822898295607,72.5833272980189,63.293995537106674,64.40148731249681,41.71802667396602,7.674941629132322,0.0,13,45,64.87288998288635,66.33753370602889,audio,Leitura/Escrita
48.83379671786841,41.8384089744708,40.027801860157865,28.903390469865922,10.776486709380821,8.442279817060882,45.0,7,21,79.19341872461625,75.85994764861596,audio,Auditivo
92.66245859112558,16.52240071182055,48.592819215690426,18.138436213719693,17.109310800146964,17.690103609487164,16.092644856211507,22,66,67.01479607815972,70.75307769476468,text,Cinestésico
116.53758917803827,61.87597035754626,109.1521316953974,45.239058353453345,8.110588819466514,17.320302424431215,6.0,5,64,55.92778000311197,97.17580205044318,audio,Auditivo
166.95959209464706,81.35812676327104,70.45651810319332,23.94930381046976,24.417606496494795,18.151924577400063,1.0,0,96,72.98225623700841,92.21512896065197,video,Visual
45.33451734641178,4.483270790870488,63.72621411250809,7.722207559501019,21.7560354980437,19.768651953059894,14.0,23,18,60.42827301579044,100.0,audio,Auditivo
26.411477001329665,23.823161648733684,66.1498075454632,0.0,18.480488765280143,7.399163446834805,7.0,0,99,73.38572101967183,75.32390466582773,audio,Auditivo
114.31209934255763,69.94863366359253,115.2221117014283,48.912742799989644,28.092586281232986,5.2545914655414485,46.0,7,61,75.34769248094457,78.87421152445414,text,Visual
6.946819033114451,77.15404687075466,43.77898956888654,39.249959647066774,53.30896054630382,18.1705574560629,44.47761988848888,10,97,86.1854140933595,78.5717336140485,practical,Cinestésico
125.13720632822597,37.93137551419432,116.04279018290364,31.319603206937533,4.743375907131579,9.958143410828487,39.0,17,56,59.92414865236063,98.6667766830706,video,Visual
55.57192241103994,15.218945949467152,77.36737046225262,23.395880447237946,22.714404385261922,2.4361996370562355,69.45937202728587,23,94,84.08445165645773,76.33880310624653,practical,Cinestésico
46.018904943952734,81.91687003618318,64.38532163086283,22.065023786953095,50.27372616371161,22.77075427633185,67.12441552360917,9,87,75.98080450279794,81.24437597906945,text,Cinestésico
18.33992669135183,71.88884783498393,157.53151742769984,13.863950273375831,15.322613161414179,26.16081525201838,45.0,11,75,85.28849153609595,90.2766702010482,audio,Visual
75.40800319709149,53.57893975524466,47.92118968092555,35.64181000628989,12.01793923641846,27.457287117589274,40.0,19,12,80.94979590107987,80.3949676120219,text,Leitura/Escrita
44.01897481014266,39.315372091021885,57.62099841515479,0.0,30.185374276503946,16.496061771797763,40.0,22,15,61.67755413236554,73.47601539537521,audio,Auditivo
24.90249492869136,39.019413183239266,26.86490662925999,18.959045197972287,9.942073740761968,20.00745676778322,31.136839779677704,15,15,62.825006737841335,78.62708932089633,video,Cinestésico
0.0,36.79279837910339,103.33616896876593,25.335937254733594,16.98420192208895,25.958945786895285,37.0,4,51,62.081925463328844,85.12220129652461,practical,Visual
59.174552848480914,46.617026092311555,177.82705102010488,63.91074257383193,23.286440258048085,9.868673679812527,7.0,15,83,88.74533859723941,79.9243534032535,text,Leitura/Escrita
113.16754790009233,69.02002876262672,167.00821004743764,47.10603635477723,14.261800860898813,23.885421472432736,42.0,23,40,97.77258784811221,89.43516818152708,text,Leitura/Escrita
109.8377764364361,57.588340822748066,112.83820636011016,41.92384670813338,43.616933172541664,17.20316987314567,57.65888543523016,11,47,69.3504847334478,97.60628034624493,audio,Cinestésico
68.13996182652187,18.452478460304835,63.083283627141206,50.23702657670144,14.311230248026309,22.309693218740726,7.0,5,90,81.29135298257783,79.45013578384551,audio,Visual
41.933638189146585,114.27597647850973,57.21656578785537,45.87255140736153,34.08619493445919,16.488744167007482,43.0,29,38,59.7655794186438,76.08006375212285,video,Auditivo
74.06322768225071,78.04759320551433,11.509057962707722,37.05764771067835,18.742537025042274,25.370053677984014,9.0,4,12,76.803212491773,71.74988101593813,practical,Auditivo
30.048436824351256,93.14856242599585,141.25557373136274,30.177940187711762,26.712701367053533,16.788190100332294,22.0,0,3,81.68562616337127,81.87101537222273,video,Auditivo
117.92412460726048,69.33081718557206,86.41423273519636,15.288179873796611,27.460239529828165,3.1281675242606592,3.0,18,95,60.51875224723132,85.08712431181638,video,Visual
104.0760786769223,17.768395009728977,52.7815083295681,41.09916077068974,13.724599972559272,26.615413058517774,47.0,9,97,72.96116531020145,88.67159173402588,text,Visual
96.80799671652923,39.28348842587074,171.6191266218572,85.58083932301994,0.0,7.419754072223104,37.0,24,42,93.58112931184884,91.03626910444787,video,Leitura/Escrita
56.99537770560141,29.3709089728157,63.136571582263954,46.65510450596569,23.607557546638347,25.024465681951312,29.0,13,80,56.68886157980917,54.741683141953914,text,Leitura/Escrita
72.15664753523126,8.642811492690882,84.23177119779359,58.75888722639185,20.722883471248696,14.278056948477424,40.0,24,87,88.35453061701743,94.30838919760284,audio,Visual
33.66052239730317,46.9341995520984,85.6498572765443,11.421875947850697,25.558260275751273,24.40808788158165,22.0,20,92,84.55599791204065,75.39812951102121,audio,Leitura/Escrita
35.1935893788042,144.6599039345105,92.35369989581054,12.687549228306878,17.73472527617162,24.07814891893412,4.0,2,45,82.16727647717343,84.60422267984389,video,Auditivo
70.24730405703887,3.1984451098849433,67.77492612848575,42.82802261622394,15.695723011992841,18.441143794522972,20.0,5,91,70.87280720805235,75.35726888990582,video,Visual
71.02096520448535,39.354387779010594,31.503304127834266,54.21329145908219,40.084730109816995,19.068282541017048,5.0,4,46,63.406707690147535,91.96260988306875,video,Leitura/Escrita
87.40753878699749,52.81085870149547,72.64517304345132,49.706732648577116,8.447890189634379,18.381028937540528,80.06767012019961,16,85,80.34062956316951,89.13280618040284,practical,Cinestésico
35.90463147958965,42.46156403312362,142.01317227030444,41.361870862775305,27.339504783642383,0.0,16.0,17,91,78.10685087332389,85.68352148542643,text,Leitura/Escrita
104.78065706878564,37.73743894968519,112.79880846385187,20.48847502197895,14.25398141816609,15.946641751185618,24.0,11,52,85.2472872936848,87.93225717810098,text,Leitura/Escrita
73.05761228993273,14.015672731083516,97.12902925561801,26.79610136692436,16.642213822595778,6.07148659142484,23.0,4,24,85.87606985198954,80.8030870089776,audio,Visual
74.34161689024421,44.65573485880327,33.40646800140814,7.009740436143989,16.828971674260345,16.369497149965305,21.0,29,40,82.62063873862598,83.26139208244822,video,Visual
63.83785371619119,24.86472045968147,69.08087223555518,13.07113990354448,11.965657258287429,5.856459628934276,12.0,8,2,94.21237417089613,97.2582932060898,text,Visual
0.0,0.0,48.14213407189979,44.58665996877015,25.712242102362396,5.5203844701914,16.0,11,76,76.53854228873499,72.32270857231389,text,Auditivo
86.52136189083149,63.891844410274615,96.14432940366484,43.09181121704415,45.052751317132824,27.839476014031213,22.398652997078532,19,94,68.08787562208883,94.45635046658087,video,Cinestésico
82.105316912773,59.167716396840845,108.74551132599719,44.89980556446162,24.700136612466615,23.55557910499352,33.0,8,12,79.43697984411435,76.76408928718968,video,Leitura/Escrita
51.5601732864536,72.65992234470883,94.15257867178144,4.18383718559296,21.03381996212095,14.966859320446764,25.0,2,17,79.15663372538606,85.01894389860622,text,Auditivo
83.80643902174549,44.58149376411405,108.06986491552532,24.623946367306672,10.135595009007535,16.478149201992192,18.0,0,36,85.15856518992977,100.0,text,Visual
75.47817653112298,110.4547871358247,94.2066501292486,11.625001670099241,25.16825265824451,13.01667179405593,25.0,21,42,60.32966048561281,72.93776645931923,text,Auditivo
13.123624293403722,44.486793135561655,133.88397984409056,77.32708868800445,41.56349631729299,19.559011007836183,2.0,14,33,80.67004755884568,80.68761750844783,text,Leitura/Escrita
44.128419679611156,58.08035109522629,51.56789121148482,27.7770805060834,16.193053762049075,9.591565067609562,1.0,9,80,97.68497707987355,90.54183164637307,audio,Leitura/Escrita
146.71283922590183,34.050355982523,69.90248612665846,13.71378433827676,16.24016420648134,22.94992210294366,27.0,13,54,72.5979112899748,100.0,text,Visual
22.37131730492252,66.23967477147893,82.8444925655343,54.473158517874296,14.389108690190026,12.975305271887112,1.0,6,51,91.77291584874739,76.72184689760641,text,Leitura/Escrita
68.80673796499887,79.49031242185417,57.95776151535207,20.397683147480823,15.105857655055797,11.641224033350168,21.0,3,84,79.93117527216005,74.83269562478146,practical,Auditivo
19.30254586129785,43.88103887211748,56.89130472374122,52.25615865305561,0.0,15.173704147878741,9.03277994545127,25,35,84.5586060652498,77.66864067454948,video,Cinestésico
73.99289947300579,21.858309544215306,35.70260488262144,18.977836536987137,24.050353858557127,10.270825360595115,3.0,4,53,66.90239458400067,94.47857766151364,audio,Auditivo
58.93075553107549,45.73911708603418,2.0334631480007532,15.430835605615153,11.544478236453863,17.629458795971864,48.0,19,58,71.48264057357062,77.20894143640054,audio,Leitura/Escrita
11.546045522834717,23.360901650110975,72.86860612567098,0.0,3.897368812082,10.701099285492802,37.0,15,51,85.32694972201003,80.78115692483465,text,Leitura/Escrita
94.94218063371514,27.234345469430117,76.76828081734557,29.538202463798772,42.05638650706073,18.748188822550688,89.97015197265901,2,18,59.677782127596885,75.73213529076575,practical,Cinestésico
37.96225269605853,23.692487433677577,22.813803410037842,21.571048292131103,15.700241001863867,24.728052311291812,46.704335946673645,16,11,72.30259393388343,87.05548564795987,practical,Cinestésico
35.692426889568566,24.7862080048179,70.54887827650685,8.566430902324097,16.613309461162423,9.24542650553461,5.0,12,91,77.52876657515667,81.55525037583656,practical,Auditivo
66.01707591692829,82.49542806033924,186.8880120864219,67.19368954229016,34.6644239118858,13.955396341638629,8.0,5,10,100.0,69.96566189241771,text,Leitura/Escrita
121.36757370897912,66.62678123976806,105.80697943382837,40.00867721143863,5.907842019754865,18.690645704283373,30.0,25,47,79.02718189269822,79.07013384554587,video,Visual
29.52534543064809,78.40735004288523,211.68630411686354,48.82246962816462,4.67401765402238,11.513141160148745,25.0,4,91,86.6719341956957,60.01394433444493,video,Leitura/Escrita
61.85039549543915,15.542099608888723,137.66749065661566,65.07064268406064,22.69306189562338,18.71456448661332,35.0,15,98,94.19979399725477,71.68678590874384,practical,Leitura/Escrita
72.86449500991719,41.42507499821785,110.86284380452561,39.9380405009792,39.29645494492996,19.44319088521392,48.85174402374211,10,78,65.35342411104943,87.93945803632172,audio,Cinestésico
108.53578350446168,14.129847495918085,44.66123443362744,17.657161477223514,4.25658282268037,23.66609421035443,27.0,16,15,73.34917337629014,100.0,audio,Visual
113.19326065076618,26.08610245605872,47.448090654230555,14.411697540138508,24.07689736837177,10.152079631320705,4.0,4,70,99.25412591803892,96.58318163955546,audio,Visual
48.98916482750033,21.637460331668503,0.0,42.26972316680792,45.35785330147768,7.457798078156204,19.153295797438126,5,46,74.20877777615492,85.54632200640681,audio,Cinestésico
53.10704013035815,64.79168012883123,111.51509159148046,35.945504347010264,0.0,12.53938088349005,17.0,9,66,86.16430748782207,86.67599578014313,video,Visual
62.58431649139124,32.0754064379648,150.8967868904388,52.5419051602322,27.985013379072203,7.2579812836232005,14.0,20,30,92.73868150170533,87.74914554913987,text,Leitura/Escrita
27.83582964043179,109.6270733869491,50.63879641284555,17.302532956966388,28.766058798421795,19.515985632379977,32.0,0,75,60.21886285612311,82.86278223081884,audio,Auditivo
0.0,52.08241779177036,61.11169027609677,39.11921350508631,27.184581947251772,5.70598959858871,6.259895769915902,29,7,78.10479277005933,98.04448971987125,text,Cinestésico
73.09679412473004,86.07277504209577,43.61482602081635,18.667516752990764,54.64352041167837,33.664131346021506,82.42617850981193,20,88,76.46747472205226,79.01554685823251,video,Cinestésico
87.11804523258586,10.411115537205518,83.3928743017122,28.47020018109483,38.12073693228296,25.367422892590007,66.84756614030668,9,60,78.29958787840435,93.43008083736132,audio,Cinestésico
0.0,107.24616589704388,109.37263908561343,51.7041621958047,21.03117925717205,15.100606156802513,21.0,16,43,67.4588752020894,88.7411408181786,audio,Auditivo
47.163962321876525,62.92881740801455,9.002980914163565,20.087486462847814,15.485546096750664,21.939155943983806,21.0,26,49,63.83080488087841,100.0,text,Visual
78.57462783015593,20.53242323945931,129.5904859701721,10.692834086269649,10.27172107417043,1.9055850855136676,21.0,2,34,80.60593548926765,59.8850867453818,text,Leitura/Escrita
121.72486409135095,103.21719567557163,60.31648798982991,14.211792121948344,19.624364906338087,35.18698665119646,14.0,27,75,74.02205002915797,89.2918956154771,practical,Auditivo
93.77912995813878,46.72289926052458,73.96880371883412,44.91448240031435,25.69758919704179,10.278283102396085,16.0,28,60,86.84984447600316,88.89980118980596,audio,Visual
38.15991176312596,56.4774947189064,86.06479005860018,33.82096706070314,16.758231389593586,14.036020688805124,44.0,1,84,93.17310819725607,75.56073505565108,audio,Auditivo
54.5131067668548,42.22932470006809,63.41291464295126,28.066839319668695,0.0,0.15253370249250686,27.0,28,89,88.96597846223177,65.17086958822087,text,Auditivo
101.24629257444555,25.617810971016283,66.37446013079767,22.363592920326457,52.01712090451103,18.890298437927157,48.46313877378002,16,54,83.60185210781844,79.94412866031817,practical,Cinestésico
40.62107462626394,128.15791310875287,62.514369135587636,37.28039861329785,21.902232218448937,6.149246743383129,20.0,3,65,64.9565973770041,80.33551596818242,audio,Auditivo
36.024239800492396,40.01365637914965,135.2719735273076,23.58781171065048,16.203755033231662,15.813246092528233,41.0,1,13,76.48931406347116,66.96998078185196,text,Leitura/Escrita
45.51769433453903,55.64260003062918,84.65659860446237,34.58498352963894,38.180599883599356,10.645804536603695,39.26508081891437,4,3,77.09926052412997,65.26719827106308,audio,Cinestésico
45.19388973543894,24.182012366648937,77.72042382080762,19.031181467805645,35.24638596482756,6.378048520557252,4.0,9,16,68.67560961923824,96.19306620195657,practical,Visual
86.57162407835668,24.402941075567224,25.516689761770103,16.53510922087419,0.0,8.565107985899063,17.0,0,68,80.77205652527951,95.11221832645913,video,Visual
108.74035375408681,61.63969618499884,56.749708987539606,20.437688477624825,40.69028824311682,16.80630427268417,34.34971951815136,27,23,82.20486108254288,81.90282909922422,text,Cinestésico
69.69237819348088,17.389684984019773,101.4534206118711,24.368888302740572,5.733507891896528,4.748072217049405,3.0,25,48,80.36290062565469,91.50834649684363,video,Auditivo
52.429394936211374,31.69572464189457,71.3193800593373,29.26755246099445,41.50946478312037,9.009506631811384,14.082727356988306,0,54,85.25134604557581,79.13615015648502,video,Cinestésico
51.24566193253368,40.68054822144464,93.08360143561984,33.53183692666671,26.883292569887487,20.306187050115824,37.09841887560647,26,70,65.95408786286926,79.45648725599797,text,Cinestésico
13.104275739100288,71.35050879465453,131.8279130114672,0.0,26.3572652644055,35.819838998994506,36.0,25,22,84.32828704092198,70.8297197125921,text,Auditivo
115.52806000964978,36.41813429967687,106.35121242230858,17.88524163379853,15.007523855053448,18.82071055642404,39.0,3,80,68.04354549879804,69.4571383210887,video,Visual
57.66488408961594,78.44675322844732,73.26054181949098,24.12645033965941,1.2675988818084818,7.6619068625817,39.0,6,11,65.59064047357114,98.54662133859586,audio,Auditivo
54.585602592281234,53.85711511635623,52.11537904314955,52.57593057912495,21.598170871750266,12.063086639421511,82.71971379525873,13,10,80.32116134186381,91.31299050249746,text,Cinestésico
155.7932270353458,54.6927509091866,0.0,16.62022021596527,24.06847635139783,15.252712049220627,8.0,13,74,99.55553043332581,66.07487432861521,video,Leitura/Escrita
68.96258725097059,20.283923826643466,64.10652771345016,32.441949271498686,50.13353897728957,12.20460039491434,27.506750825160985,17,97,79.8801348637601,81.55751907831281,text,Cinestésico
37.44626849714447,34.316898041424054,72.86591155616067,70.42033500210799,8.281686995274748,22.224465333895463,8.0,1,28,84.81622324046914,78.99953688896333,practical,Leitura/Escrita
47.2092721138337,63.89525723753876,118.13240246784366,12.73721229415337,30.270604268730175,16.739787864113797,22.0,0,61,87.33453439950713,77.26007526836956,audio,Leitura/Escrita
151.0792098810355,57.892943751477446,64.61331705588593,35.90962838796604,13.521277103534786,22.262819079278962,30.0,20,52,76.3642691806728,83.39240288162091,video,Visual
102.67458424455424,12.54281097037872,58.7865229197122,17.965922490982194,23.624498815945266,12.484449677618965,31.0,21,47,63.740491038646056,88.5369726225344,practical,Visual
16.851660650478998,58.93748668524993,7.721037432247279,22.430493865661482,14.901060471343673,25.604001757770053,30.0,15,99,62.57379855055085,88.18175525471474,text,Auditivo
87.5768680372561,0.4354950125037931,51.34736545874014,25.918497338281586,21.821706277121017,13.668115325747634,16.0,28,90,78.08123338164974,84.02391169028205,text,Leitura/Escrita
39.95567743383018,66.66549872375536,86.68278642801951,19.02214037376171,28.918776345702746,7.230481046896067,47.0,21,85,75.79856835769304,78.79481625620807,text,Auditivo
116.19893328652637,77.95534033491954,217.94075809288123,111.81687564012412,7.729859227114641,32.418563048337774,38.0,17,65,82.01417960283796,78.4277328310888,audio,Leitura/Escrita
154.09474755219367,21.042145654620274,66.58661156890318,42.666838081074985,13.200941032531686,0.4001780243110655,21.0,15,99,81.76101613649914,100.0,video,Visual
46.580343130237466,23.31353909016836,81.47338757509432,46.52606792679313,32.49502809821532,9.09009019756058,71.02611076488137,27,47,72.8452328383566,84.63444938116062,video,Cinestésico
98.4304908520534,87.58671176078705,103.33673549334819,37.37990230254744,44.01583661030352,9.983777185356843,29.0,27,93,80.62979181904856,80.72689463035434,video,Auditivo
62.0356653158221,16.42313257535392,41.61871223299126,5.906148173970628,11.368102878331719,35.066450184452506,39.0,22,58,73.55413232673553,79.64098702399892,text,Auditivo
85.58321025366658,27.34489940229922,125.89957388773054,44.052583259004585,40.40133885996919,29.454871073172093,36.0,21,70,100.0,83.45270509612288,practical,Leitura/Escrita
74.54198451883424,51.92882275163505,55.51824473365736,61.06066348711054,40.044233036751706,26.95142514913758,25.0,23,56,80.99165967371563,75.31651311440551,text,Leitura/Escrita
55.979862791351955,27.314283046211937,100.2688553471854,17.19900788941333,19.02688849298409,12.354730700989347,5.0,5,75,98.40722611525678,97.43592418517171,video,Visual
40.69350503047614,35.28060025578057,98.89010912511455,75.39036459350187,17.018474738000997,34.4094240307342,33.0,24,2,85.23394259410763,69.24141438162133,audio,Leitura/Escrita
162.94863153255042,54.883714206300695,80.4458134893504,40.56504314781118,13.079348013353084,17.94681603072777,31.0,9,80,72.86322829411785,84.32392819146925,audio,Visual
80.9043828969807,48.43092167073122,42.60904909034939,57.780600672205054,19.31797469667331,22.818106962424977,24.0,1,31,66.00552023740326,92.85123607569916,practical,Visual
47.890546102740096,45.336367925908036,94.74613258637747,23.73325481229572,10.576075444227897,16.437563048849654,26.823560145633465,6,7,60.57111425942306,68.67117186645727,video,Cinestésico
31.346322619519412,44.90833893285091,142.96495224308558,13.535835265864097,19.237609826794024,14.604267429413987,37.0,20,86,65.08557715603843,64.26991457350499,video,Auditivo
72.70797196780383,47.40122230537911,34.72309066001279,24.575578359411814,59.93699446143835,12.985770608588966,57.71904120593507,16,29,66.2039369083601,80.6307767542924,practical,Cinestésico
121.87574757729435,45.4538673561155,58.10843473233667,51.533564897454355,13.889149375232822,13.322880052646703,1.0,2,14,78.94820020412176,63.03541845553529,video,Auditivo
41.858240882285365,49.15611219851569,78.10626159588321,2.5739117873705553,17.592756960109494,19.86793318942463,4.0,19,73,69.73834628939812,73.431107400834,audio,Visual
60.72658370018274,30.061359497640435,97.52421741985358,0.0,3.8738716167011003,17.937598390203103,18.77354614860206,11,54,76.86927052554498,87.56594118506432,practical,Cinestésico
102.36661666246287,49.87500135575317,50.41588001486859,31.3409291839742,23.740620881310434,14.748229038370528,10.0,1,37,87.81978362376685,77.95214742394265,text,Auditivo
57.61075826262854,20.20084414895972,0.0,23.361160608387657,29.041195355949693,27.076191941590835,55.54410948624741,6,14,74.12191648365146,92.85486949708985,text,Cinestésico
130.7054507579202,39.29984779987528,117.57163229574087,30.11591839763527,20.63702359765771,0.0,13.0,16,29,95.79156698466804,72.81196286369737,video,Visual
28.128194155593608,23.779982727423103,96.617714185445,44.17967656853798,28.86206923934056,19.07909798336956,108.58542442536645,18,45,63.241890196608026,79.06047634367715,video,Cinestésico
72.84921291622946,29.94457537890829,8.996836432966724,21.711459808217214,17.072420812275453,20.741909653271833,29.0,11,63,73.49416451625072,83.9958455320776,audio,Auditivo
70.87174492415923,45.17322295710776,48.735092287715545,1.9049125360406904,25.019002337006718,24.175702946041355,39.0,8,25,69.60687076389021,77.61123590701365,audio,Visual
89.5718998703959,44.254795517153205,177.81792021576555,92.18332110591004,19.711833984113767,14.481028471573111,46.0,26,77,96.82665646227838,90.31761904499625,audio,Leitura/Escrita
95.62158154694254,55.65747469897145,157.297494462728,19.14858664516763,23.149718715553323,16.66336053907166,43.0,13,66,59.35429815318131,85.1067888316604,practical,Leitura/Escrita
137.68690926055842,31.37748860849802,133.1853739647333,18.974790904824566,22.14982817454548,22.88758706651777,34.0,1,35,69.11617567886684,63.907129133125665,audio,Leitura/Escrita
77.38899519640727,48.161056936735115,63.83606481140481,46.55580020583895,55.08718559052859,26.929331234241438,35.71874577820803,20,89,73.92653177549037,79.622582037914,practical,Cinestésico
115.9815356291508,51.01595144547326,72.90455965843785,24.23266318437723,26.769940973750543,12.595712118569855,4.0,3,77,90.51377721009493,89.47364472049162,video,Visual
65.83152904732007,75.58218159778335,65.41759682058557,29.04915221947784,21.928618431501906,17.13580626502048,37.0,27,30,77.25841834037307,74.09943326471942,audio,Auditivo
49.40501121567935,23.48692634395716,142.59713733541255,45.189359602312926,35.184220306521794,28.42859171479006,1.0,18,77,68.07089777503478,65.20135094491187,text,Leitura/Escrita
70.15451530385073,42.98726964542378,62.55516944035622,80.41176039222692,24.202685290565615,0.0,39.0,20,39,69.07570494551729,82.7845878944741,video,Leitura/Escrita
51.137957695829115,47.28280592109323,67.087525483915,37.81953460596235,33.04962688790419,9.479899201483319,36.0,15,73,100.0,100.0,audio,Leitura/Escrita
104.00365151038237,40.14356933815884,105.35961053926056,52.79928008871449,26.06942608386638,26.726687828823707,48.0,21,72,68.78865201203759,81.80327514313282,audio,Visual
99.5279260682388,0.0,68.44734905709534,0.0,1.5808092106845706,23.740302668866427,33.0,16,45,65.57036627550237,95.69241181284708,audio,Auditivo
53.46220143674894,43.2097924794696,118.24635744088329,41.39680855429616,33.048347633193295,19.179561687413553,10.0,1,41,89.7737256063086,81.29257880055852,audio,Visual
117.56707520556088,84.25062078794484,46.497072755680904,17.40708662973514,21.35176241342669,11.41122501512704,35.0,16,17,85.11097005586991,91.78564024367493,video,Visual
142.10248602729484,32.79921462486035,68.08275738814112,50.58406974911987,19.480452290992222,7.945452008116645,10.0,18,99,87.74059643266796,97.30182479798121,text,Visual
56.45794419026764,25.43845804289358,64.79377408799719,42.774093945791854,22.81348347489577,10.270275046061009,8.0,7,35,72.9452209590516,79.91586334028635,video,Leitura/Escrita
0.0,47.466971194227966,108.92577501768108,26.47041032175685,16.550168380429326,27.38406576654954,5.0,23,75,65.07671584218728,77.02264351118768,practical,Leitura/Escrita
61.00678801085596,46.247564209331436,18.25085720504204,39.942616395324485,22.270288603889455,9.97245848675723,33.0,19,49,76.33166489362705,99.76348669695084,audio,Visual
98.90983639683327,63.85470330832829,89.78041215488565,57.38340907059231,14.081239336569077,15.811383713917262,46.0,5,60,83.97858396208463,98.91455115269221,text,Leitura/Escrita
59.31395813103354,14.842636881822244,19.73111472751588,39.62841184287957,45.626949362801405,8.970338841106031,56.166599543026294,11,39,78.64601803704832,83.00586924639131,audio,Cinestésico
30.020933031152676,54.62760505149985,94.28731316169404,14.554556405504094,33.1170422253375,21.742192240792214,59.57772991832186,24,2,89.78183935639002,74.83939823469653,practical,Cinestésico
44.856752363153475,51.80844122502927,95.08062689158781,22.73974314566873,23.212158736883964,10.69018975722847,23.830253585239834,29,81,57.662329099917514,78.10248442740317,video,Cinestésico
85.2186007951366,37.15706926118908,13.37783648508644,42.22999194041454,10.750741842807262,14.219248878764686,44.0,22,6,93.52583767523329,100.0,text,Leitura/Escrita
76.40200704604138,46.7737463584338,116.68600109252006,29.381105210249093,29.278960648549166,1.5329429356573954,58.84336990324675,17,30,64.03374955852682,81.34907116338128,text,Cinestésico
52.83203702490917,60.589149631967146,157.40952942469488,41.24618213157522,28.945259141199553,2.093054110360482,36.82439406586494,26,64,83.55735320860842,74.05586301422028,audio,Cinestésico
48.99526764555937,57.44630760056901,71.61022353577194,0.0,32.300341414047494,15.061385546572051,4.871097176179699,1,94,70.25043295478622,68.5493208351746,audio,Cinestésico
48.24725552868534,17.139613758525428,68.79413374169738,43.69588545853793,9.727481124948712,4.398742758417905,41.0,18,63,74.41002109395465,61.74098905887394,video,Leitura/Escrita
32.32769446504493,56.403163735109686,253.98738163313365,38.377979151275674,3.9881880118842687,31.840693114676018,32.0,23,76,72.8110772740607,83.6358427384619,text,Leitura/Escrita
108.46127068408325,55.99489383522416,23.836102559412126,17.422490754240716,26.2559130250656,0.0,42.0,9,92,60.54389799223438,86.54641992824503,audio,Auditivo
50.330385923659804,41.45748196031031,85.48221762623226,24.05249703890596,34.84641861876508,8.598597610687168,47.0,24,2,80.95795270550687,76.03303820034793,text,Leitura/Escrita
96.51475562476489,41.46393982003389,126.22238740869358,44.0392681181397,9.736463776101038,15.133606938140403,42.0,28,92,76.3765692167084,79.85029581969046,audio,Leitura/Escrita
105.63948155767355,62.84028708741916,117.08016671583451,0.0,35.89441283561698,12.078936497633723,8.0,29,34,82.86298230900279,68.29538290711376,audio,Auditivo
89.94932694443881,84.04374761584515,82.59086412943759,19.48065643812675,22.83911058736381,6.1668363466886476,33.0,2,14,81.40056081032917,81.329284648275,practical,Auditivo
47.05139061845855,50.87698688578393,52.5478136474042,16.8627776303056,19.929370954491702,7.336577284037856,38.0,24,20,91.88157052902791,84.81495320567124,text,Auditivo
127.35698727518093,17.609077432336626,36.708547036421535,37.991748139839366,16.02451303454222,7.074767380006092,29.0,27,61,78.66327483541077,81.12497582288627,text,Visual
59.274131808272514,54.117074592478424,58.03623629138526,17.917099762342193,6.154819805750034,12.706226441439497,49.0,11,82,80.20677767080073,96.9045266958584,practical,Auditivo
32.88894417809615,43.57389433620951,34.75754236691996,26.773292997442653,37.67909572022689,30.615432716139388,44.62148135582288,25,27,89.00099811827813,71.62893673253089,practical,Cinestésico
69.73077845164809,64.58429568594102,123.38878251714138,85.58115847387859,12.243936385623968,15.623498372465678,38.0,15,3,73.54670695397267,82.83476604018982,text,Leitura/Escrita
39.835464153538126,52.061893698976675,50.25313370488297,44.91527279723135,12.201933242623998,24.46320391510019,22.0,11,12,60.117417871769675,96.52630264640042,video,Visual
95.63038165384691,22.98929442505912,17.708677234858726,43.53407099915179,51.94361738963516,19.055810766625132,96.04337696842725,7,78,77.00094059128394,79.22710499850618,practical,Cinestésico
46.06148108104821,89.70379833357782,181.49608654955253,28.434684870732294,1.1701655332827343,23.910899183857765,43.0,4,50,69.28541967052871,78.11523181105508,practical,Leitura/Escrita
66.03478967618518,45.29550621955959,92.35349960751081,58.43316265762795,4.764021893318333,0.0,34.0,10,47,100.0,65.71133849550338,practical,Leitura/Escrita
68.49863614638426,103.81643532386151,25.61521182586406,26.491532993196092,19.81865756491918,12.564335830814164,22.0,9,38,89.55498292078943,93.57341495716284,audio,Auditivo
52.23285078887768,36.96571132845542,104.63284625906628,42.61170529532074,22.93284429004852,25.45708338520571,47.0,2,95,100.0,78.30106798332405,audio,Leitura/Escrita
77.60081404425824,50.667184894108985,126.32994420054399,43.524250714097626,24.84734647968924,10.42611341800533,38.0,26,66,80.41852442353596,85.37365424934825,video,Leitura/Escrita
45.75289030132427,56.789370090368095,8.873664604733825,21.045096173686012,30.076386057495796,29.099785318956897,47.58044915717752,22,93,80.50573593701598,86.72720487860141,text,Cinestésico
86.13891892371733,107.83563830646555,81.60766834940169,52.39504656664805,45.3036966864169,26.871121230142094,36.0,8,57,70.40524568047356,73.71701507982247,video,Auditivo
19.620609592597546,90.48370434456106,33.34948509584074,27.598047906030942,17.721074412341657,11.2469542709803,22.0,11,83,83.82924805586752,78.02471395708785,audio,Auditivo
63.79138738639236,71.6247298046449,129.88600832167756,39.27540849389497,17.69213847897278,10.974691847629146,38.0,5,1,62.84456787948943,93.34482350743504,video,Auditivo
118.16786997174854,56.52999466898353,88.33861792268571,51.834007188859474,12.030133311861224,6.89115326116425,27.0,18,24,50.0,68.82802334259554,video,Auditivo
29.99006026183276,35.390766895950044,56.00350034617392,45.474806618627625,21.23906816521071,9.963246145089618,18.0,15,10,67.09289380511433,100.0,audio,Auditivo
39.667650884254456,46.65215020648395,75.51059067381,14.996930526126345,26.149612320467746,5.139287486648678,48.0,20,0,65.19250312257898,72.55127214723726,video,Leitura/Escrita
134.34663171174583,58.662561446821385,66.32613023527315,36.67343842514826,32.0357805453346,18.430489443464044,47.0,22,47,89.77926736159536,76.20679161745078,video,Visual
97.52408163788958,35.54558598446786,91.44767595541514,42.760790916909706,5.1071573555978205,3.3516280532285325,29.0,23,47,93.15677455080316,87.07937277714146,practical,Visual
70.51890297820678,61.30343931428773,108.33181031667502,64.09938719192667,17.540046616442993,19.829864129521773,20.0,28,9,65.58047764335134,100.0,text,Leitura/Escrita
74.67561390442991,69.05233490972358,88.76750187771361,19.990318117684367,24.467036108091442,20.02462957520199,23.0,13,80,99.69527654755737,60.89034064407795,video,Leitura/Escrita
79.0416440568531,21.673581618531607,101.51195992748698,32.6678230967402,25.870575345945355,1.7103647585286197,20.0,27,29,88.89851493335675,78.58984281510308,text,Leitura/Escrita
115.57454319289232,23.261585924074403,48.86493740670659,44.91837353612432,20.06548657804539,27.398548850626717,25.0,3,34,59.30223315281124,95.14288181779828,text,Visual
72.29455970785537,37.192498821893274,57.98779256049368,18.573594439760313,38.594368457771736,19.108874355321774,98.9630928342316,17,18,71.09732469068382,80.33649958535531,practical,Cinestésico
52.762270361443726,56.40485983348815,0.0,25.504559150035284,11.910361070741995,20.99758417155895,35.0,9,52,69.1983627787548,83.8192167000301,audio,Auditivo
112.35996752822837,29.508659724658983,104.08041807983287,53.638137142529544,35.57905432318357,8.93067838765782,25.0,17,33,82.479953986272,83.33091704739509,practical,Visual
116.99645804685647,67.04405357734288,80.45792231126167,29.283011244228152,43.70037266443306,19.97903294778495,79.95550688361601,11,31,62.71220649094986,74.00278154068619,audio,Cinestésico
56.020987608522795,48.48133723036902,74.2106101376269,28.25490217149764,6.5507221293482765,24.011147597776525,35.0,18,75,81.45236204381554,78.515773528408,video,Leitura/Escrita
30.764120859880755,58.41779422836084,136.45572434743337,16.83573964705642,9.248969518832444,14.211132807962581,3.0,7,80,68.14065496050382,68.70111912097249,audio,Auditivo
93.21242007860918,11.281809522629448,73.04557681373353,34.99078994377782,16.996133013002957,31.01537967398689,12.474411465698664,0,5,79.73341183385143,79.5531359855981,video,Cinestésico
56.38856508139205,13.683683671449856,33.73497498086811,10.002779872841867,43.42240327497384,15.352517079303501,14.336332519869806,13,12,72.83207968312071,76.11254706328499,video,Cinestésico
0.0,45.620185005636124,172.8929226943155,33.74810907339873,7.152722335825327,24.126286403619794,1.0,22,85,74.01501231365643,75.29954814845131,audio,Leitura/Escrita
108.17817733167358,0.0,83.93168757782419,34.99845802485033,16.689756657919194,17.34407045806924,28.0,5,74,72.86703424367921,93.00927522098904,video,Visual
43.94015442138232,60.252748192881434,143.91548738960097,78.74484403210349,24.547043964167745,19.684172262854943,22.0,13,63,100.0,61.79340506800696,text,Leitura/Escrita
57.28400153087517,51.79354501214353,55.09855383719433,40.01322120554994,19.338340654535653,1.6293418589218227,5.0,1,6,70.83100363880611,77.70909896616847,audio,Auditivo
69.95940991707043,104.86185939189467,85.76735033223122,19.28902323026732,28.920746347209576,17.968429905722907,94.18531318046458,8,44,64.58994781716213,100.0,text,Cinestésico
65.71499039337199,153.94450619938863,60.83845984226169,47.6762897634558,9.341972886512417,9.120199189941872,35.0,28,44,80.83433569155966,69.13890313674375,practical,Auditivo
81.28355451417119,51.329249959217286,89.45795080760448,25.50727443678784,25.948543733972446,8.228813553778497,45.0,11,84,73.56475330577044,92.85500496484414,audio,Auditivo
46.935408882904696,50.29040677526539,3.3269441096276466,11.464454669258867,13.867881075240035,28.952825475727828,20.0,4,64,60.84766069133528,80.54656120912699,text,Auditivo
75.39317394528248,95.39308902967247,54.81442879572838,27.419379611017913,16.75380325602059,13.289838015501209,21.0,1,93,97.31496335202466,73.97042191118582,audio,Auditivo
52.21359967248249,74.06345219836075,208.5292314105403,77.63150473964149,22.37731727905986,6.973585352196027,8.0,18,18,80.08611499283292,66.79358340470193,text,Leitura/Escrita
107.57475858690914,7.239418851279666,43.152639060989486,32.478600750973875,21.03078221530848,12.126946975129002,33.0,6,46,71.22130546038649,87.46896651324676,video,Visual
78.4610245203916,4.272490692906267,69.41045096141568,37.919352666076634,20.23980019015593,4.59639816862469,25.0,6,45,86.70901539525295,94.53397105814676,text,Leitura/Escrita
31.93683893866214,37.16248666647683,54.32135315425087,54.5581746705428,12.493731780232444,26.47107574557016,0.0,9,28,92.3011676920884,76.10788854803236,video,Auditivo
92.57946348525097,89.42199140598937,27.481785243897484,8.529677294183593,17.00450588800808,9.43455404666788,35.0,16,98,58.20254673481004,79.19038575263227,video,Auditivo
43.92109664657856,49.93747181015194,0.0,16.95562575622162,20.02183590837036,19.234399471549352,43.0,25,83,85.06901093485183,90.10370850190333,text,Leitura/Escrita
84.24173394843436,61.395429099677,61.92947605167355,5.7623029354975195,10.76790269401996,25.8488537136826,8.36206519154737,13,99,95.87272161793628,83.4087079134628,text,Cinestésico
71.01861940204022,16.006049432693835,74.755079842858,35.58972279720083,23.073476242636122,10.998778550282164,98.08076961622781,26,60,76.28728680739648,64.27724220275421,practical,Cinestésico
115.14551030385368,0.0,113.75343627999868,55.043424817426434,23.876798790328465,19.256179458182288,21.0,10,64,65.94957578931637,80.98887215855184,text,Leitura/Escrita
53.29602052884444,57.160283906042906,64.92925033182397,53.141045509196644,11.764902910383892,6.75931156076456,6.60128831837471,27,22,68.81603147039347,95.12234910665599,video,Cinestésico
49.520496116454076,39.628241003969585,71.50643047976357,33.652126157051555,31.565816515942398,34.566156552909476,47.0,19,94,77.06882529756791,79.63058813532501,practical,Auditivo
91.94945276621348,0.0,105.79945150427675,23.93764260781046,32.69613262599843,22.491041076932976,1.0,5,50,88.30803915639862,59.443940057355285,text,Visual
50.90460651497174,42.901274919187635,76.71153712216227,49.073946381365474,7.548494240399144,13.459148489913552,15.0,7,62,80.72390351043397,83.88214991591073,text,Leitura/Escrita
83.9982570582615,55.86351376437355,49.907109801945566,31.76561127691437,60.31128588987046,8.817330152888289,28.963723390182903,18,98,83.26651797432432,78.01543560455964,practical,Cinestésico
11.510681746902364,37.55885735757445,105.91363851665811,8.591249878675548,18.564184112878657,14.08802757728299,21.0,29,21,68.61867613289478,61.70905586078783,text,Leitura/Escrita
28.389527425609376,30.843032276350215,126.13745043392602,95.4214359525891,24.18514559157055,12.280130221187846,42.0,18,70,66.69395065007129,63.20791909946216,text,Leitura/Escrita
49.03992613301022,36.81275535708187,119.42094074901374,37.79806527152867,15.033489478717534,30.623556431996054,0.0,23,32,70.1719931131505,99.24021883339176,audio,Visual
88.50922775920728,40.2414821453905,48.01496912907876,33.150124620338836,29.23044827226762,5.195722222280782,14.0,23,99,89.38028721873262,72.6761725440492,practical,Auditivo
111.31840117745776,20.67311575968188,73.46268254601092,39.227459764178704,24.060940188486672,16.078411386321626,23.0,23,43,75.6887463951377,70.92503619264008,text,Auditivo
56.866523443875856,25.706386460191364,124.02637639900719,53.193753343690695,11.858467434023964,14.85329546693032,3.0,16,6,83.97888329660522,79.64361439068331,text,Leitura/Escrita
54.93534830429968,50.42559810027629,35.259769764491196,27.891697717463526,11.03898083708583,14.060717597241045,32.843812501057116,23,90,77.78079595573527,73.55797001680061,video,Cinestésico
62.10156489339544,46.433570827530005,102.81931125136124,26.1820822324793,5.396975647907773,14.13106676049326,16.0,23,1,96.20330946433498,81.00048627777745,audio,Leitura/Escrita
94.85634907824571,43.361196119336405,25.87738702430413,68.58705375067935,21.879417764327563,14.071433519036132,6.0,17,16,73.91553712348816,77.97279970563329,text,Leitura/Escrita
32.17940597428277,20.09703036293241,8.083239369121046,35.78566260797179,40.81884184580367,21.984528530656796,89.11753381697746,11,64,81.88285108488232,68.00004419906357,audio,Cinestésico
105.86556407360054,36.36993675728666,82.836124276229,17.85164851365888,26.509656787794412,19.87187557193948,44.0,8,57,66.6911733614487,85.49240209313751,audio,Visual
89.25592889347288,0.0,88.54243908228747,74.31549928137974,18.82018905392622,18.351292890982293,9.0,22,29,100.0,84.42753321309104,audio,Leitura/Escrita
75.03282509819536,63.84641561223225,77.07981426674267,34.40028054484475,8.43003544335636,0.0,0.0,23,85,66.9960889570331,80.41918040238626,practical,Auditivo
65.68744849796231,108.42611974292451,69.37367580470774,40.94729043401446,13.17925201976217,17.39835899330531,1.0,15,91,66.17610696921379,79.18057517608169,audio,Auditivo
90.03138277701424,16.71268375411514,35.82599829676709,50.878813315198784,31.523486389619258,1.75488511863934,48.0,17,96,80.49669813488049,99.37384241179385,text,Auditivo
0.0,39.623998335090484,68.41609943124823,30.328332317472523,15.153714353999186,20.170561305086604,21.0,15,25,75.79788431432324,87.31037525385536,practical,Auditivo
131.14320315295564,46.58213557420259,26.84145432448007,34.75428010476173,21.434176306814763,26.79597894056412,31.0,15,34,78.26852406260934,99.06032930545803,text,Visual
40.37772950617729,65.05685268854967,118.68403253004902,42.15040857759175,12.76470401910973,7.590087099291593,62.389328427462175,3,62,77.27313795492319,78.34031592205075,audio,Cinestésico
5.081013094306293,37.81630691363488,22.541037929901265,19.12708374299922,23.36583045459035,12.905754221258345,34.0,22,74,64.09607801192561,82.20145190351275,practical,Auditivo
122.03514754894532,26.154993414682075,63.14751551609965,30.810774942690013,15.423154383209223,10.205154359576024,16.0,21,70,91.13358929079484,84.99996574718669,practical,Visual
101.20975635488873,0.6215371516783392,54.81132654504048,44.05094511793021,30.467127137757636,24.883454206054406,11.0,6,27,94.39028402546823,87.77549765524128,audio,Leitura/Escrita
55.87654456116925,42.06876258616213,89.96474106762784,15.659121724749083,38.53731920834706,15.760223082176584,38.257781578626805,0,24,88.58949951267115,78.89600095900957,text,Cinestésico
88.58623641608817,80.84152080287488,58.399902005147396,64.76455183010818,19.953409487117252,28.82663504453067,65.21517404798793,23,60,69.71669110889576,82.22377748930556,video,Cinestésico
108.36834773965936,67.87678241710813,51.84666481325765,8.890598347613963,18.733359726523368,18.310033623579102,43.0,28,30,79.16523544715172,81.60611302155168,audio,Auditivo
99.44743360752142,63.20219164827432,99.86205407680441,10.528441444692632,14.488837599593712,16.939601445086556,29.0,22,53,76.97368462234691,79.81833118594545,audio,Auditivo
109.19893588114178,46.44164621533971,71.03007070871432,49.71339863555369,9.152190201505176,15.54565426082269,33.458408111649184,28,66,86.28002626201507,100.0,practical,Cinestésico
82.26382473215676,57.5594976044898,88.08255560775885,40.69899376194814,11.425575704527834,21.543936794058695,41.0,19,96,86.60248131829619,73.33380722505278,audio,Auditivo
92.54631272013684,23.739712554797403,35.65359222188873,14.610527737788333,21.9821732772082,1.0985104140372535,6.0,0,50,76.93050802958115,79.73705481486446,video,Visual
11.941025643084949,82.05052121388111,20.831406962537258,39.109335226525396,23.25259498229582,15.68275164416408,41.0,7,57,59.82048868156748,86.94096746811756,video,Auditivo
83.58412511635491,44.51523046223509,73.75227867140468,52.01775667495964,21.48547903592639,14.439628450176281,49.0,25,33,92.7966188708769,82.98283695713823,practical,Visual
44.09718285523096,40.352265038673146,58.840377557684405,29.546054136045214,16.982669460413643,20.80335061726213,37.0,22,58,80.55987433690139,81.33967810131116,audio,Visual
125.12828152493441,20.492679454435002,132.566643934427,115.80351125333031,29.330666057209854,13.498387153007705,6.0,7,20,77.0938434622544,69.13589046644381,practical,Leitura/Escrita
67.58285050475851,66.07015863869518,67.20320415681076,4.139072836979469,20.635419045609375,6.690124526698639,48.0,9,55,79.06542138266695,91.49486973603607,video,Visual
63.69614420353457,53.2940549066622,77.17763687321205,40.407351807886535,41.39919971887904,15.058805399357594,52.31459810195709,0,36,59.889064515474765,85.04257244484151,audio,Cinestésico
98.85108810829111,28.94158325265396,13.18161145205648,47.49792504331505,2.2622486779748137,6.337275769053253,11.0,20,63,85.55353067471044,83.15243393907912,text,Visual
61.308073391173615,60.03649707363874,136.09529288649898,43.370158524078704,0.0,0.0,98.78841793762317,24,18,60.28788255720847,87.14816688480073,video,Cinestésico
110.8515312129226,30.048583232295854,64.25153052387888,26.934664100315274,39.82331084228498,20.816979851883943,46.3452412499272,20,84,72.79165507962918,61.418749862664086,text,Cinestésico
60.78349334196824,24.35993014977926,94.41554396187196,25.64337776983276,5.752343462785106,19.632492581557365,17.0,28,77,77.4445444960555,83.83460696494006,video,Visual
65.83822365711728,31.523473305355132,40.73679154231307,36.66217756630886,17.87548297286944,18.736727551948597,45.0,13,73,85.38839711982094,78.30020813789069,audio,Auditivo
62.6100570077403,4.578628938238175,80.78034657760693,42.23631729978104,16.979029589753942,25.42342737556649,42.0,13,52,76.06544676434375,77.96723226057212,practical,Visual
31.312097578549196,49.43084760836412,24.400433276633912,39.03710154423545,35.87400602415537,9.679744877568599,1.0,9,70,81.3496287361255,66.2455746769915,audio,Visual
41.64692727284144,3.3771024332329986,85.82237433908848,45.60086836190084,41.357515695147185,3.5510868578299597,65.20928519370511,27,92,74.71833091550447,76.92104034961552,practical,Cinestésico
58.88889608854764,24.351259689119377,57.54090704649585,14.716950643998972,21.658590267986728,14.439761785535644,10.0,18,62,74.67814049055717,86.94020087060741,video,Auditivo
47.120933264482204,0.0,71.02166763774486,26.58343531314548,28.369911546336738,12.219997602352716,33.0,24,61,75.85477250348298,92.82108391426512,practical,Auditivo
39.22737060378432,60.956332162120816,94.42909105455341,15.899761018143689,23.68497586839039,8.26163426583945,15.0,28,71,73.10942079147625,74.52712116794628,text,Auditivo
17.810476089844983,36.99359079456256,26.86108910729019,24.208308358707875,21.183791642450515,14.361206772097633,76.01635652859598,15,76,58.13429756918565,87.33215837621594,practical,Cinestésico
57.506832821139156,33.46607573627272,71.75416960364964,54.296082312811215,30.7147593025456,10.107158830363321,32.0,8,18,72.42110994109402,86.36542038075667,practical,Leitura/Escrita
14.858388779069934,28.010525300894056,86.00634983803678,31.619758810878434,8.902498721117258,0.31195773314535025,20.0,19,74,77.44774841111699,92.18608174334497,video,Auditivo
109.7288992567336,16.5553249312672,143.43775160913614,69.10288744724654,23.232471875335623,11.470586473649917,19.0,15,1,72.50878996511281,84.5582904836701,practical,Visual
62.4731925880351,68.7088384577494,65.16711828684814,32.90109550784575,4.524302058636888,5.908998666369142,7.0,19,5,73.44190917818094,62.01499504815326,audio,Auditivo
16.273455016052083,50.621963024100104,90.68976412733764,30.895378208696044,22.03943857515995,16.853184572887383,25.0,26,28,71.76646330561285,80.70185852422745,audio,Auditivo
50.7237276885041,70.41884819538429,66.2559985549532,31.592743791603244,21.929896417729296,9.75172193407476,32.0,7,40,66.36401607268182,69.86206259030277,text,Auditivo
37.435307832282504,22.29502627751555,185.37328592016968,26.039492184088303,36.76454961914663,23.893051793128414,25.0,6,50,80.14334863642652,72.76494890937992,practical,Leitura/Escrita
117.78512581533765,43.62125485542165,8.847241656216056,29.132450814336092,4.350261065582206,27.830928538142928,36.0,10,4,71.93168255611405,85.38408197672004,audio,Visual
167.20809439462292,66.06556074632127,73.31173656342753,46.91682040667469,13.991128241461874,20.43505098409525,29.0,20,40,75.0514314054185,81.95865027863408,text,Visual
6.283114561528896,51.723316007855665,13.105958825327868,31.709560021916584,28.22682426574144,2.59179054413344,30.0,5,61,78.93378344469713,85.67394949949616,video,Visual
63.450782374422516,41.10277081124564,0.0,18.09810405174793,23.35317256397308,27.041567991032316,32.0,14,29,73.19449709114261,87.03156316419617,audio,Auditivo
55.19601613300079,81.07735844148411,80.41117185912358,16.123730692820473,21.80305051337503,27.60576360299012,10.0,18,61,64.7034474430758,76.32264416724034,audio,Auditivo
80.14020229351397,35.18669650939574,99.78245926201525,33.59684102116348,10.438642970414607,15.150324090463526,40.0,13,99,64.82664213129291,83.95697506608005,text,Leitura/Escrita
66.39589884713067,66.30741198992568,60.030707179022954,31.107951516163205,14.091816519085707,25.583409282684258,4.0,14,26,100.0,80.14816009930506,audio,Auditivo
37.44092004783543,33.48777895702993,66.28320684860864,47.90379803214393,38.97016268754062,10.586598895626576,1.671121622254622,5,49,63.70184969735437,89.35494395878445,text,Cinestésico
50.42838193000146,36.71329588229218,178.44048019249402,9.89267037950345,24.384078650676003,0.0700325212032844,25.76464865887175,28,81,69.81374998735618,78.11408148893683,text,Cinestésico
36.11922429589533,44.241867061483504,60.963870168899795,25.202605831668656,30.883175612748847,8.91772449102725,25.610603153960213,23,51,80.17000302513935,79.21073324225445,practical,Cinestésico
92.28021415795794,20.132826008360986,87.85435264375262,32.164650291526186,33.831165069574084,28.83440692835805,55.17901552170677,9,48,78.60860609565681,76.25599552001093,video,Cinestésico
60.639349460158265,19.682423460200432,76.1554149627369,4.044908062297251,8.169144847502348,3.0713606111082115,24.0,13,61,90.58352330068608,78.37751460041504,practical,Leitura/Escrita
117.03572057259022,14.990222145389776,80.33314012642111,17.496025755503904,29.338104260749965,14.996170255451956,43.0,15,99,70.57282930467825,72.16511871654126,audio,Auditivo
58.18017558556138,7.994577909925802,81.89144032455887,33.38529746745589,25.032323845324964,15.273151146721698,13.0,12,59,82.95551975966599,71.17402713856487,video,Leitura/Escrita
38.74779699268612,15.654346155590414,91.00686578116792,25.461491771220697,43.05636837367189,10.896206048257506,4.0,10,79,85.05676698353314,87.75765385282725,text,Leitura/Escrita
18.298952249523786,43.189250136082585,133.66144862701137,32.87834317532471,9.84418620349455,11.451827201303079,41.0,24,53,71.87868632458712,77.54137043274343,video,Visual
5.905809712321648,22.14424969016232,111.20147371145185,27.591605857473038,39.7717305056347,15.577993073889623,2.04025505857395,2,4,77.4540974177134,76.80881910302097,audio,Cinestésico
19.415946247198978,50.27228928462193,74.78613265897307,21.670708460984457,6.884560339629989,10.502701264522182,3.0,7,8,85.55365546750707,99.90953554047096,text,Visual
93.48318450572428,40.694274975051236,0.0,36.419439398289526,21.573465676730777,3.6235320226565513,11.0,27,33,74.77799776564676,81.04024949622223,video,Visual
75.26175069689802,1.1202528724496676,57.364677186160066,55.84612076469375,29.765065890631647,16.720255543547648,10.0,2,97,74.84452846356426,88.28740453685575,text,Auditivo
12.564278939036,53.09951168443379,164.60596475417793,54.58884775112628,0.0,23.58693265955978,5.47652965566147,1,35,85.68161034875985,74.08954279273158,audio,Cinestésico
86.85114942228347,87.1274047940922,61.92684166761022,1.158423419064956,17.95067525758392,21.95658014922737,42.0,20,94,84.61360359818813,69.48836393649806,audio,Auditivo
45.508168449496814,20.122746503302935,108.61261502187804,38.656082757527095,20.200970033495842,8.522116260881507,19.908356153891983,13,19,90.83936440963484,64.0517414509918,practical,Cinestésico
64.40379035956649,48.403830857899834,158.61748320642272,47.84889329241067,12.98042701704878,4.990176676978594,9.0,19,80,61.455134840214356,93.12724069272662,text,Leitura/Escrita
108.36661884766272,32.481143328851445,77.66373705495913,32.327330142980344,23.852126522593544,12.726496942761772,26.0,28,83,84.0511918316939,68.63128818365584,audio,Auditivo
86.90517947596595,41.95340753496671,40.536242884614666,24.025754496861772,38.46999548639773,27.542332078365312,8.201259707556062,20,91,81.01580045402179,87.47186590125094,text,Cinestésico
83.76297407415322,14.710031860900688,0.0,31.763829448308034,18.667212847708445,20.164784631676365,14.0,21,84,66.14347602246735,78.82287202071728,practical,Visual
33.264233237541376,4.137870949308464,164.3872254008321,53.21443825853796,22.054864275600202,20.63171741435387,41.0,14,82,88.64774575940231,93.17383917939821,video,Leitura/Escrita
0.0,58.10079721601418,41.48353990117582,21.315723639766155,21.143087530592478,22.11885561428396,30.0,2,62,85.51121747757998,100.0,text,Auditivo
38.42540042272739,37.52542107450328,76.16526581606922,16.554486782622288,34.492170184566156,18.36613250014869,32.138269670489954,0,66,66.708410775146,63.13469940309663,practical,Cinestésico
65.2262293571178,32.04640612770792,26.256288114372254,23.269564760707738,9.106573622878937,15.964868380908628,5.0,14,29,79.42562429022807,74.407513038307,practical,Visual
30.384614185464482,16.31938883554881,106.3562934812237,49.188015432413685,31.084446017228927,20.298455173183743,32.0,19,68,95.7400502716625,87.73131863803225,text,Leitura/Escrita
72.36722785028107,32.00201875737726,71.18016692153687,38.98494512526396,22.95195368158836,10.630671166255842,28.0,21,69,64.28980437468512,97.84731331745638,video,Visual
75.08100296602302,45.38589505161468,79.40077533655042,42.8002346601022,23.948814900025777,3.6842959090694336,20.0,1,2,73.57714307554852,94.66410124451026,practical,Visual
53.25432054575764,39.10213939754926,48.933635117759586,39.60509112664977,11.934903709744178,20.783975476994584,29.0,17,48,85.91081593817815,74.26244449595625,practical,Leitura/Escrita
40.49992257529621,77.9703346061976,111.89188320664732,34.25766850954105,15.407796020107593,24.9019048459938,20.0,0,41,67.03868494457045,99.87534161023368,video,Auditivo
65.05964015900183,26.59769599091534,78.39414308291292,58.435492651139114,18.238658022892217,6.054144485151749,35.0,8,23,72.09336795533254,81.18049466689774,audio,Leitura/Escrita
113.61418098774851,63.43435829432319,11.393568884136414,47.483923427161926,4.658753065511485,21.575371859327202,21.0,2,43,73.64955398137226,77.96199269187368,audio,Visual
27.28802767671462,16.476533268904387,81.02189416723436,37.3732561383392,3.1196567480232176,28.44612570710552,45.0,1,0,91.42777700105324,77.46851499957054,practical,Leitura/Escrita
102.3279713923881,49.75120594173437,71.2031358159261,26.68602412590581,21.349823790741798,14.982030385943032,34.96397330609018,3,53,81.4373400119211,67.96433103771167,text,Cinestésico
57.042356031472146,63.637821859199235,121.95106301637223,55.01503735809514,25.2252076644239,8.45598252206603,21.0,15,51,69.87093867118328,95.90941358554105,practical,Leitura/Escrita
89.98190833331327,49.618161854977906,117.67463412897777,12.754387906538913,13.468626100700591,15.984149388214044,39.0,21,35,81.52167885115686,83.81592900666813,audio,Visual
108.67067954199769,35.9495154587034,61.72429071424492,27.09585733446738,9.811948024092864,10.59572825439439,10.0,0,78,66.64060223833492,94.08539445295561,video,Visual
66.99648393790505,41.1328012614151,65.813313147093,41.16879597709695,11.853143467623298,10.066159120348786,46.0,8,37,58.89830202006566,75.2932685501782,practical,Auditivo
142.6080669222526,60.72175302092512,31.388546656841726,39.62920694165552,15.446575768546875,18.465472538172342,30.0,24,43,71.32856428952769,80.54093605999572,audio,Visual
107.43689450582202,11.540501494766538,98.7193726010764,25.945985934541664,16.461410371798962,2.170164199760837,39.0,7,81,86.22969371585735,68.04668414399093,video,Visual
41.626878760786866,20.59751479240713,76.45081724273362,33.2657730163075,51.57467212040714,3.448568620062183,28.3350493546589,5,86,81.55960552141373,85.98174602990566,practical,Cinestésico
70.84510575618305,32.04884469016557,66.77219830524106,24.777684545080103,30.546206284873183,15.154327042991543,17.0,19,46,85.9989164282452,92.99181252629184,text,Leitura/Escrita
25.688213780380146,64.75307515023997,3.336385728708777,40.552382223375375,36.81253877471691,14.821531688700551,45.68853735342506,17,28,70.83294516408942,70.84032418634848,video,Cinestésico
63.256791173295696,47.59535272081792,184.77867345508153,36.798887986024496,31.685803642733816,17.748436616319488,16.0,15,50,79.0236292772051,64.5477088500133,practical,Leitura/Escrita
59.003100280666175,20.639084829795095,27.031201244037995,25.860728224557928,13.565146041545539,30.001803107867108,64.60801102118648,7,40,76.08784905860796,88.03316042737829,practical,Cinestésico
53.756494281823805,33.793845892301924,49.305269672060305,24.5741424585992,13.176508202224653,15.83611228860657,43.64009554634093,22,85,64.31562514154172,63.537586508937494,video,Cinestésico
73.47647870944189,27.71353711807411,82.54205788766012,29.056591996502128,8.931297084659434,19.785377202678355,31.0,27,63,71.51892654798702,97.61384040186073,practical,Visual
3.544528635070826,25.804220155329297,38.113747604463,39.793150423562246,33.34506133337838,7.195736515082944,14.0,29,87,82.33334522158411,70.95604877045379,video,Leitura/Escrita
43.538252767771155,59.57779117113559,28.950224192291486,64.97151770515163,14.52808211117509,21.143501308132297,12.0,3,47,69.0102688527669,68.96707257175373,video,Leitura/Escrita
62.78534703423344,21.442496274828045,0.0,24.07074677975729,7.4864381776071305,10.788873079114577,25.0,2,76,66.61551749102425,82.48462421131292,practical,Auditivo
64.79569175992201,87.60760920911144,95.23489335169725,53.89446144041072,15.69003799780187,15.571366660648746,49.0,14,96,79.10506791486381,69.61860714988562,practical,Auditivo
29.169745772221255,79.0590958940273,50.91848143457874,51.978157552220715,17.613944682853727,14.129210999446707,10.0,5,21,75.09511839940994,72.92888918706791,audio,Auditivo
97.97123522594103,88.21071772019211,172.45445323656656,16.626847652182427,22.68413273694562,23.263793879312246,12.0,0,98,71.91238208806617,83.53981932671006,audio,Auditivo
60.64572621327414,30.741209759494836,35.19757270291943,31.045564041439203,22.509510207120428,4.520187565000004,32.0,17,16,65.88572562462036,63.71118397453871,practical,Visual
89.08371601580211,37.001185618417814,37.74921417998775,20.240150679957075,15.616429101453546,0.0,105.85598880690476,22,85,90.76849825589217,96.42419245928322,video,Cinestésico
101.53406689491953,11.33696370950576,50.21124604001095,25.10028655217083,26.85656392513711,13.292538423296604,36.0,10,4,66.62020785320682,88.5112751168364,practical,Visual
40.61318070468591,44.69646343384505,78.50971292984713,60.03641201467195,13.60806466249842,18.748250055240995,37.0,2,60,77.51592807261737,67.07033987596472,text,Auditivo
199.302007052471,49.873096952863015,53.5428831425141,25.38642874326301,18.43723663294957,16.21815500646,0.0,29,88,70.12130911926205,77.01304246624402,video,Visual
24.190895047305595,65.92126123562792,91.43162749008792,35.40339055616143,40.03867901457495,24.85763389931129,80.76712350524011,12,5,75.36279292638335,89.91646378260802,text,Cinestésico
87.57462520830005,17.856863663950968,46.21407275483565,65.52409119542112,13.581785960556587,18.498981393437347,26.0,16,52,91.19028303146109,86.01052935074104,text,Leitura/Escrita
90.01746954128934,32.68988126029468,37.13943887577921,21.359843918569613,14.306485764188626,10.48921334512112,35.0,17,80,70.44810996602247,93.86780657285212,text,Leitura/Escrita
39.881393727700654,59.39516162503906,7.0624841206812405,17.173567883861928,25.91668049693131,0.0,31.0,25,94,74.93383755846511,73.17257155195765,audio,Auditivo
170.72776854150646,12.084215956150295,0.0,11.909664428878216,11.422668233949805,13.101502126438254,40.0,25,16,86.90728648979845,91.79651960729251,text,Visual
79.95612516725178,51.826984835168005,51.86758431837301,16.710438991533344,16.152079763959293,23.223672018062384,14.0,13,58,92.61501893492003,94.93897456635247,practical,Visual
68.66080887839571,25.52019336514782,59.46568906623723,0.0,34.46357201118513,11.863617738663084,70.93048881181917,24,96,73.69986026744868,86.95267500252237,practical,Cinestésico
89.43175364668613,36.09219297645952,47.899704038088586,38.16873601190442,40.54092441435975,15.226562109422114,5.0,6,38,75.4168120721691,96.84151827258033,practical,Visual
71.80300615539127,30.961012561762445,113.51920290155067,60.81290761884105,26.05404504762747,18.37088203445367,24.0,6,53,97.11333028601533,78.25946021162841,audio,Visual
84.32424819479346,24.213229885606513,112.98105733628472,32.217311085547905,37.776287315486236,6.877661006001473,92.07495145226727,13,47,86.34924281599199,78.85829732239519,video,Cinestésico
83.80466161656639,51.03381658749907,58.28189543944244,8.75596710989089,25.308015836727296,19.98588717311054,17.0,25,36,68.82715430744781,73.89850254419855,audio,Auditivo
7.544040802854575,35.687808428639556,9.88445224613931,34.7638751041948,9.268097259329506,28.096974320013643,21.0,23,47,79.00259109759757,79.47388126643624,video,Leitura/Escrita
165.93069786762135,32.56284235442669,50.16532121807315,23.116847324625045,21.15596738679908,13.61749318485275,30.0,14,67,84.56549461787269,92.99183672992613,video,Visual
10.125240358929773,44.50281668605452,49.00625121290285,14.736228341799364,19.702335116635982,5.967484625341585,35.0,11,77,64.8896286995427,63.45964499739298,text,Auditivo
109.98009266303538,46.39049341565911,47.00027632026797,42.90273957592735,23.215845403727563,14.46719178382421,8.0,11,76,85.87726751338853,97.46634143313592,video,Visual
93.8011541048275,124.42054898423558,45.57983836356143,42.153900665630005,21.165080524758707,0.0,45.0,7,26,78.34299963751009,68.60817875736251,audio,Auditivo
27.27100709354405,59.814245968747045,47.12879864963175,12.668223092735104,23.796996774171124,17.69522611181293,2.0,15,87,80.17720764027072,76.92629680302768,video,Auditivo
47.67557136136246,59.922364298222575,56.47104344357841,40.87621566671262,23.17680950465039,18.61819502118863,52.44786829236716,8,26,72.43266196519947,92.43941924966124,video,Cinestésico
26.828859945421925,21.455647304398653,47.756061541455516,52.902189953658976,20.586089173717927,28.405090350764496,26.0,1,71,68.7017519575359,83.28009717983406,video,Auditivo
53.55236909133794,52.36562949604315,77.29128780189572,58.5383730784434,7.721714339430079,13.448041659467,42.0,13,62,89.6199283086832,83.3952994826366,text,Auditivo
50.75897147442776,18.052633620578668,133.81796963187483,108.25596529328263,16.800927219970863,18.26788270517176,0.0,23,51,82.74255937040829,68.19373954704889,text,Leitura/Escrita
83.3898159680802,10.461501449361972,61.65865767063652,24.908347003022833,33.908335481766436,8.10969518091279,43.0,23,46,75.77739439637226,69.55914064176159,audio,Leitura/Escrita
144.94863124380652,25.212571850819273,114.48728641024617,72.36330639592805,23.188083396282558,12.148583035799371,8.0,28,20,74.1986293212019,99.33192311541124,video,Visual
101.87051432369869,63.83798668827146,61.96153637705186,34.626697066610596,19.790789626169232,2.7985165067024163,4.0,15,56,82.48483791694566,74.1085645451561,practical,Leitura/Escrita
43.13495920265093,59.00031657339291,16.898293151198633,30.505506838541564,38.96123276254347,13.441683029734115,14.0,4,74,72.28713967051765,75.0508812670015,text,Leitura/Escrita
53.72334378766416,44.860094441087995,128.34736169696762,58.60162175772597,6.391650216989209,12.557526771851482,49.0,4,94,75.04105143293468,89.63951251054712,text,Leitura/Escrita
9.496854233371494,9.345988802201383,41.39071529549811,21.269079988604815,14.913315426047777,17.39359812871117,15.119670862249443,19,90,68.81967926093942,69.50086454630473,audio,Cinestésico
35.82389800511434,63.524049064889,81.24520147650858,35.98566210969789,37.127114112762726,10.011224957338886,44.0,29,41,83.45280304606848,82.69235132886259,video,Auditivo
132.50684674366914,46.03400017803471,0.0,10.198842183940474,20.45960936048934,15.666762807800735,27.0,20,47,66.14037432000111,87.68255010536842,text,Visual
134.75221531819395,43.51072459157196,118.73595795190737,26.418710969048487,17.574169637102063,12.332959555138675,12.0,17,26,57.44232142241946,86.92547513261538,audio,Visual
22.969533843602342,3.1241283303850835,145.991033874469,75.36454717200252,8.007956749043569,12.348004893603886,23.0,17,71,59.455229505848386,74.81564368122496,text,Leitura/Escrita
55.69670981699264,22.193643039602563,17.483320779294942,29.14408062853266,24.47696266395012,15.642898607704241,44.0,4,32,60.296198653242826,83.39781249719819,video,Visual
59.20782729123219,54.06328624494179,18.242800665380003,32.12393680109824,25.44459869527462,15.32418353853608,9.0,10,75,88.61538202848111,69.21635836205135,audio,Auditivo
68.4048347645882,91.13019007202945,128.52930664341346,37.12887907075967,9.055056391651037,21.089392312413107,41.0,12,34,75.16206599484052,84.82665026041306,audio,Auditivo
35.711894402350616,0.0,76.58448403622873,75.2759934053995,18.59724414449572,14.034855726961322,21.0,2,97,88.5406802571846,73.31850808483264,text,Leitura/Escrita
72.7218313339227,61.9198164798466,40.80353029435817,5.171629317158505,16.64484167966934,12.200917207015975,38.0,16,15,80.36487727121329,89.68744621167252,video,Auditivo
45.78481958787252,42.86097539757905,0.0,38.76786077756152,38.56195728118438,13.553540439302191,43.8121366251585,24,35,75.5618391839232,77.75444958409346,video,Cinestésico
59.566431873651624,56.99223977032426,57.722762803945606,25.97791291137355,14.380272599969569,9.28268706527206,58.3249506902376,17,65,74.25218703348692,69.41549510578962,text,Cinestésico
76.38852744011099,53.857151684748736,97.81567153208678,42.18567247316401,32.51947454513157,12.120711251466627,38.0,13,75,94.11465842456079,77.62186117851579,audio,Leitura/Escrita
60.192668094328134,51.651426376176104,156.1356092953059,57.31692335117163,29.158237815976044,31.24926970458585,19.0,11,90,84.22647448335692,75.89142800863526,text,Leitura/Escrita
46.90842328420294,42.5253583592592,21.032255013543356,12.087200228822336,16.36824441267184,7.6985699144330635,9.0,13,55,88.99097479263415,90.09103411728053,audio,Auditivo
71.72176077910045,1.8399572575338468,16.789962271578666,14.810333378353658,17.83581288361629,12.770749328965525,9.0,25,16,81.20829945289866,84.25890193002991,video,Visual
69.87525202845652,32.13894485877198,85.7836922171767,0.9685506042929077,18.63577849722384,11.900090693842477,25.0,17,19,68.82203726518972,85.47609081360422,audio,Visual
76.33447783670844,60.0326365041712,105.23555249294728,21.762615873543353,12.216914469934967,13.022627102044805,24.0,29,84,70.02865976130064,100.0,practical,Visual
52.236118119986926,67.86909055048864,15.00966771087409,49.956485165682246,20.634221873554022,12.35008552897284,62.291121682565,19,93,67.72535193545721,85.08267321463349,video,Cinestésico
107.95941511514151,85.20768590264733,107.85299302049094,28.191192172897956,17.29729632325391,17.233920809767998,12.0,1,83,87.17548021950715,96.62706016003497,practical,Auditivo
114.30321358480528,48.58681645603468,71.31396445203875,9.898126565178213,36.12868370707128,1.3185991888656456,14.0,6,7,70.94949047054448,100.0,audio,Visual
51.13559045912519,63.539724224242946,108.21318686761259,22.714818831374295,29.466183083304365,23.297371780256036,5.0,14,17,67.01527203200368,71.12837411637145,practical,Auditivo
80.90863213532207,43.88374337116345,67.54228734688343,7.682074447640655,29.346547073366235,20.060662397137577,11.0,27,17,78.1977804112682,89.89950854400108,audio,Auditivo
49.9854153073197,37.3987941289276,0.0,17.339709252343958,23.699256130043903,5.057027311494922,18.0,9,17,79.77087113187409,95.25303292074591,video,Leitura/Escrita
95.19373912759923,73.38139051652662,92.65495940976446,62.31998829621813,8.826729910687654,0.0,31.0,14,1,82.16026423571532,95.3281313232342,video,Leitura/Escrita
71.08926576594281,21.148839884162474,107.10503365349444,12.391900105409569,23.52749024392283,7.183422830868791,16.266446422043412,16,75,93.89813903893844,89.88095983576687,video,Cinestésico
56.78093567987313,72.29557581419704,38.71888933207,46.689514578049526,41.7080143576801,13.05866830858302,85.20042106212378,10,95,84.1307080592886,89.67522994909176,practical,Cinestésico
73.43150777430833,33.55943691015883,98.33322575310899,35.69934163673544,7.4173537063271215,35.6423351895262,32.0,1,71,85.15441870470868,76.9733895632445,video,Leitura/Escrita
12.873715437945023,87.47045631770104,63.835327375715764,31.283920559167882,26.365532068732644,19.346055719794187,1.0,26,50,60.91576615793991,71.62617915650425,text,Auditivo
26.19697593270584,11.863699810049233,0.0,41.80707379766115,43.226092252627666,0.5392828065483393,14.0,20,9,77.97737122900658,76.47782681102544,text,Leitura/Escrita
35.24194296982071,51.71808402329298,128.49716514031167,41.59271757815585,30.618166459897317,9.48275596079245,35.0,17,74,82.11046102545303,67.48030154139549,audio,Visual
64.2882928429112,25.26459728104756,62.093383467096714,67.86691448502931,34.14029135561987,14.574300509816133,4.0,24,13,68.40824610062612,93.42795315421705,text,Leitura/Escrita
111.97544998455277,20.66089322971081,87.70074013654796,35.02581527868257,22.183387504421606,17.029468434384775,14.0,3,25,96.40970296330354,77.16707040582288,audio,Auditivo
126.93900438577897,44.37068084821891,110.49886407820603,67.08889900166234,29.6793194876499,4.482009117516617,42.0,8,46,82.19215185871919,92.9133072906496,audio,Leitura/Escrita
79.14153304322272,83.91718338302935,114.01666697257761,26.818654951193615,12.821467856459645,13.920078176183509,9.0,26,29,75.48848393209485,67.685004227784,text,Auditivo
75.0253342483337,23.101171228130074,84.21196428498283,38.13304510363573,42.95993596270234,9.258886899115675,26.01713610382987,27,55,68.33354807042022,90.8262492100221,practical,Cinestésico
8.930434239647177,10.019680790831977,61.77765049676589,24.9318333678929,26.543881340607633,6.169931499181468,33.0,16,41,79.96737756775718,85.29740446412508,practical,Visual
43.71978600797935,38.163104713300896,47.052152669301606,37.9437961312102,22.89911174037663,17.07676517359163,23.0,16,3,70.31193756991962,67.15630591690825,video,Leitura/Escrita
60.48729697580021,38.25129342445638,97.92477454837486,25.88034375950554,33.16007419718498,21.19101738754258,9.0,16,10,96.64892589101457,100.0,practical,Visual
54.56838225882044,50.966392551089974,4.429554361588416,23.141721910212063,14.612151621526113,21.728330215692957,29.0,29,23,88.17351304652011,100.0,text,Visual
54.955685442456314,58.991891427289765,92.60616470965624,19.663323034173146,31.158298499731526,19.59509080907101,4.979491349815844,15,85,84.84296445197046,82.11792420185785,text,Cinestésico
45.83728266908618,59.84010447535658,31.533433695579454,37.015351557883285,20.954620413582965,11.021043734877898,36.0,19,66,61.095709942101905,80.33937885134964,text,Auditivo
0.6210056887263704,128.20028319730048,113.8299281684824,49.65908869220195,9.703890289105994,20.716398091708047,2.0,24,36,77.05413270457751,84.39510018819118,video,Auditivo
82.43730768352602,44.48469489070584,75.64548399319433,47.56652957504339,33.37680249089734,17.4724355048343,59.74794222859599,7,1,87.09086398014004,81.9462857791741,practical,Cinestésico
42.022637788151904,33.07146987986201,92.54433187475381,11.151519960818469,2.8106958704615295,16.071535063616107,4.0,22,11,80.9310539935774,76.82995198850024,practical,Visual
67.17740592333449,7.76865281794344,72.86960848386518,49.3380457711031,52.5596428915569,10.106455026385614,65.71576556892417,14,20,64.97890895366226,75.87947730215078,practical,Cinestésico
168.85054806391173,34.746809593676645,8.666801670065112,25.227622475731067,20.466373665659656,11.024990981267774,43.0,0,68,68.49906244691344,100.0,audio,Visual
32.418462252407295,33.272261091777274,39.874479281163154,39.01099522718388,18.88770117686388,15.591095488996432,22.450475166431794,18,70,70.4806386199401,100.0,text,Cinestésico
0.0,59.206095925629405,93.53362681639838,16.406770019291834,11.656263877048785,34.51899573588401,38.0,24,63,68.96562165511392,100.0,text,Visual
91.4666238360666,49.24967248133708,75.83295360759453,32.12969870811008,17.654209703808124,17.40993984073112,10.0,14,67,90.28778835710307,89.02139831288433,video,Visual
93.02878904995714,16.412617567347656,136.61710212929745,43.38264802019094,26.882597107724138,10.110491981997711,7.0,8,42,59.00716677314821,76.62250967298066,text,Leitura/Escrita
118.75042362661782,43.44508772822075,84.11460970630101,7.73092812120521,39.79932130876428,8.340884440244459,73.99573119764143,4,53,81.55919139658836,72.01814106103033,audio,Cinestésico
28.035969824742978,53.430623434581065,36.16543382540691,39.12400749516284,12.94462052721539,11.065867098750378,7.0,15,99,62.076966250715486,82.76702065886633,video,Visual
74.90097669709564,70.56062718775665,42.13775517977781,50.18902511757473,18.51853223128761,32.41834758039252,18.30864872662406,27,61,65.38748512548932,74.46732341313239,practical,Cinestésico
46.0406862965984,94.74824017366197,73.6021086683133,27.38028081477558,26.568987063196474,11.805946832432303,14.0,12,85,54.90266633131283,100.0,audio,Auditivo
56.82154937087593,72.94612121793304,0.0,50.402521962420195,12.776525953849706,22.25496427688228,18.0,15,92,69.50945568841134,98.062822963826,practical,Auditivo
139.33030041051103,56.442025858723724,128.57046599680447,27.154597598213886,20.599097740795035,11.992574036229149,47.0,21,72,90.10731651539214,87.46278389935394,practical,Auditivo
14.910890148145405,69.43609677733492,85.46113577321451,42.74376796569926,21.23754642524277,17.08947633023703,45.0,10,89,77.64824242464778,70.39386823587174,practical,Auditivo
67.6121898448372,92.26587051994397,112.94621089671054,0.0,23.120621317267386,21.333962192069777,27.0,12,11,63.016384530009034,88.93055926711037,practical,Auditivo
74.030795152963,17.88519093055296,14.678862071679085,66.28166668970195,28.582704301818715,10.424777201520609,6.0,5,0,85.17147674379312,77.61382971489395,audio,Auditivo
92.57358974818041,33.01121345566088,139.21813779271875,74.68131915769987,7.370370631326772,9.871106766777842,39.0,25,71,94.70186435606983,58.46990561355879,audio,Leitura/Escrita
62.939494604126864,24.548625024875186,203.49190116223127,40.24368750221437,0.8884067473951234,28.27095755564264,6.0,19,32,83.67748883543183,82.8710063740126,audio,Leitura/Escrita
69.24151618512307,61.97027863597683,23.769257561793886,0.4186646003427299,14.325527187716483,22.876743159166374,29.0,16,63,95.3474915815259,71.58086959165945,video,Auditivo
48.25054297734627,64.60444351301575,155.5547990579663,44.6028248801353,38.01528407832186,21.325378549525826,17.0,4,67,92.49745049952928,71.91946570909963,practical,Leitura/Escrita
101.71741752862661,28.060514265578522,70.03884806405526,8.341116793893647,40.221741000873784,21.29821034498331,23.0,28,13,81.82652507292588,87.0514631483995,video,Visual
49.704231735077684,0.0,15.944815311311451,36.67280306336232,48.0082017040412,18.676603906488523,12.39755618546443,16,92,66.9662129283371,75.01677027057588,practical,Cinestésico
78.64715669568153,40.85259871777965,87.25093901481544,36.17348578746423,18.070186322393106,31.14220650540052,3.0,0,13,81.2739848562134,79.65743180895991,audio,Auditivo
74.0161452118603,58.269474640348136,99.1761121693072,15.878952464969627,2.178849180151712,15.351266415017255,2.0,26,8,77.16791277604493,83.28878987384881,text,Visual
71.31301181706559,74.87854575766262,48.96057065659036,46.81450535421567,0.0,19.618098937607357,48.0,4,72,80.19829002671027,61.241909071523686,video,Auditivo
59.12211558945065,63.57582420389468,110.80707820893281,42.0836205420926,13.85961838450589,3.3926965712478996,46.0,4,25,68.1541438085867,95.20277988882833,text,Auditivo
147.24184309630056,34.4001339625104,11.66328076237808,44.637350059328455,18.0192636985064,8.400314507270073,5.0,6,48,76.28098884358987,75.636444909469,text,Visual
58.45818829234541,14.419385275604274,25.712976935079457,48.32710484499003,33.00625401055959,5.393448001319676,25.0,15,16,72.95128242971829,70.47601614869527,practical,Leitura/Escrita
6.809025953793558,50.305886432489345,113.99477583496538,15.134154543003053,28.678054595424456,25.192508668129193,43.0,17,67,60.641900788056695,76.71446748209702,text,Leitura/Escrita
150.66141609586296,23.314363799307504,70.88848472902951,44.66808408316707,22.274050789916206,0.0,37.0,5,59,84.98304568578384,85.66605330736381,audio,Visual
32.82803097412143,83.68193466760913,71.28357486184026,41.61783285690177,11.101552290588582,11.781519817978218,10.0,1,2,67.04890468222266,94.5897981683184,video,Leitura/Escrita
63.74381126183029,51.41014416709032,98.33580525901601,9.153297852109965,10.392204417551097,0.0,28.0,12,92,76.07186464782416,90.20429657043017,text,Visual
55.39753018905248,28.38703394892098,88.58130099755823,50.28059048961489,22.541276870714356,8.34969683614488,19.0,9,24,78.3300212944904,94.73195566667772,audio,Visual
101.23314279512452,40.13113148739821,100.03486748269056,61.49111280753764,26.970509788397266,11.072408402145069,9.0,20,20,78.26563015863054,82.74536187583281,video,Auditivo
0.0,38.14111586772823,65.69022476267064,29.381278065311953,23.918812622455846,26.078968750352352,25.0,19,11,72.1692092640175,91.17819153583274,practical,Visual
154.1324560097998,42.968965931417884,91.09030937924193,62.38681731904938,9.654020403933451,18.173023513771657,47.0,10,53,77.71211475279974,83.09729503087009,text,Auditivo
91.68170427198156,62.336675510599086,54.40223939395019,31.369720929170246,37.94294512856714,8.33486781336827,42.59249241684064,25,0,79.70967069785162,60.67265857431062,video,Cinestésico
105.97520422635789,43.728323394880924,141.88365415303085,24.293161437504732,24.259109671014116,23.52770975785461,49.0,20,0,82.34964815751985,88.87434246845658,text,Visual
58.35317998151141,25.367365221829438,41.5608980457305,20.543123187217837,16.158526471463038,15.14265803623806,25.147138588913787,1,44,92.33441339384262,91.62261110571157,audio,Cinestésico
111.18160286545394,77.80881370311565,143.68541003104093,54.55623611989114,12.156790296997443,15.30053486965802,35.0,7,45,77.34194151498205,100.0,video,Visual
75.63367285138015,40.986166630404455,99.71594957776638,28.24335744212924,26.884959745615667,5.378627937824064,11.0,23,47,81.68760592333633,67.9569106746049,text,Leitura/Escrita
79.35646757850171,84.22790838755958,21.85711886509401,41.02903964962481,17.65492464854109,7.079890288774886,22.0,21,6,65.93271034649906,84.23079960324353,video,Auditivo
76.66813398010345,27.835469851104815,117.88277726710103,21.612542474111876,47.20957052126983,8.399221600435805,42.40675549643952,18,9,79.35946323899337,74.28953422125659,audio,Cinestésico
62.687420437657465,73.06366266628804,74.40654859382357,23.095398561384552,25.011292760645762,15.371690185233517,7.0,19,14,81.67383103140568,100.0,audio,Auditivo
54.079847390780216,74.71529135700227,99.78934344330833,45.4537454095435,15.133688118107308,15.623085815845398,38.0,16,39,73.07696815718373,66.4621723920852,practical,Auditivo
80.43724805410255,2.2070141580769445,112.83495714899075,24.299447305659697,19.897943996090675,27.35274130819236,8.0,15,10,80.44612504184038,95.68093975705082,audio,Visual
71.82494102154,80.3055022092128,81.82844439507588,23.9280693086956,20.633833926377182,18.080441343502674,23.0,24,55,72.07483806450658,69.63192034838222,audio,Visual
94.01310290601194,65.81288921845095,63.84833287146675,65.7798137391231,12.7160968675829,0.0,30.0,9,45,88.49024681069059,76.81433331939168,practical,Leitura/Escrita
118.96554995725337,32.05609367708025,104.14996821842377,53.96095939832435,10.874118018223735,17.101135902973525,24.0,4,44,84.12602314029743,89.87632900193786,practical,Visual
0.0,17.95460519088289,96.61664911253563,67.1947424158172,27.013898938094993,3.399869150659738,16.0,13,86,94.41876887761389,90.69691681739607,text,Leitura/Escrita
97.68075809721194,46.95123227607104,94.00502365129466,20.178453365640763,28.452732970420957,7.2722326031077085,41.0,23,12,76.17844326141301,77.5036462762021,practical,Visual
65.84208584156325,41.73395398828793,0.0,22.340872510536308,39.759466219303846,8.50264422618936,65.28131586182329,18,26,64.60031848382948,86.63383048847385,audio,Cinestésico
59.438737306623075,47.11337897126459,139.35900613727023,50.08066093165457,35.15318094323802,9.693293411901585,2.0,3,80,78.845927243795,80.18777723387947,audio,Leitura/Escrita
84.36427928435528,43.83154792388179,47.649496119923946,34.813950928884864,14.58226763988398,3.9988048636775755,20.0,19,49,80.95157323884729,88.19210660496356,text,Visual
93.7233815995804,50.12481978611852,127.86583730124858,15.182011347903423,62.3982718518926,16.6278560276183,12.670989786102446,15,60,99.48812305740228,89.58332714685142,audio,Cinestésico
88.42579386368574,68.94611398783613,91.80805717611833,40.84556909369796,17.509929029676965,3.7135817192723266,20.407788218658435,23,12,71.59279228467918,67.17443306994713,practical,Cinestésico
36.81366996529172,82.80871991949276,78.39502110472539,31.282699944593986,9.873144366315072,17.853340857998774,38.0,14,11,79.5583767838814,88.10594973148592,practical,Auditivo
72.21156861373605,19.006890021801176,154.61669811279063,6.26508100537547,2.400411178507497,32.89576861649304,15.0,27,28,76.57987122178929,74.31095146910576,audio,Leitura/Escrita
30.85029796376142,67.25125705424904,35.05457014931486,16.06610276308904,21.99467343578278,4.3651275285274895,26.43732449774163,8,84,65.260329557509,90.95873454976825,audio,Cinestésico
18.611455056332083,127.46743362190212,126.81398416848188,22.438069895225045,14.962776631705463,12.723917565286223,30.0,2,83,68.23684136422638,83.3455763453788,audio,Auditivo
41.198483262301046,103.0411346902417,139.69796464459165,28.907134667384174,43.26580116408005,0.0,19.233388616632027,22,19,54.175280232973286,77.90471618482944,text,Cinestésico
85.87180417148276,25.762436561744934,83.75197286918757,58.33918193255994,22.43890941620451,12.592517656238934,37.0,8,30,88.53435062907751,74.09974030909179,audio,Auditivo
88.5937513612826,61.624674289333036,125.66412490007735,33.572569592094425,8.070266289808632,20.14173722105187,19.0,17,7,52.698697470853865,88.23294994355331,video,Auditivo
75.39256260291879,0.0,50.07981304646131,17.388421651520623,16.072737615741826,20.765113850858135,45.0,3,23,72.36171769599368,92.60951685480927,audio,Auditivo
81.75287360543992,51.06298312758418,75.4529058842953,47.507974938495515,16.285379789123144,15.618909842272773,44.0,18,74,69.30440304089475,74.67148459139815,video,Leitura/Escrita
75.48534861344875,47.50577446808492,71.4323662055123,24.718683788191786,2.240177530381075,22.114107398071805,3.0,23,38,66.15619784637795,68.66993434218602,audio,Auditivo
58.11028204503886,78.46891589649906,85.22293634287645,34.87137359300313,10.190532729866305,35.36843628754234,19.0,3,32,88.76522659738669,98.4067273499534,text,Visual
72.95767634021821,24.50770059962836,56.21046615649078,38.70851530553422,15.864891126084876,28.698437499500795,72.13621304782876,8,41,77.01066990031391,65.514690579663,video,Cinestésico
84.01228575683047,9.406860979338262,88.82188666289693,48.13845970835907,34.33625019820946,10.819832564722905,19.0,0,14,65.34603840818299,66.94487562417028,audio,Auditivo
105.34259215476334,30.574725185949607,80.72363187256948,29.63570256494961,21.914507159573525,3.3911681082660916,10.0,0,67,69.1048286750349,73.16673421511268,practical,Visual
95.66740114423928,0.49024457565725044,35.05926286481308,54.584407913997495,35.350231309282364,11.750788667409571,79.16856599068062,19,64,67.34518779557914,75.8454951696125,video,Cinestésico
81.24911541603191,55.0219890901462,88.15775561081024,43.62033993804287,6.8039070974237,7.424137875061215,0.0,18,31,74.5645432792112,66.63668110784555,audio,Cinestésico
70.54344622624748,0.0,100.22348848825324,19.38840682781718,31.942144830139917,18.61078038291706,43.0,2,10,76.72891684787693,60.61200090618422,text,Auditivo
92.10450714949283,40.569151623663174,134.5681972061841,79.56223536442381,33.01102063024093,5.550451684564015,17.0,9,93,100.0,68.64555805662877,audio,Leitura/Escrita
59.2043622225282,0.0,110.34268361415923,34.90491769905147,0.016550328553741167,14.417420539277263,38.0,11,36,55.83699234002293,86.42474446572619,practical,Auditivo
33.54376046316847,33.594043909267164,45.61993707753897,28.838838007553484,12.946832760841518,21.704112436290483,43.0,17,18,80.78063623165735,67.28455927873233,text,Leitura/Escrita
55.10799108168708,72.86756311609068,86.3782647746148,54.79369576845633,37.98689332558175,14.194433017462584,65.0688102608164,13,50,71.84432307465478,76.5973032204583,practical,Cinestésico
37.652920655806525,47.2129578287159,29.040175276112883,61.166663777976666,44.450512680149544,7.429489418017629,64.30184047107346,9,99,84.46548527716783,99.46698462365562,practical,Cinestésico
